policy,threshold,interval_min,Metric,Summary,Cases,P5,Q1,Median,Q3,P95
original,55.0,1.0,absolute_state_discordance_min_per_hour,Phase-averaged case value,2435,0.0,0.0996679500984759,0.2821670428893905,0.5922064777327936,1.3076820722868816
original,55.0,1.0,low_reference_normal_display_min_per_hour,Phase-averaged case value,2435,0.0,0.024540410799852384,0.1202928870292887,0.27550980976670747,0.6302253191150007
original,55.0,1.0,normal_reference_low_display_min_per_hour,Phase-averaged case value,2435,0.0,0.07249661660556847,0.1624815361890694,0.3201471164983902,0.6687072107947487
original,55.0,1.0,hidden_deficit_ratio,Phase-averaged case value,2254,0.2646306204063986,0.5500920785657759,0.7236077250941175,0.7989111630119805,0.8333333333333334
original,55.0,1.0,overdisplay_deficit_ratio,Phase-averaged case value,2254,0.196151042438005,0.4167768959435626,0.6061749571183533,0.7597963192721257,0.8333333333333334
original,55.0,1.0,absolute_auc_disagreement_ratio,Phase-averaged case value,2254,0.5173889702293802,0.9993342210386151,1.3045622250603093,1.528759820426487,1.6666666666666667
original,55.0,1.0,net_auc_bias_percent,Phase-averaged case value,2254,-40.13567138567139,-10.459148196436331,-1.7763568394002505e-15,9.473903143468002e-15,2.0132044179869506e-14
original,55.0,1.0,absolute_state_discordance_min_per_hour,Within-case phase range,2435,0.0,0.21304930961495727,0.3286670724284844,0.5215124844180863,0.883656911040277
original,55.0,1.0,low_reference_normal_display_min_per_hour,Within-case phase range,2435,0.0,0.03146303093864709,0.13377926421404682,0.2905570899994788,0.5730769230769215
original,55.0,1.0,normal_reference_low_display_min_per_hour,Within-case phase range,2435,0.0,0.22222222222222224,0.36275695284159615,0.6013530821040577,1.002708060983316
original,55.0,1.0,hidden_deficit_ratio,Within-case phase range,2254,0.17912099779617957,0.46919879062736214,0.6852892218060758,0.9182837069253931,1.0
original,55.0,1.0,overdisplay_deficit_ratio,Within-case phase range,2254,0.24952099939959066,0.8239452593376682,1.4938796835348558,2.523977604673807,5.0
original,55.0,1.0,absolute_auc_disagreement_ratio,Within-case phase range,2254,0.2551204481792718,0.7395023696682465,1.206495636384935,1.97837646224743,4.0
original,55.0,1.0,net_auc_bias_percent,Within-case phase range,2254,42.16661493093279,120.6858942114224,200.86757395788732,319.746835443038,600.0000000000001
original,55.0,1.0,miss_fraction,Phase-averaged case value,748,0.0,0.0,0.0,0.0,0.0
original,55.0,1.0,miss_fraction,Within-case phase range,748,0.0,0.0,0.0,0.0,0.0
original,55.0,2.5,absolute_state_discordance_min_per_hour,Phase-averaged case value,2435,0.0,0.1217369950671972,0.3842908146705615,0.8508731802057752,2.049688143521764
original,55.0,2.5,low_reference_normal_display_min_per_hour,Phase-averaged case value,2435,0.0,0.0214684244309485,0.15255530129672004,0.37920622084750666,0.9926035075901537
original,55.0,2.5,normal_reference_low_display_min_per_hour,Phase-averaged case value,2435,0.0,0.08679155031544109,0.23529411764705882,0.4745849297573435,1.0904495800227005
original,55.0,2.5,hidden_deficit_ratio,Phase-averaged case value,2254,0.5076147588348954,0.7882585675219643,0.8807708246995443,0.9166666666666666,0.9333333333333333
original,55.0,2.5,overdisplay_deficit_ratio,Phase-averaged case value,2254,0.3404337668593449,0.6219429433203468,0.8003405309186595,0.8956464829786064,0.9333333333333333
original,55.0,2.5,absolute_auc_disagreement_ratio,Phase-averaged case value,2254,0.9402623765544014,1.4022126182033097,1.655863965991498,1.7992507519824994,1.8666666666666667
original,55.0,2.5,net_auc_bias_percent,Phase-averaged case value,2254,-43.15921568627451,-11.230592140486134,-0.7582633688828333,5.5659180967874514e-15,0.012089810017281427
original,55.0,2.5,absolute_state_discordance_min_per_hour,Within-case phase range,2435,0.0,0.5778407302486622,0.9466019417475728,1.5750507995405956,2.586492658971652
original,55.0,2.5,low_reference_normal_display_min_per_hour,Within-case phase range,2435,0.0,0.031520989153534074,0.14481094127111827,0.3910068841333678,1.079277560594214
original,55.0,2.5,normal_reference_low_display_min_per_hour,Within-case phase range,2435,0.0,0.5859784458972164,0.9698750918442322,1.6765586474110603,2.79095523088658
original,55.0,2.5,hidden_deficit_ratio,Within-case phase range,2254,0.34215757697176113,0.5408350255064138,0.7323504983388704,0.9454093170511081,1.0
original,55.0,2.5,overdisplay_deficit_ratio,Within-case phase range,2254,0.84019110031171,2.414944572334596,4.127308873118929,7.0,14.0
original,55.0,2.5,absolute_auc_disagreement_ratio,Within-case phase range,2254,0.9332458862083391,2.1364084764340516,3.728636363636364,6.34630750605327,13.0
original,55.0,2.5,net_auc_bias_percent,Within-case phase range,2254,117.8666340588571,283.61114137342486,461.53846153846155,766.6689963656695,1500.0
original,55.0,2.5,miss_fraction,Phase-averaged case value,748,0.0,0.11666666666666667,0.26666666666666666,0.4,0.6
original,55.0,2.5,miss_fraction,Within-case phase range,748,0.0,0.5,1.0,1.0,1.0
original,55.0,3.0,absolute_state_discordance_min_per_hour,Phase-averaged case value,2435,0.0,0.12481644640234948,0.39202657807308966,0.8936197864597912,2.2283690074889386
original,55.0,3.0,low_reference_normal_display_min_per_hour,Phase-averaged case value,2435,0.0,0.019423118404128685,0.15680323722812342,0.3917893379906852,1.0578297595841408
original,55.0,3.0,normal_reference_low_display_min_per_hour,Phase-averaged case value,2435,0.0,0.09080893409781035,0.24703722250041724,0.5035410646578362,1.1828952608522498
original,55.0,3.0,hidden_deficit_ratio,Phase-averaged case value,2254,0.5610598978875037,0.8190809880619075,0.8994561201265111,0.9298699334543254,0.9444444444444444
original,55.0,3.0,overdisplay_deficit_ratio,Phase-averaged case value,2254,0.36287453096325434,0.6593974286331014,0.8284492629168456,0.911111111111111,0.9444444444444444
original,55.0,3.0,absolute_auc_disagreement_ratio,Phase-averaged case value,2254,1.0113889056259182,1.4701687201687201,1.7007800829479454,1.830546384609114,1.8888888888888888
original,55.0,3.0,net_auc_bias_percent,Phase-averaged case value,2254,-44.44444444444444,-11.111111111111107,-1.1019709318932491,4.2435191163450435e-15,2.5263741715914672e-14
original,55.0,3.0,absolute_state_discordance_min_per_hour,Within-case phase range,2435,0.0,0.696829504734537,1.1243611584327087,1.8773229962376012,2.933314719158637
original,55.0,3.0,low_reference_normal_display_min_per_hour,Within-case phase range,2435,0.0,0.03165409557738874,0.145985401459854,0.3922637174760912,1.187527872751597
original,55.0,3.0,normal_reference_low_display_min_per_hour,Within-case phase range,2435,0.0,0.7066166272334176,1.153054221002059,1.9726745581306622,3.1099168266154824
original,55.0,3.0,hidden_deficit_ratio,Within-case phase range,2254,0.3598893280632411,0.544788986103963,0.7330788804071247,0.9454545454545454,1.0
original,55.0,3.0,overdisplay_deficit_ratio,Within-case phase range,2254,1.0028384279475981,2.8649683649683646,4.942067039106146,8.434516963772282,17.0
original,55.0,3.0,absolute_auc_disagreement_ratio,Within-case phase range,2254,1.011950560305995,2.5541023141690333,4.551820728291316,7.761762360446571,16.0
original,55.0,3.0,net_auc_bias_percent,Within-case phase range,2254,136.06021049196377,328.65884924137356,543.1932773109244,911.6427947598253,1800.0
original,55.0,3.0,miss_fraction,Phase-averaged case value,748,0.0,0.19444444444444445,0.3333333333333333,0.5,0.6666666666666666
original,55.0,3.0,miss_fraction,Within-case phase range,748,0.0,0.5,1.0,1.0,1.0
original,55.0,5.0,absolute_state_discordance_min_per_hour,Phase-averaged case value,2435,0.0,0.13125593700688498,0.4280254777070064,0.9917845903134415,2.671445956646695
original,55.0,5.0,low_reference_normal_display_min_per_hour,Phase-averaged case value,2435,0.0,0.013140145623060427,0.15303430079155672,0.41981599085027765,1.24485952228425
original,55.0,5.0,normal_reference_low_display_min_per_hour,Phase-averaged case value,2435,0.0,0.09749571470379197,0.26537997587454765,0.5736707740486078,1.429220609139747
original,55.0,5.0,hidden_deficit_ratio,Phase-averaged case value,2254,0.7036349254059364,0.8863810458591938,0.9375522995522996,0.9571428571428572,0.9666666666666667
original,55.0,5.0,overdisplay_deficit_ratio,Phase-averaged case value,2254,0.4560942336764812,0.7571052146674038,0.885343477287984,0.9430057280675309,0.9666666666666667
original,55.0,5.0,absolute_auc_disagreement_ratio,Phase-averaged case value,2254,1.2278179496158907,1.6187208952981824,1.8041883225054138,1.894073083778966,1.9333333333333333
original,55.0,5.0,net_auc_bias_percent,Phase-averaged case value,2254,-39.295696285387,-9.987401007919352,-1.2530217566478599,3.789561257387201e-15,0.039129810286534394
original,55.0,5.0,absolute_state_discordance_min_per_hour,Within-case phase range,2435,0.0,1.1644349586632552,1.8570375829034638,3.188238188976378,4.888134338493958
original,55.0,5.0,low_reference_normal_display_min_per_hour,Within-case phase range,2435,0.0,0.031520989153534074,0.14955134596211364,0.42155000983098173,1.4313939456184033
original,55.0,5.0,normal_reference_low_display_min_per_hour,Within-case phase range,2435,0.0,1.1725088681949205,1.8770226537216825,3.334959349593496,5.278009108653218
original,55.0,5.0,hidden_deficit_ratio,Within-case phase range,2254,0.3757736613262579,0.5540177865166,0.7496630727762803,0.9554726368159204,1.0
original,55.0,5.0,overdisplay_deficit_ratio,Within-case phase range,2254,1.7001612903225807,4.7892491650482105,8.607874658093,14.741827541827542,29.0
original,55.0,5.0,absolute_auc_disagreement_ratio,Within-case phase range,2254,1.7554411935574896,4.487470449172577,8.192872965085616,14.054272667971297,28.0
original,55.0,5.0,net_auc_bias_percent,Within-case phase range,2254,209.06021631102016,519.5022325959002,910.0821460659736,1540.5405405405406,3000.0
original,55.0,5.0,miss_fraction,Phase-averaged case value,748,0.13333333333333333,0.43333333333333335,0.6,0.7,0.8
original,55.0,5.0,miss_fraction,Within-case phase range,748,0.34019607843137256,1.0,1.0,1.0,1.0
original,55.0,10.0,absolute_state_discordance_min_per_hour,Phase-averaged case value,2435,0.0,0.13233418905540967,0.44221105527638194,1.0481516275556158,3.095336845207536
original,55.0,10.0,low_reference_normal_display_min_per_hour,Phase-averaged case value,2435,0.0,0.006570072811530213,0.1464226289517471,0.41808116693922814,1.428352073088915
original,55.0,10.0,normal_reference_low_display_min_per_hour,Phase-averaged case value,2435,0.0,0.1004279676884395,0.2853107344632768,0.6266910122122636,1.7135678182295018
original,55.0,10.0,hidden_deficit_ratio,Phase-averaged case value,2254,0.8313180602708722,0.9387131410256411,0.9676157953354297,0.9781577266922095,0.9833333333333333
original,55.0,10.0,overdisplay_deficit_ratio,Phase-averaged case value,2254,0.538596624216697,0.8394321842347463,0.9272013313861331,0.9666666666666667,0.9833333333333333
original,55.0,10.0,absolute_auc_disagreement_ratio,Phase-averaged case value,2254,1.4002287921993315,1.7643110254946726,1.8840795668549903,1.9398713893630555,1.9666666666666666
original,55.0,10.0,net_auc_bias_percent,Phase-averaged case value,2254,-38.36714065982358,-8.146630236794167,-1.6666666666666592,0.0,1.721881896325305e-14
original,55.0,10.0,absolute_state_discordance_min_per_hour,Within-case phase range,2435,0.0,2.3028502623010123,3.5223880597014925,6.0206752858211345,9.53657684068102
original,55.0,10.0,low_reference_normal_display_min_per_hour,Within-case phase range,2435,0.0,0.03165409557738874,0.15523932729624837,0.4399341770021552,1.6516979423454137
original,55.0,10.0,normal_reference_low_display_min_per_hour,Within-case phase range,2435,0.0,2.310708898944193,3.564954682779456,6.166980127583971,9.73897330420452
original,55.0,10.0,hidden_deficit_ratio,Within-case phase range,2254,0.39209670865501833,0.5701556447887424,0.7692307692307692,0.9712614870509607,1.0
original,55.0,10.0,overdisplay_deficit_ratio,Within-case phase range,2254,3.305875516354648,9.479453755626524,17.369554303564456,30.234011627906977,58.99999999999999
original,55.0,10.0,absolute_auc_disagreement_ratio,Within-case phase range,2254,3.250167443100717,9.11436011904762,16.862205205801885,29.571546175722194,57.99999999999999
original,55.0,10.0,net_auc_bias_percent,Within-case phase range,2254,366.06876140570785,980.3416354419221,1790.5199746353837,3084.927916120577,6000.0
original,55.0,10.0,miss_fraction,Phase-averaged case value,748,0.42055555555555557,0.6770833333333333,0.7833333333333333,0.85,0.9
original,55.0,10.0,miss_fraction,Within-case phase range,748,0.5,1.0,1.0,1.0,1.0
original,60.0,1.0,absolute_state_discordance_min_per_hour,Phase-averaged case value,2435,0.0350188190225483,0.2280775633149697,0.5799234618781277,1.0809623252415013,2.395773212610922
original,60.0,1.0,low_reference_normal_display_min_per_hour,Phase-averaged case value,2435,0.0,0.09282338170673166,0.2671118530884808,0.5192939652002357,1.1692389464474033
original,60.0,1.0,normal_reference_low_display_min_per_hour,Phase-averaged case value,2435,0.02589066631381261,0.14031817704504881,0.3122923588039867,0.5670472052363896,1.2339611943119473
original,60.0,1.0,hidden_deficit_ratio,Phase-averaged case value,2348,0.2188853297627631,0.408008166969147,0.6008195297115719,0.7547280501143483,0.8333333333333334
original,60.0,1.0,overdisplay_deficit_ratio,Phase-averaged case value,2348,0.18231671917848183,0.3489777025053099,0.5017866697240694,0.6858983089320168,0.8333333333333334
original,60.0,1.0,absolute_auc_disagreement_ratio,Phase-averaged case value,2348,0.42240407208175135,0.7880881253242987,1.1041109018208255,1.4120979532163742,1.6666666666666667
original,60.0,1.0,net_auc_bias_percent,Phase-averaged case value,2348,-31.992101465785677,-7.311315323831687,-4.736951571734001e-15,7.105427357601002e-15,0.2957065758367571
original,60.0,1.0,absolute_state_discordance_min_per_hour,Within-case phase range,2435,0.11036615294683666,0.2725724899391187,0.44444444444444436,0.6666666666666667,1.1988017118402277
original,60.0,1.0,low_reference_normal_display_min_per_hour,Within-case phase range,2435,0.0,0.1044234974829318,0.264783759929391,0.45868371894345583,0.8701064405556552
original,60.0,1.0,normal_reference_low_display_min_per_hour,Within-case phase range,2435,0.11625204906958729,0.28673835125448033,0.4852941176470589,0.7338426751151058,1.2376607973725018
original,60.0,1.0,hidden_deficit_ratio,Within-case phase range,2348,0.10201657287186537,0.28943533697632057,0.5172413793103449,0.7717842485526583,1.0
original,60.0,1.0,overdisplay_deficit_ratio,Within-case phase range,2348,0.15930192900602982,0.5145568663036902,1.0474965356479145,1.8519885198851986,4.8450897308075795
original,60.0,1.0,absolute_auc_disagreement_ratio,Within-case phase range,2348,0.15703772536956334,0.4595377664309589,0.8551760088311051,1.468013357778942,3.9588235294117755
original,60.0,1.0,net_auc_bias_percent,Within-case phase range,2348,24.234814744622383,73.66686367085973,146.2019230769231,242.73675762439808,581.4107676969096
original,60.0,1.0,miss_fraction,Phase-averaged case value,1347,0.0,0.0,0.0,0.0,0.0
original,60.0,1.0,miss_fraction,Within-case phase range,1347,0.0,0.0,0.0,0.0,0.0
original,60.0,2.5,absolute_state_discordance_min_per_hour,Phase-averaged case value,2435,0.043411171450736995,0.3128888843595303,0.8952654232424676,1.8317758162568587,4.18324715568929
original,60.0,2.5,low_reference_normal_display_min_per_hour,Phase-averaged case value,2435,0.0,0.10643780112234799,0.40060698027314107,0.8755686274509803,2.0447390029325505
original,60.0,2.5,normal_reference_low_display_min_per_hour,Phase-averaged case value,2435,0.031595258180526574,0.20833333333333334,0.49609375,0.9550295200270189,2.1659106894021423
original,60.0,2.5,hidden_deficit_ratio,Phase-averaged case value,2348,0.4014290650284703,0.6486944547337805,0.8090071212431462,0.8962962962962963,0.9333333333333333
original,60.0,2.5,overdisplay_deficit_ratio,Phase-averaged case value,2348,0.33304767593166096,0.550977989754254,0.715625,0.85071741021126,0.9333333333333333
original,60.0,2.5,absolute_auc_disagreement_ratio,Phase-averaged case value,2348,0.7712695924344865,1.2185367130814877,1.5003486750348676,1.7280244328097734,1.8666666666666667
original,60.0,2.5,net_auc_bias_percent,Phase-averaged case value,2348,-33.333333333333336,-8.19252432155658,-0.6005871624324454,5.684341886080802e-15,0.5740604863364858
original,60.0,2.5,absolute_state_discordance_min_per_hour,Within-case phase range,2435,0.37247769753610876,0.7868183554099415,1.3483146067415732,1.9834796352465973,3.2236578294612133
original,60.0,2.5,low_reference_normal_display_min_per_hour,Within-case phase range,2435,0.0,0.10709506817892187,0.409090909090909,0.9033891260815354,1.9555258746405342
original,60.0,2.5,normal_reference_low_display_min_per_hour,Within-case phase range,2435,0.36564561450613137,0.7999999999999999,1.3636363636363638,2.036309784993418,3.2579592556662784
original,60.0,2.5,hidden_deficit_ratio,Within-case phase range,2348,0.21747438449063836,0.4237126407038426,0.608075491125055,0.8275862068965517,1.0
original,60.0,2.5,overdisplay_deficit_ratio,Within-case phase range,2348,0.5600862605791277,1.553969245816127,2.8869706985885295,5.109955506117909,13.0
original,60.0,2.5,absolute_auc_disagreement_ratio,Within-case phase range,2348,0.5318342391304348,1.4336806533370883,2.58106980535179,4.622222222222222,12.0
original,60.0,2.5,net_auc_bias_percent,Within-case phase range,2348,73.91643033629911,188.30101334110958,330.9976684255737,569.657050338534,1400.0
original,60.0,2.5,miss_fraction,Phase-averaged case value,1347,0.0,0.06666666666666667,0.2,0.3333333333333333,0.5333333333333333
original,60.0,2.5,miss_fraction,Within-case phase range,1347,0.0,0.2857142857142857,0.5,1.0,1.0
original,60.0,3.0,absolute_state_discordance_min_per_hour,Phase-averaged case value,2435,0.03920755024001302,0.31889220305768096,0.9481090589270007,1.9837891106183791,4.637627170751043
original,60.0,3.0,low_reference_normal_display_min_per_hour,Phase-averaged case value,2435,0.0,0.10813365488088562,0.4202157864849517,0.9428116543046858,2.211479091541722
original,60.0,3.0,normal_reference_low_display_min_per_hour,Phase-averaged case value,2435,0.03215288646825926,0.2134306205102665,0.5275637225844695,1.03935889732073,2.381022220042182
original,60.0,3.0,hidden_deficit_ratio,Phase-averaged case value,2348,0.4449104656033063,0.6906901432931499,0.8383915139234288,0.9120834568699856,0.9444444444444444
original,60.0,3.0,overdisplay_deficit_ratio,Phase-averaged case value,2348,0.3641476142703768,0.5909302522431015,0.7478161662455687,0.8712653511965438,0.9444444444444444
original,60.0,3.0,absolute_auc_disagreement_ratio,Phase-averaged case value,2348,0.8680998287822135,1.2942848612191702,1.5605250587889476,1.7683707643814026,1.8888888888888888
original,60.0,3.0,net_auc_bias_percent,Phase-averaged case value,2348,-33.6408415217939,-8.095391099455211,-0.7371064195328179,4.736951571734001e-15,0.6355218855218868
original,60.0,3.0,absolute_state_discordance_min_per_hour,Within-case phase range,2435,0.4451162790697674,0.9563651914799691,1.5668202764976957,2.3748350923482846,3.8823626030682292
original,60.0,3.0,low_reference_normal_display_min_per_hour,Within-case phase range,2435,0.0,0.10657202011239278,0.4225352112676057,1.0150358994172382,2.158225060559348
original,60.0,3.0,normal_reference_low_display_min_per_hour,Within-case phase range,2435,0.4311983716870819,0.9686609686609686,1.596310748492373,2.440058725203194,3.8287063585764853
original,60.0,3.0,hidden_deficit_ratio,Within-case phase range,2348,0.2426784973017849,0.4482758620689655,0.6055825491522644,0.8269752918816182,1.0
original,60.0,3.0,overdisplay_deficit_ratio,Within-case phase range,2348,0.6393964325307767,1.8552298550913555,3.4704342894182463,6.09433962264151,16.0
original,60.0,3.0,absolute_auc_disagreement_ratio,Within-case phase range,2348,0.6512265512265512,1.7235292900449024,3.165750915750916,5.5929133858267726,15.0
original,60.0,3.0,net_auc_bias_percent,Within-case phase range,2348,87.68209287013435,219.2458587619878,386.042379573572,666.6666666666666,1697.9411764705887
original,60.0,3.0,miss_fraction,Phase-averaged case value,1347,0.0,0.14886039886039887,0.2777777777777778,0.4166666666666667,0.6111111111111112
original,60.0,3.0,miss_fraction,Within-case phase range,1347,0.0,0.375,0.6666666666666666,1.0,1.0
original,60.0,5.0,absolute_state_discordance_min_per_hour,Phase-averaged case value,2435,0.04491581506827245,0.3368369749135584,1.076591154261057,2.3917243340601004,5.728525702206827
original,60.0,5.0,low_reference_normal_display_min_per_hour,Phase-averaged case value,2435,0.0,0.10566845066855667,0.4690095846645367,1.1161485193739085,2.7801842938452808
original,60.0,5.0,normal_reference_low_display_min_per_hour,Phase-averaged case value,2435,0.034287109593379106,0.23185312679288583,0.6088888888888888,1.2717619818056751,3.031793386952634
original,60.0,5.0,hidden_deficit_ratio,Phase-averaged case value,2348,0.5608006239935588,0.7906328975550466,0.89766142409163,0.9462507766387077,0.9666666666666667
original,60.0,5.0,overdisplay_deficit_ratio,Phase-averaged case value,2348,0.4662062033314187,0.6942601516130926,0.8222090191958106,0.9185253267973855,0.9666666666666667
original,60.0,5.0,absolute_auc_disagreement_ratio,Phase-averaged case value,2348,1.0871572392484323,1.489986652182865,1.7030095625329418,1.8523078661114878,1.9333333333333333
original,60.0,5.0,net_auc_bias_percent,Phase-averaged case value,2348,-30.90119505581131,-7.345846538410027,-0.9229827490261482,3.789561257387201e-15,0.7545965270684364
original,60.0,5.0,absolute_state_discordance_min_per_hour,Within-case phase range,2435,0.7699521843077591,1.559896013864818,2.5521267723102583,3.8968394802622264,5.975798408272097
original,60.0,5.0,low_reference_normal_display_min_per_hour,Within-case phase range,2435,0.0,0.107536622103069,0.43654001616814875,1.2332146719538573,3.0122266206238235
original,60.0,5.0,normal_reference_low_display_min_per_hour,Within-case phase range,2435,0.7651926877470355,1.5872903378218757,2.652439024390244,4.04267393031438,6.235817728702257
original,60.0,5.0,hidden_deficit_ratio,Within-case phase range,2348,0.31227610945490686,0.4836220423669323,0.6434488448844884,0.8446959471459524,1.0
original,60.0,5.0,overdisplay_deficit_ratio,Within-case phase range,2348,1.1932516060902087,3.136568601281269,5.866142449450482,10.592063343328334,27.0
original,60.0,5.0,absolute_auc_disagreement_ratio,Within-case phase range,2348,1.0938249308970616,2.865930902111324,5.563574314517711,10.040206648697216,26.0
original,60.0,5.0,net_auc_bias_percent,Within-case phase range,2348,149.10589953808082,352.9411764705883,628.716253443526,1110.0948509485095,2800.0
original,60.0,5.0,miss_fraction,Phase-averaged case value,1347,0.1,0.3382783882783883,0.5,0.6333333333333333,0.7666666666666667
original,60.0,5.0,miss_fraction,Within-case phase range,1347,0.3333333333333333,0.6666666666666666,1.0,1.0,1.0
original,60.0,10.0,absolute_state_discordance_min_per_hour,Phase-averaged case value,2435,0.04450176431216475,0.34482813292744796,1.1533742331288341,2.811323572261072,7.189633345929711
original,60.0,10.0,low_reference_normal_display_min_per_hour,Phase-averaged case value,2435,0.0,0.09718922713951,0.472877358490566,1.2922217542874521,3.4054190264766375
original,60.0,10.0,normal_reference_low_display_min_per_hour,Phase-averaged case value,2435,0.035828789531079604,0.23958333333333334,0.6806482364156339,1.5311341964931309,3.7296685750702214
original,60.0,10.0,hidden_deficit_ratio,Phase-averaged case value,2348,0.7133447960296468,0.8824757967742591,0.9455606523955148,0.9721369626759016,0.9833333333333333
original,60.0,10.0,overdisplay_deficit_ratio,Phase-averaged case value,2348,0.5554556202653589,0.8010517576747604,0.8918500853984724,0.9502513340035574,0.9833333333333333
original,60.0,10.0,absolute_auc_disagreement_ratio,Phase-averaged case value,2348,1.3361128444657782,1.6757829870978034,1.8236722975784305,1.9153994429785983,1.9666666666666666
original,60.0,10.0,net_auc_bias_percent,Phase-averaged case value,2348,-30.04751327614379,-6.519074868860278,-1.2377965021630701,0.0,0.2622860296374681
original,60.0,10.0,absolute_state_discordance_min_per_hour,Within-case phase range,2435,1.3683398458979485,2.934906745988666,4.561983471074379,7.202484472049689,10.823998878874567
original,60.0,10.0,low_reference_normal_display_min_per_hour,Within-case phase range,2435,0.0,0.1111111111111111,0.45390070921985815,1.362905242651995,3.838731751824811
original,60.0,10.0,normal_reference_low_display_min_per_hour,Within-case phase range,2435,1.3607986533826248,2.9688031669889536,4.716692189892802,7.4891655058760485,11.262675528945003
original,60.0,10.0,hidden_deficit_ratio,Within-case phase range,2348,0.3544772391399372,0.5139073012295761,0.669763948497854,0.867593468586846,1.0
original,60.0,10.0,overdisplay_deficit_ratio,Within-case phase range,2348,2.3832495258259447,6.022051818451666,11.703208799200073,21.387724238631623,55.8352941176471
original,60.0,10.0,absolute_auc_disagreement_ratio,Within-case phase range,2348,2.13163396614547,5.761488591309977,11.346207076641857,20.81965488215488,54.855882352941215
original,60.0,10.0,net_auc_bias_percent,Within-case phase range,2348,273.42250112057377,647.9771863117871,1215.4264793192165,2186.646826155081,5681.470588235299
original,60.0,10.0,miss_fraction,Phase-averaged case value,1347,0.36666666666666664,0.5930952380952381,0.7166666666666667,0.8,0.8833333333333333
original,60.0,10.0,miss_fraction,Within-case phase range,1347,0.5,0.7142857142857143,1.0,1.0,1.0
original,65.0,1.0,absolute_state_discordance_min_per_hour,Phase-averaged case value,2435,0.08772712106511842,0.5383825125717197,1.1384615384615382,2.0610237751548066,4.0568601376243
original,65.0,1.0,low_reference_normal_display_min_per_hour,Phase-averaged case value,2435,0.0,0.24232973424659338,0.5378787878787878,1.0020638264798198,1.9941736028537431
original,65.0,1.0,normal_reference_low_display_min_per_hour,Phase-averaged case value,2435,0.05679883396966256,0.2885198884254523,0.5969230769230769,1.057990326506792,2.05135728476268
original,65.0,1.0,hidden_deficit_ratio,Phase-averaged case value,2393,0.16450028526938446,0.27879761358421296,0.4124124124124124,0.619047619047619,0.82122968818621
original,65.0,1.0,overdisplay_deficit_ratio,Phase-averaged case value,2393,0.15329687645598167,0.25945017182130586,0.36857662573897226,0.54069355980184,0.795323076923077
original,65.0,1.0,absolute_auc_disagreement_ratio,Phase-averaged case value,2393,0.3230289861563036,0.5465627498001598,0.7893316728933168,1.1486005089058524,1.588594320725816
original,65.0,1.0,net_auc_bias_percent,Phase-averaged case value,2393,-22.319903098304216,-4.142832379961866,-0.08671522719390712,7.105427357601002e-15,0.3857625253949547
original,65.0,1.0,absolute_state_discordance_min_per_hour,Within-case phase range,2435,0.18433179723502305,0.3980399570302887,0.6000000000000001,0.8656819984139571,1.4457831325301196
original,65.0,1.0,low_reference_normal_display_min_per_hour,Within-case phase range,2435,0.0,0.22928271651245274,0.4219409282700421,0.6665390016596449,1.182986575046128
original,65.0,1.0,normal_reference_low_display_min_per_hour,Within-case phase range,2435,0.19675643609593255,0.4079651277986923,0.6311881188118811,0.8905005300515583,1.503080355164211
original,65.0,1.0,hidden_deficit_ratio,Within-case phase range,2393,0.05013958441776008,0.14932126696832576,0.29696969696969694,0.5617977528089888,0.9784313725490197
original,65.0,1.0,overdisplay_deficit_ratio,Within-case phase range,2393,0.08567474516566491,0.2521150592216581,0.553030303030303,1.187800963081862,3.0914782608695677
original,65.0,1.0,absolute_auc_disagreement_ratio,Within-case phase range,2393,0.07891645795317485,0.22266401590457263,0.46967741935483864,0.9699570815450644,2.4938173115277227
original,65.0,1.0,net_auc_bias_percent,Within-case phase range,2393,12.19079677533448,36.888331242158095,77.97356828193833,163.47826086956522,389.57869249394747
original,65.0,1.0,miss_fraction,Phase-averaged case value,1899,0.0,0.0,0.0,0.0,0.0
original,65.0,1.0,miss_fraction,Within-case phase range,1899,0.0,0.0,0.0,0.0,0.0
original,65.0,2.5,absolute_state_discordance_min_per_hour,Phase-averaged case value,2435,0.10729932244738973,0.8321562964624081,1.958221746116765,3.578154128470195,6.925711827956988
original,65.0,2.5,low_reference_normal_display_min_per_hour,Phase-averaged case value,2435,0.0,0.3718263281416685,0.9152658662092624,1.7289116456299118,3.378238664812238
original,65.0,2.5,normal_reference_low_display_min_per_hour,Phase-averaged case value,2435,0.0744562642663336,0.4550920854761153,1.0408921933085502,1.8677824267782426,3.5472581063553816
original,65.0,2.5,hidden_deficit_ratio,Phase-averaged case value,2393,0.29622786809423785,0.4636456733230927,0.6313419913419912,0.8178067318132464,0.9264024864024865
original,65.0,2.5,overdisplay_deficit_ratio,Phase-averaged case value,2393,0.27985873596401667,0.4301392301392301,0.5730455635491606,0.7397139713971396,0.9111111111111111
original,65.0,2.5,absolute_auc_disagreement_ratio,Phase-averaged case value,2393,0.5854169618353509,0.9091893163901635,1.2168331819557978,1.541804788213628,1.8175880893300251
original,65.0,2.5,net_auc_bias_percent,Phase-averaged case value,2393,-22.898086337338665,-5.040998217468811,-0.4289178021377557,5.684341886080802e-15,0.6448908801850021
original,65.0,2.5,absolute_state_discordance_min_per_hour,Within-case phase range,2435,0.5528862478777589,1.1711274133057135,1.8045112781954884,2.5552098118426323,3.967038539553751
original,65.0,2.5,low_reference_normal_display_min_per_hour,Within-case phase range,2435,0.0,0.40658886505421843,0.9441128594682582,1.5421008504012457,2.813618735083531
original,65.0,2.5,normal_reference_low_display_min_per_hour,Within-case phase range,2435,0.5505797489692844,1.1693738016857795,1.811023622047244,2.479285503261141,3.8195955232672283
original,65.0,2.5,hidden_deficit_ratio,Within-case phase range,2393,0.11625033035956747,0.2589559877175025,0.4272076372315035,0.6494845360824741,0.9933795550171439
original,65.0,2.5,overdisplay_deficit_ratio,Within-case phase range,2393,0.27264637475983416,0.7995079950799509,1.6451612903225807,3.239226033421284,8.628110896196002
original,65.0,2.5,absolute_auc_disagreement_ratio,Within-case phase range,2393,0.2617089880307102,0.7464788732394365,1.486988847583643,2.909348441926346,7.970247933884303
original,65.0,2.5,net_auc_bias_percent,Within-case phase range,2393,35.65883212546453,97.16599190283401,194.52887537993922,368.5503685503686,933.0039525691702
original,65.0,2.5,miss_fraction,Phase-averaged case value,1899,0.0,0.05285714285714286,0.14285714285714285,0.23333333333333334,0.43333333333333335
original,65.0,2.5,miss_fraction,Within-case phase range,1899,0.0,0.2,0.3333333333333333,0.5,1.0
original,65.0,3.0,absolute_state_discordance_min_per_hour,Phase-averaged case value,2435,0.1103201506591337,0.9021464646464645,2.166979362101313,3.959292471837805,7.627946953405015
original,65.0,3.0,low_reference_normal_display_min_per_hour,Phase-averaged case value,2435,0.0,0.39674343633035536,1.0119904076738608,1.9363165615215039,3.7253217548863677
original,65.0,3.0,normal_reference_low_display_min_per_hour,Phase-averaged case value,2435,0.07586413363372506,0.4946879345410756,1.1491090146750524,2.068349902384729,3.9131403912337914
original,65.0,3.0,hidden_deficit_ratio,Phase-averaged case value,2393,0.32745030330236996,0.5030721966205838,0.6738614994685634,0.8459526008002463,0.9373111251669126
original,65.0,3.0,overdisplay_deficit_ratio,Phase-averaged case value,2393,0.31427438605778973,0.4668430335097002,0.6125168072362792,0.7680754917597024,0.9239950372208438
original,65.0,3.0,absolute_auc_disagreement_ratio,Phase-averaged case value,2393,0.6490712411919259,0.9841595441595441,1.292929292929293,1.590840840840841,1.8456615384615387
original,65.0,3.0,net_auc_bias_percent,Phase-averaged case value,2393,-23.82719353016382,-4.841713221601487,-0.5050505050505056,5.0330110449673766e-15,0.7194936224925842
original,65.0,3.0,absolute_state_discordance_min_per_hour,Within-case phase range,2435,0.6681967213114755,1.4080858355091384,2.1612349914236706,3.0000000000000004,4.75710168793742
original,65.0,3.0,low_reference_normal_display_min_per_hour,Within-case phase range,2435,0.0,0.42488716956802064,1.0722610722610724,1.8318200080353557,3.333333333333333
original,65.0,3.0,normal_reference_low_display_min_per_hour,Within-case phase range,2435,0.669159674712792,1.3911983620650648,2.1444201312910285,2.9656679953709655,4.568094243859379
original,65.0,3.0,hidden_deficit_ratio,Within-case phase range,2393,0.14490899062327633,0.28635682158920545,0.44827586206896564,0.6576576576576576,0.9906259295457444
original,65.0,3.0,overdisplay_deficit_ratio,Within-case phase range,2393,0.33105449529116293,0.9804969275981834,1.95,3.8921775898520083,10.151693667157588
original,65.0,3.0,absolute_auc_disagreement_ratio,Within-case phase range,2393,0.320851150636387,0.913536076326774,1.759162303664921,3.5854126679462577,9.407188940092178
original,65.0,3.0,net_auc_bias_percent,Within-case phase range,2393,44.502055475762695,120.11863568956994,226.9151138716356,432.69230769230774,1092.8063241106724
original,65.0,3.0,miss_fraction,Phase-averaged case value,1899,0.0,0.09722222222222222,0.19753086419753085,0.30000000000000004,0.5277777777777778
original,65.0,3.0,miss_fraction,Within-case phase range,1899,0.0,0.25,0.5,0.6666666666666666,1.0
original,65.0,5.0,absolute_state_discordance_min_per_hour,Phase-averaged case value,2435,0.11043214550174305,1.0402141043872546,2.727272727272727,5.205622577447759,9.745126842308009
original,65.0,5.0,low_reference_normal_display_min_per_hour,Phase-averaged case value,2435,0.0,0.44158464065603825,1.2861702127659573,2.507466270912034,4.772002355712599
original,65.0,5.0,normal_reference_low_display_min_per_hour,Phase-averaged case value,2435,0.0811808179021903,0.5846655157346139,1.4492753623188404,2.680579710144927,5.028716633640282
original,65.0,5.0,hidden_deficit_ratio,Phase-averaged case value,2393,0.43175065959755327,0.6230890661349285,0.7777197563098347,0.9022222222222223,0.9615695415695416
original,65.0,5.0,overdisplay_deficit_ratio,Phase-averaged case value,2393,0.40588940446625554,0.579074938848121,0.7177161152614728,0.8469178082191781,0.9551254480286738
original,65.0,5.0,absolute_auc_disagreement_ratio,Phase-averaged case value,2393,0.8520411461923246,1.2145843957164713,1.493375560833993,1.7282828282828282,1.9064549263413977
original,65.0,5.0,net_auc_bias_percent,Phase-averaged case value,2393,-22.416803292759177,-4.8987108655616876,-0.613441587731162,3.789561257387201e-15,0.9544286002344395
original,65.0,5.0,absolute_state_discordance_min_per_hour,Within-case phase range,2435,1.0762075487072165,2.2973246230565767,3.5435779816513753,4.896197486618211,7.368305022591979
original,65.0,5.0,low_reference_normal_display_min_per_hour,Within-case phase range,2435,0.0,0.4464288185746277,1.4165261382799323,2.58876050420168,4.999608999582169
original,65.0,5.0,normal_reference_low_display_min_per_hour,Within-case phase range,2435,1.0987755231855478,2.2892173615857825,3.5550935550935554,4.878468880665261,7.293207669808254
original,65.0,5.0,hidden_deficit_ratio,Within-case phase range,2393,0.21643381734442002,0.37297297297297305,0.518796992481203,0.7100591715976332,0.9959990886306677
original,65.0,5.0,overdisplay_deficit_ratio,Within-case phase range,2393,0.6486302253480097,1.6929601357082271,3.34034034034034,6.573248407643312,18.147826086956538
original,65.0,5.0,absolute_auc_disagreement_ratio,Within-case phase range,2393,0.587788334742181,1.5855855855855852,3.0885416666666665,6.215909090909092,17.407296351824094
original,65.0,5.0,net_auc_bias_percent,Within-case phase range,2393,80.87305438728926,199.53596287703016,372.78106508875743,705.2631578947368,1894.782608695653
original,65.0,5.0,miss_fraction,Phase-averaged case value,1899,0.03333333333333333,0.2480324074074074,0.36666666666666664,0.5015151515151515,0.7
original,65.0,5.0,miss_fraction,Within-case phase range,1899,0.2,0.5,0.6666666666666666,1.0,1.0
original,65.0,10.0,absolute_state_discordance_min_per_hour,Phase-averaged case value,2435,0.11008261378831383,1.1319809444454256,3.3733804475853946,6.563611634233103,12.900510851274971
original,65.0,10.0,low_reference_normal_display_min_per_hour,Phase-averaged case value,2435,0.0,0.4465062366650254,1.5253036437246963,3.1353004755728486,6.188479183250565
original,65.0,10.0,normal_reference_low_display_min_per_hour,Phase-averaged case value,2435,0.08449392266852147,0.663190028888865,1.829251700680272,3.4378955362663715,6.6576880294344125
original,65.0,10.0,hidden_deficit_ratio,Phase-averaged case value,2393,0.5693672295424138,0.7560091619509566,0.8753387533875338,0.9469162995594714,0.9802462121212121
original,65.0,10.0,overdisplay_deficit_ratio,Phase-averaged case value,2393,0.523811735588159,0.7036262203626221,0.8188346883468834,0.9071253071253071,0.9752737221022318
original,65.0,10.0,absolute_auc_disagreement_ratio,Phase-averaged case value,2393,1.1164845227214475,1.4598765432098764,1.6806264501160093,1.8404166666666666,1.95
original,65.0,10.0,net_auc_bias_percent,Phase-averaged case value,2393,-20.987205423533748,-4.569298729983429,-0.9147869674185425,0.0,0.7478533354605674
original,65.0,10.0,absolute_state_discordance_min_per_hour,Within-case phase range,2435,2.0833357554820138,3.984264254441701,6.223404255319149,8.5648384086022,12.744691090982824
original,65.0,10.0,low_reference_normal_display_min_per_hour,Within-case phase range,2435,0.0,0.4545454545454545,1.7152466367713004,3.605125149690001,7.356152626679162
original,65.0,10.0,normal_reference_low_display_min_per_hour,Within-case phase range,2435,2.0687260742287457,4.107102228103328,6.458333333333334,9.083044982698961,13.212023731048115
original,65.0,10.0,hidden_deficit_ratio,Within-case phase range,2393,0.3137196390671256,0.4521880064829822,0.5888667992047714,0.75,1.0
original,65.0,10.0,overdisplay_deficit_ratio,Within-case phase range,2393,1.2592385669125394,3.258720930232558,6.450342465753424,12.985576923076923,36.469503546099304
original,65.0,10.0,absolute_auc_disagreement_ratio,Within-case phase range,2393,1.1146969250417527,3.017293997965412,6.116312056737589,12.631578947368421,35.90666666666668
original,65.0,10.0,net_auc_bias_percent,Within-case phase range,2393,154.70596141351405,358.4880926370985,683.0122591943959,1344.9035812672175,3724.137931034483
original,65.0,10.0,miss_fraction,Phase-averaged case value,1899,0.27472222222222226,0.4619047619047619,0.596969696969697,0.725,0.85
original,65.0,10.0,miss_fraction,Within-case phase range,1899,0.4285714285714286,0.625,0.8333333333333334,1.0,1.0
qc60,55.0,1.0,absolute_state_discordance_min_per_hour,Phase-averaged case value,2433,0.0,0.09920634920634919,0.28169014084507044,0.5921052631578948,1.299080674461035
qc60,55.0,1.0,low_reference_normal_display_min_per_hour,Phase-averaged case value,2433,0.0,0.024425989252564728,0.1202928870292887,0.2753303964757709,0.6277715130833844
qc60,55.0,1.0,normal_reference_low_display_min_per_hour,Phase-averaged case value,2433,0.0,0.07246376811594202,0.16189962223421478,0.319375443577005,0.666372481554285
qc60,55.0,1.0,hidden_deficit_ratio,Phase-averaged case value,2252,0.28234771818912835,0.5576454202792012,0.7240081696603435,0.7991945006747638,0.8333333333333334
qc60,55.0,1.0,overdisplay_deficit_ratio,Phase-averaged case value,2252,0.20688431794626486,0.42039586919104993,0.6075940262874269,0.7599872706981936,0.8333333333333334
qc60,55.0,1.0,absolute_auc_disagreement_ratio,Phase-averaged case value,2252,0.5373436890625908,1.0,1.3060109289617488,1.528985507246377,1.6666666666666667
qc60,55.0,1.0,net_auc_bias_percent,Phase-averaged case value,2252,-40.151758901758896,-10.69487577639751,-2.3684757858670005e-15,9.473903143468002e-15,1.8947806286936004e-14
qc60,55.0,1.0,absolute_state_discordance_min_per_hour,Within-case phase range,2433,0.0,0.2129547471162378,0.3286670724284844,0.5208333333333335,0.8823529411764706
qc60,55.0,1.0,low_reference_normal_display_min_per_hour,Within-case phase range,2433,0.0,0.03146303093864709,0.1337295690936107,0.2901353965183752,0.573626373626374
qc60,55.0,1.0,normal_reference_low_display_min_per_hour,Within-case phase range,2433,0.0,0.22222222222222227,0.36275695284159615,0.6010016694490818,1.003024924896327
qc60,55.0,1.0,hidden_deficit_ratio,Within-case phase range,2252,0.18532362459546917,0.4722222222222222,0.6871270309473049,0.92,1.0
qc60,55.0,1.0,overdisplay_deficit_ratio,Within-case phase range,2252,0.27192242927705434,0.8379877323506777,1.5,2.52614566284779,5.0
qc60,55.0,1.0,absolute_auc_disagreement_ratio,Within-case phase range,2252,0.2798875096974399,0.7487037356185224,1.210201429499675,1.9793337626602658,4.0
qc60,55.0,1.0,net_auc_bias_percent,Within-case phase range,2252,45.25348646431502,122.51975934882623,201.36758838587673,320.0,600.0000000000001
qc60,55.0,1.0,miss_fraction,Phase-averaged case value,738,0.0,0.0,0.0,0.0,0.0
qc60,55.0,1.0,miss_fraction,Within-case phase range,738,0.0,0.0,0.0,0.0,0.0
qc60,55.0,2.5,absolute_state_discordance_min_per_hour,Phase-averaged case value,2433,0.0,0.1204301075268817,0.3815384615384615,0.8461538461538463,2.0379772415618156
qc60,55.0,2.5,low_reference_normal_display_min_per_hour,Phase-averaged case value,2433,0.0,0.021231422505307854,0.15255530129672004,0.37902483900643974,0.9852994398965971
qc60,55.0,2.5,normal_reference_low_display_min_per_hour,Phase-averaged case value,2433,0.0,0.08646188850967006,0.2340425531914893,0.47058823529411764,1.083393083916792
qc60,55.0,2.5,hidden_deficit_ratio,Phase-averaged case value,2252,0.5252933721016924,0.7907072829131653,0.8812297205442909,0.9166666666666666,0.9333333333333333
qc60,55.0,2.5,overdisplay_deficit_ratio,Phase-averaged case value,2252,0.3448270356111813,0.6237222093113332,0.8006126639427902,0.8957525158175541,0.9333333333333333
qc60,55.0,2.5,absolute_auc_disagreement_ratio,Phase-averaged case value,2252,0.9656650262360265,1.405954290296712,1.6567765567765569,1.7999068901303539,1.8666666666666667
qc60,55.0,2.5,net_auc_bias_percent,Phase-averaged case value,2252,-43.23457627118644,-11.471688034188036,-0.9236555452759376,5.121828886937389e-15,2.2737367544323207e-14
qc60,55.0,2.5,absolute_state_discordance_min_per_hour,Within-case phase range,2433,0.0,0.5777777777777777,0.9459459459459458,1.5694164989939634,2.588638580367214
qc60,55.0,2.5,low_reference_normal_display_min_per_hour,Within-case phase range,2433,0.0,0.03146303093864709,0.14423076923076922,0.38929440389294406,1.0779067466026957
qc60,55.0,2.5,normal_reference_low_display_min_per_hour,Within-case phase range,2433,0.0,0.5857740585774057,0.9681423251965247,1.6759776536312847,2.791321950360852
qc60,55.0,2.5,hidden_deficit_ratio,Within-case phase range,2252,0.3437619822752759,0.542951279855362,0.7341772151898733,0.9456119617716576,1.0
qc60,55.0,2.5,overdisplay_deficit_ratio,Within-case phase range,2252,0.919556349117782,2.455255110252696,4.139078398502983,7.0,14.0
qc60,55.0,2.5,absolute_auc_disagreement_ratio,Within-case phase range,2252,0.9898089165867691,2.1593748935058446,3.739419912451673,6.348431058176822,13.0
qc60,55.0,2.5,net_auc_bias_percent,Within-case phase range,2252,121.54934546072766,285.04672897196264,462.5859442546009,767.1363588831956,1500.0
qc60,55.0,2.5,miss_fraction,Phase-averaged case value,738,0.0,0.13333333333333333,0.26666666666666666,0.4166666666666667,0.6
qc60,55.0,2.5,miss_fraction,Within-case phase range,738,0.0,0.5,1.0,1.0,1.0
qc60,55.0,3.0,absolute_state_discordance_min_per_hour,Phase-averaged case value,2433,0.0,0.12467913458012465,0.3912507701786814,0.8896121508001085,2.203198735174068
qc60,55.0,3.0,low_reference_normal_display_min_per_hour,Phase-averaged case value,2433,0.0,0.019379844961240306,0.15680323722812342,0.3912175648702594,1.0520385470719051
qc60,55.0,3.0,normal_reference_low_display_min_per_hour,Phase-averaged case value,2433,0.0,0.09080590238365492,0.24462564862861377,0.49721293199554073,1.181451612903226
qc60,55.0,3.0,hidden_deficit_ratio,Phase-averaged case value,2252,0.5766731766554307,0.8203621470986561,0.8998644986449864,0.9298873380769932,0.9444444444444444
qc60,55.0,3.0,overdisplay_deficit_ratio,Phase-averaged case value,2252,0.36564021298880894,0.6594183395391506,0.8285814257980044,0.9111443116423195,0.9444444444444444
qc60,55.0,3.0,absolute_auc_disagreement_ratio,Phase-averaged case value,2252,1.034576717211073,1.4730792372893702,1.7016708437761068,1.8311849431130476,1.8888888888888888
qc60,55.0,3.0,net_auc_bias_percent,Phase-averaged case value,2252,-44.44444444444444,-11.111111111111121,-1.2120019804382465,3.947459643111668e-15,2.5263741715914672e-14
qc60,55.0,3.0,absolute_state_discordance_min_per_hour,Within-case phase range,2433,0.0,0.6967213114754098,1.1233480176211454,1.8750000000000004,2.9342853154105435
qc60,55.0,3.0,low_reference_normal_display_min_per_hour,Within-case phase range,2433,0.0,0.031578947368421054,0.14574898785425103,0.39097744360902253,1.1828289936664322
qc60,55.0,3.0,normal_reference_low_display_min_per_hour,Within-case phase range,2433,0.0,0.7058823529411765,1.153054221002059,1.969111969111969,3.110087438686287
qc60,55.0,3.0,hidden_deficit_ratio,Within-case phase range,2252,0.36350060329581335,0.5461574507966261,0.7330788804071247,0.9455773955773956,1.0
qc60,55.0,3.0,overdisplay_deficit_ratio,Within-case phase range,2252,1.0651674597364569,2.8945508647944953,4.9620864410021035,8.440442971747471,17.0
qc60,55.0,3.0,absolute_auc_disagreement_ratio,Within-case phase range,2252,1.037858935742972,2.57328431372549,4.5700280112044815,7.7663982717989,16.0
qc60,55.0,3.0,net_auc_bias_percent,Within-case phase range,2252,145.73495934959354,332.99650038658524,545.9415584415585,911.8427947598254,1800.0
qc60,55.0,3.0,miss_fraction,Phase-averaged case value,738,0.0,0.19444444444444445,0.3611111111111111,0.5,0.6666666666666666
qc60,55.0,3.0,miss_fraction,Within-case phase range,738,0.0,0.5,1.0,1.0,1.0
qc60,55.0,5.0,absolute_state_discordance_min_per_hour,Phase-averaged case value,2433,0.0,0.131175468483816,0.42537313432835816,0.9823529411764705,2.667155922437514
qc60,55.0,5.0,low_reference_normal_display_min_per_hour,Phase-averaged case value,2433,0.0,0.013133208255159474,0.15303430079155672,0.41932168550873583,1.2438831656768876
qc60,55.0,5.0,normal_reference_low_display_min_per_hour,Phase-averaged case value,2433,0.0,0.09747899159663866,0.26296296296296295,0.5603305785123968,1.421856113241807
qc60,55.0,5.0,hidden_deficit_ratio,Phase-averaged case value,2252,0.7212191358024691,0.887297526762643,0.9377155813261968,0.9571428571428572,0.9666666666666667
qc60,55.0,5.0,overdisplay_deficit_ratio,Phase-averaged case value,2252,0.4711785329018339,0.7592788587450509,0.8857460317460317,0.9432617769827072,0.9666666666666667
qc60,55.0,5.0,absolute_auc_disagreement_ratio,Phase-averaged case value,2252,1.243228112774855,1.620783054047105,1.8051056910569105,1.8944571865443425,1.9333333333333333
qc60,55.0,5.0,net_auc_bias_percent,Phase-averaged case value,2252,-39.93956043956044,-9.999999999999996,-1.3060428849902461,3.789561257387201e-15,0.03378261674462181
qc60,55.0,5.0,absolute_state_discordance_min_per_hour,Within-case phase range,2433,0.0,1.1631016042780749,1.8502202643171806,3.1875,4.88896716312766
qc60,55.0,5.0,low_reference_normal_display_min_per_hour,Within-case phase range,2433,0.0,0.03146303093864709,0.1495016611295681,0.41666666666666663,1.4273726273726275
qc60,55.0,5.0,normal_reference_low_display_min_per_hour,Within-case phase range,2433,0.0,1.1693548387096773,1.8760469011725291,3.333333333333333,5.269341284901057
qc60,55.0,5.0,hidden_deficit_ratio,Within-case phase range,2252,0.3764705882352942,0.5547223617719199,0.7458178005591798,0.9560439560439561,1.0
qc60,55.0,5.0,overdisplay_deficit_ratio,Within-case phase range,2252,1.8456866870424342,4.856480073014907,8.621323529411764,14.753221288515407,29.0
qc60,55.0,5.0,absolute_auc_disagreement_ratio,Within-case phase range,2252,1.8251336898395725,4.538322292910081,8.198360655737705,14.067247386759583,28.0
qc60,55.0,5.0,net_auc_bias_percent,Within-case phase range,2252,230.8253842077372,527.1834625322997,911.7647058823529,1540.5405405405406,3000.0
qc60,55.0,5.0,miss_fraction,Phase-averaged case value,738,0.14750000000000002,0.43333333333333335,0.6,0.7,0.8
qc60,55.0,5.0,miss_fraction,Within-case phase range,738,0.4,1.0,1.0,1.0,1.0
qc60,55.0,10.0,absolute_state_discordance_min_per_hour,Phase-averaged case value,2433,0.0,0.13188518231186966,0.4406485234510712,1.0411334552102376,3.0701094454600866
qc60,55.0,10.0,low_reference_normal_display_min_per_hour,Phase-averaged case value,2433,0.0,0.006566604127579737,0.1449438202247191,0.4178743961352657,1.4277481463922141
qc60,55.0,10.0,normal_reference_low_display_min_per_hour,Phase-averaged case value,2433,0.0,0.10035842293906808,0.2835195530726257,0.6210826210826211,1.7031906100181855
qc60,55.0,10.0,hidden_deficit_ratio,Phase-averaged case value,2252,0.8379660705684007,0.9394542514223365,0.9677138157894736,0.9781643404488232,0.9833333333333333
qc60,55.0,10.0,overdisplay_deficit_ratio,Phase-averaged case value,2252,0.5467055469637966,0.8398798720940281,0.9272857754040216,0.9666666666666667,0.9833333333333333
qc60,55.0,10.0,absolute_auc_disagreement_ratio,Phase-averaged case value,2252,1.4146473577235772,1.7651893951531075,1.8842929317096124,1.94,1.9666666666666666
qc60,55.0,10.0,net_auc_bias_percent,Phase-averaged case value,2252,-38.68367294956699,-8.237307470808421,-1.6666666666666667,0.0,1.7053025658242404e-14
qc60,55.0,10.0,absolute_state_discordance_min_per_hour,Within-case phase range,2433,0.0,2.3010130246020255,3.5222672064777325,6.020408163265306,9.529652939280876
qc60,55.0,10.0,low_reference_normal_display_min_per_hour,Within-case phase range,2433,0.0,0.031578947368421054,0.15503875968992248,0.4362880886426593,1.6166092473953984
qc60,55.0,10.0,normal_reference_low_display_min_per_hour,Within-case phase range,2433,0.0,2.3076923076923075,3.564954682779456,6.16474756421612,9.732333250681876
qc60,55.0,10.0,hidden_deficit_ratio,Within-case phase range,2252,0.39197480698902887,0.5698473433782711,0.7669260886172651,0.9709273182957394,1.0
qc60,55.0,10.0,overdisplay_deficit_ratio,Within-case phase range,2252,3.4722075318705445,9.568681683409302,17.391964285714288,30.256648936170212,58.99999999999999
qc60,55.0,10.0,absolute_auc_disagreement_ratio,Within-case phase range,2252,3.3402388939096204,9.236274912476285,16.927472527472528,29.575493209080992,57.99999999999999
qc60,55.0,10.0,net_auc_bias_percent,Within-case phase range,2252,380.15743964242716,991.4624183006536,1793.5397935397937,3085.8047016274863,6000.0
qc60,55.0,10.0,miss_fraction,Phase-averaged case value,738,0.43333333333333335,0.6833333333333333,0.7833333333333333,0.85,0.9
qc60,55.0,10.0,miss_fraction,Within-case phase range,738,0.5,1.0,1.0,1.0,1.0
qc60,60.0,1.0,absolute_state_discordance_min_per_hour,Phase-averaged case value,2433,0.034964992352550475,0.22789425706472197,0.5798728020950242,1.080542264752791,2.395961089868456
qc60,60.0,1.0,low_reference_normal_display_min_per_hour,Phase-averaged case value,2433,0.0,0.09305417082087071,0.2671118530884808,0.5189028910303929,1.1710253957091434
qc60,60.0,1.0,normal_reference_low_display_min_per_hour,Phase-averaged case value,2433,0.025823345474298532,0.13966480446927373,0.3113983548766157,0.5668934240362812,1.233183971322494
qc60,60.0,1.0,hidden_deficit_ratio,Phase-averaged case value,2346,0.22549992219109863,0.41157627434535454,0.6030386444183788,0.7548208544628949,0.8333333333333334
qc60,60.0,1.0,overdisplay_deficit_ratio,Phase-averaged case value,2346,0.18914428132643105,0.35186357243319266,0.502567601418608,0.6862937583410327,0.8333333333333334
qc60,60.0,1.0,absolute_auc_disagreement_ratio,Phase-averaged case value,2346,0.4415398126308922,0.792876348657805,1.1058403805496828,1.412307123229761,1.6666666666666667
qc60,60.0,1.0,net_auc_bias_percent,Phase-averaged case value,2346,-32.04711954711954,-7.449487409176868,-4.736951571734001e-15,7.105427357601002e-15,0.29902715565509363
qc60,60.0,1.0,absolute_state_discordance_min_per_hour,Within-case phase range,2433,0.10995710246187025,0.2724177071509647,0.44378698224852065,0.6666666666666666,1.1969232373306289
qc60,60.0,1.0,low_reference_normal_display_min_per_hour,Within-case phase range,2433,0.0,0.10440835266821347,0.26408450704225356,0.4586518415566365,0.8702868482771063
qc60,60.0,1.0,normal_reference_low_display_min_per_hour,Within-case phase range,2433,0.11624304217030243,0.28673835125448033,0.4853764779091475,0.7340946166394781,1.2378432624760516
qc60,60.0,1.0,hidden_deficit_ratio,Within-case phase range,2346,0.10298170854174077,0.2924095372468539,0.5204166666666666,0.774159805641787,1.0
qc60,60.0,1.0,overdisplay_deficit_ratio,Within-case phase range,2346,0.16985282845316574,0.5211191932550835,1.0542009400705052,1.8522618559518926,4.8473330009970095
qc60,60.0,1.0,absolute_auc_disagreement_ratio,Within-case phase range,2346,0.1612045206435564,0.46487972470689465,0.8629184781273795,1.4692574646411733,3.9705882352941178
qc60,60.0,1.0,net_auc_bias_percent,Within-case phase range,2346,25.14248179519635,74.34426145030301,147.4562520538942,242.81701444622794,581.6799601196412
qc60,60.0,1.0,miss_fraction,Phase-averaged case value,1339,0.0,0.0,0.0,0.0,0.0
qc60,60.0,1.0,miss_fraction,Within-case phase range,1339,0.0,0.0,0.0,0.0,0.0
qc60,60.0,2.5,absolute_state_discordance_min_per_hour,Phase-averaged case value,2433,0.04340005171967933,0.3117569352708058,0.8939670932358318,1.8280739934711645,4.184864724268911
qc60,60.0,2.5,low_reference_normal_display_min_per_hour,Phase-averaged case value,2433,0.0,0.1065891472868217,0.40060698027314107,0.8746666666666665,2.0451065493646143
qc60,60.0,2.5,normal_reference_low_display_min_per_hour,Phase-averaged case value,2433,0.0315659548017582,0.20683453237410068,0.4943521594684385,0.9509803921568627,2.1479156118143465
qc60,60.0,2.5,hidden_deficit_ratio,Phase-averaged case value,2346,0.41061794039894256,0.6517598264311901,0.8107037584835992,0.8962962962962963,0.9333333333333333
qc60,60.0,2.5,overdisplay_deficit_ratio,Phase-averaged case value,2346,0.3390198342375424,0.5528942105797745,0.7159536541889483,0.8507748201654607,0.9333333333333333
qc60,60.0,2.5,absolute_auc_disagreement_ratio,Phase-averaged case value,2346,0.7891890193196542,1.2265967365967365,1.5019165682802047,1.7280732984293192,1.8666666666666667
qc60,60.0,2.5,net_auc_bias_percent,Phase-averaged case value,2346,-33.44137954078084,-8.374876777918601,-0.6596314765893938,5.684341886080802e-15,0.517986051163881
qc60,60.0,2.5,absolute_state_discordance_min_per_hour,Within-case phase range,2433,0.3720263381478335,0.7865168539325842,1.3480055020632737,1.9867549668874172,3.2241901199782825
qc60,60.0,2.5,low_reference_normal_display_min_per_hour,Within-case phase range,2433,0.0,0.10704727921498661,0.40871934604904636,0.9019607843137254,1.9559020348084448
qc60,60.0,2.5,normal_reference_low_display_min_per_hour,Within-case phase range,2433,0.36539008142802254,0.7999999999999999,1.3682432432432432,2.034883720930232,3.2602018318571826
qc60,60.0,2.5,hidden_deficit_ratio,Within-case phase range,2346,0.22021480629075563,0.42514880952380957,0.609375,0.8278304446937078,1.0
qc60,60.0,2.5,overdisplay_deficit_ratio,Within-case phase range,2346,0.5795865600248195,1.5717451283555035,2.902846583313675,5.114812754912866,13.0
qc60,60.0,2.5,absolute_auc_disagreement_ratio,Within-case phase range,2346,0.544188648187122,1.4525758129338695,2.598245614035087,4.622222222222222,12.0
qc60,60.0,2.5,net_auc_bias_percent,Within-case phase range,2346,75.81926573234679,191.70373665480426,332.37393983567455,569.7306446864882,1400.0
qc60,60.0,2.5,miss_fraction,Phase-averaged case value,1339,0.0,0.0788888888888889,0.2,0.3333333333333333,0.5333333333333333
qc60,60.0,2.5,miss_fraction,Within-case phase range,1339,0.0,0.2928571428571428,0.5,1.0,1.0
qc60,60.0,3.0,absolute_state_discordance_min_per_hour,Phase-averaged case value,2433,0.03920483822851409,0.3168316831683169,0.946969696969697,1.982342162252207,4.6129958387063486
qc60,60.0,3.0,low_reference_normal_display_min_per_hour,Phase-averaged case value,2433,0.0,0.10820413436692505,0.4202157864849517,0.9422270821942773,2.211570823053078
qc60,60.0,3.0,normal_reference_low_display_min_per_hour,Phase-averaged case value,2433,0.032132090681069835,0.21128718376424796,0.5263157894736842,1.0372340425531914,2.3681655555641803
qc60,60.0,3.0,hidden_deficit_ratio,Phase-averaged case value,2346,0.4519670653727911,0.6943141711574358,0.83931659477511,0.9122384392154749,0.9444444444444444
qc60,60.0,3.0,overdisplay_deficit_ratio,Phase-averaged case value,2346,0.3701796152733394,0.5920406510759773,0.7482867556005854,0.8712916444185558,0.9444444444444444
qc60,60.0,3.0,absolute_auc_disagreement_ratio,Phase-averaged case value,2346,0.884627170187227,1.2989535579610358,1.5621808193578528,1.76846926713948,1.8888888888888888
qc60,60.0,3.0,net_auc_bias_percent,Phase-averaged case value,2346,-33.85154021946475,-8.453807282433717,-0.7777487429633232,4.490235344039522e-15,0.5638251395352984
qc60,60.0,3.0,absolute_state_discordance_min_per_hour,Within-case phase range,2433,0.4446511627906977,0.9558823529411765,1.5668789808917194,2.3746701846965697,3.8677288068294633
qc60,60.0,3.0,low_reference_normal_display_min_per_hour,Within-case phase range,2433,0.0,0.1064773735581189,0.42142230026338895,1.0096670247046187,2.1583351684650958
qc60,60.0,3.0,normal_reference_low_display_min_per_hour,Within-case phase range,2433,0.4308488294878645,0.9677419354838709,1.596774193548387,2.4394057857701332,3.84050235478807
qc60,60.0,3.0,hidden_deficit_ratio,Within-case phase range,2346,0.24524423467156964,0.4491740514497118,0.6060138421249532,0.8260869565217391,1.0
qc60,60.0,3.0,overdisplay_deficit_ratio,Within-case phase range,2346,0.6608048496087439,1.8780471414088662,3.4868329868329866,6.09433962264151,16.0
qc60,60.0,3.0,absolute_auc_disagreement_ratio,Within-case phase range,2346,0.6775724797800178,1.7375899792590181,3.1873034088617516,5.603947368421053,15.0
qc60,60.0,3.0,net_auc_bias_percent,Within-case phase range,2346,90.8083490029482,222.83961356233345,386.69828890699574,666.6666666666667,1698.5294117647059
qc60,60.0,3.0,miss_fraction,Phase-averaged case value,1339,0.0,0.1527777777777778,0.2777777777777778,0.4166666666666667,0.6111111111111112
qc60,60.0,3.0,miss_fraction,Within-case phase range,1339,0.0,0.39999999999999997,0.6666666666666666,1.0,1.0
qc60,60.0,5.0,absolute_state_discordance_min_per_hour,Phase-averaged case value,2433,0.04488904641634672,0.3361256544502618,1.0733410942956927,2.3904761904761904,5.70778083562672
qc60,60.0,5.0,low_reference_normal_display_min_per_hour,Phase-averaged case value,2433,0.0,0.105742935278031,0.4690095846645367,1.1159985810571125,2.7704267807677203
qc60,60.0,5.0,normal_reference_low_display_min_per_hour,Phase-averaged case value,2433,0.03425717333956584,0.2300405953991881,0.604016064257028,1.2661870503597121,3.025033492822967
qc60,60.0,5.0,hidden_deficit_ratio,Phase-averaged case value,2346,0.5697687644817103,0.7936417097347367,0.8986288718385905,0.9462598374236305,0.9666666666666667
qc60,60.0,5.0,overdisplay_deficit_ratio,Phase-averaged case value,2346,0.4706190032603633,0.6995100731397539,0.8228425269200195,0.918595828771441,0.9666666666666667
qc60,60.0,5.0,absolute_auc_disagreement_ratio,Phase-averaged case value,2346,1.0945644060161441,1.4942412622100123,1.7038820413261697,1.8525757722475067,1.9333333333333333
qc60,60.0,5.0,net_auc_bias_percent,Phase-averaged case value,2346,-31.135148514851476,-7.480165911219113,-0.9365535748514427,3.315866100213801e-15,0.7456958124672632
qc60,60.0,5.0,absolute_state_discordance_min_per_hour,Within-case phase range,2433,0.769593566615953,1.5577439570277527,2.544861337683523,3.8935108153078204,5.976646515635707
qc60,60.0,5.0,low_reference_normal_display_min_per_hour,Within-case phase range,2433,0.0,0.10743061772605189,0.43654001616814875,1.2261580381471386,2.996277301123203
qc60,60.0,5.0,normal_reference_low_display_min_per_hour,Within-case phase range,2433,0.7645750988142292,1.586144029170465,2.651757188498402,4.038461538461538,6.239734841589196
qc60,60.0,5.0,hidden_deficit_ratio,Within-case phase range,2346,0.31465161363895544,0.4839223340867064,0.6427742790851838,0.8445495993368333,1.0
qc60,60.0,5.0,overdisplay_deficit_ratio,Within-case phase range,2346,1.2355419300235895,3.1664745219860473,5.89653406792592,10.592281984007997,27.0
qc60,60.0,5.0,absolute_auc_disagreement_ratio,Within-case phase range,2346,1.1077685609902268,2.907689725159853,5.592336252471851,10.045148247978437,26.0
qc60,60.0,5.0,net_auc_bias_percent,Within-case phase range,2346,151.39282871644983,356.336485640776,630.4585622457383,1110.7723577235772,2800.0
qc60,60.0,5.0,miss_fraction,Phase-averaged case value,1339,0.1,0.3416666666666667,0.5,0.6333333333333333,0.7666666666666667
qc60,60.0,5.0,miss_fraction,Within-case phase range,1339,0.3333333333333333,0.6666666666666666,1.0,1.0,1.0
qc60,60.0,10.0,absolute_state_discordance_min_per_hour,Phase-averaged case value,2433,0.044457063979780095,0.3445544554455446,1.1533333333333333,2.8090638930163445,7.1487350788215815
qc60,60.0,10.0,low_reference_normal_display_min_per_hour,Phase-averaged case value,2433,0.0,0.09774436090225563,0.472877358490566,1.291850915982312,3.4088088034710986
qc60,60.0,10.0,normal_reference_low_display_min_per_hour,Phase-averaged case value,2433,0.03581243184296619,0.23902027027027026,0.67962308598351,1.5211526670754136,3.713887079261674
qc60,60.0,10.0,hidden_deficit_ratio,Phase-averaged case value,2346,0.7186033841667917,0.8845005603200897,0.9458180147058823,0.9721400546943711,0.9833333333333333
qc60,60.0,10.0,overdisplay_deficit_ratio,Phase-averaged case value,2346,0.5709655348990088,0.8014142873251704,0.8923120570931943,0.9503160231207852,0.9833333333333333
qc60,60.0,10.0,absolute_auc_disagreement_ratio,Phase-averaged case value,2346,1.3498813604247477,1.6770911069651742,1.8239337080509175,1.915820707070707,1.9666666666666666
qc60,60.0,10.0,net_auc_bias_percent,Phase-averaged case value,2346,-30.05625948295985,-6.596818780610947,-1.250000000000001,0.0,0.1918134015699631
qc60,60.0,10.0,absolute_state_discordance_min_per_hour,Within-case phase range,2433,1.367443058150531,2.9331046312178386,4.557956777996071,7.193932827735645,10.813811208035844
qc60,60.0,10.0,low_reference_normal_display_min_per_hour,Within-case phase range,2433,0.0,0.1111111111111111,0.4527162977867203,1.3565891472868217,3.828765082675406
qc60,60.0,10.0,normal_reference_low_display_min_per_hour,Within-case phase range,2433,1.3603774272881581,2.9673093042749366,4.709066305818674,7.48314606741573,11.251678963771095
qc60,60.0,10.0,hidden_deficit_ratio,Within-case phase range,2346,0.35437524717440627,0.5137498757167004,0.668690858980248,0.8671570970164539,1.0
qc60,60.0,10.0,overdisplay_deficit_ratio,Within-case phase range,2346,2.4566845754134614,6.1370962532299735,11.742747673782155,21.39721526908636,55.88235294117647
qc60,60.0,10.0,absolute_auc_disagreement_ratio,Within-case phase range,2346,2.1763965135806043,5.809297886078437,11.418822887758868,20.82260101010101,54.89705882352941
qc60,60.0,10.0,net_auc_bias_percent,Within-case phase range,2346,281.88360929760387,657.8420429561982,1220.998236677116,2188.7362899835675,5686.764705882353
qc60,60.0,10.0,miss_fraction,Phase-averaged case value,1339,0.3807777777777778,0.5951388888888889,0.7166666666666667,0.8,0.8833333333333333
qc60,60.0,10.0,miss_fraction,Within-case phase range,1339,0.5,0.7142857142857143,1.0,1.0,1.0
qc60,65.0,1.0,absolute_state_discordance_min_per_hour,Phase-averaged case value,2433,0.08770405723520032,0.5381471389645777,1.1381367599816428,2.0593579648697755,4.0572735400073725
qc60,65.0,1.0,low_reference_normal_display_min_per_hour,Phase-averaged case value,2433,0.0,0.24216524216524216,0.5378787878787878,1.0030395136778116,1.9950059453032112
qc60,65.0,1.0,normal_reference_low_display_min_per_hour,Phase-averaged case value,2433,0.056792384686822815,0.2877697841726618,0.5968253968253968,1.0579819277108433,2.0473452215015713
qc60,65.0,1.0,hidden_deficit_ratio,Phase-averaged case value,2391,0.1658600709292719,0.2808273427013488,0.4143610013175231,0.6191302910052909,0.8212340799297322
qc60,65.0,1.0,overdisplay_deficit_ratio,Phase-averaged case value,2391,0.15478643390457034,0.26138392857142856,0.36893583724569634,0.5418181657801653,0.7954358974358974
qc60,65.0,1.0,absolute_auc_disagreement_ratio,Phase-averaged case value,2391,0.32699493001917224,0.550050397248903,0.7923882830874492,1.148630817703157,1.5887239307175678
qc60,65.0,1.0,net_auc_bias_percent,Phase-averaged case value,2391,-22.360037755884612,-4.284741943812042,-0.10025062656641263,7.105427357601002e-15,0.39163431743113275
qc60,65.0,1.0,absolute_state_discordance_min_per_hour,Within-case phase range,2433,0.18433179723502305,0.39806996381182125,0.6002308580223162,0.8653846153846154,1.4457831325301198
qc60,65.0,1.0,low_reference_normal_display_min_per_hour,Within-case phase range,2433,0.0,0.22918258212375864,0.42179261862917417,0.6664113366526233,1.1820223891589337
qc60,65.0,1.0,normal_reference_low_display_min_per_hour,Within-case phase range,2433,0.19672511689431427,0.40776699029126207,0.6311881188118811,0.8896797153024911,1.5032724156780473
qc60,65.0,1.0,hidden_deficit_ratio,Within-case phase range,2391,0.05106833178776693,0.14984320579818156,0.2976995940460081,0.5656778274621006,0.97859477124183
qc60,65.0,1.0,overdisplay_deficit_ratio,Within-case phase range,2391,0.08893785636257058,0.2557702246074339,0.5572289156626506,1.1879598874815251,3.094347826086956
qc60,65.0,1.0,absolute_auc_disagreement_ratio,Within-case phase range,2391,0.08062978514106331,0.22517864910209423,0.4714285714285712,0.9704416915500845,2.494083233612552
qc60,65.0,1.0,net_auc_bias_percent,Within-case phase range,2391,12.371280113367973,37.4414194134888,78.57142857142857,164.0574536800952,390.363196125908
qc60,65.0,1.0,miss_fraction,Phase-averaged case value,1894,0.0,0.0,0.0,0.0,0.0
qc60,65.0,1.0,miss_fraction,Within-case phase range,1894,0.0,0.0,0.0,0.0,0.0
qc60,65.0,2.5,absolute_state_discordance_min_per_hour,Phase-averaged case value,2433,0.10664656181697578,0.8306801736613603,1.9532619279454722,3.5704323570432357,6.926038709677419
qc60,65.0,2.5,low_reference_normal_display_min_per_hour,Phase-averaged case value,2433,0.0,0.371559633027523,0.9152658662092624,1.7296181630546954,3.3786807603152527
qc60,65.0,2.5,normal_reference_low_display_min_per_hour,Phase-averaged case value,2433,0.07435290064171583,0.45474613686534215,1.038892551087673,1.8666666666666665,3.547455252918288
qc60,65.0,2.5,hidden_deficit_ratio,Phase-averaged case value,2391,0.2997560559322951,0.46662937773623325,0.6350682396483923,0.8181744451817445,0.9264180264180264
qc60,65.0,2.5,overdisplay_deficit_ratio,Phase-averaged case value,2391,0.28213164181438577,0.4333913245186731,0.5751412429378532,0.7397199993971999,0.9111111111111111
qc60,65.0,2.5,absolute_auc_disagreement_ratio,Phase-averaged case value,2391,0.5916953040306334,0.9169764265742328,1.22020202020202,1.5419956201296174,1.8178825475599671
qc60,65.0,2.5,net_auc_bias_percent,Phase-averaged case value,2391,-23.33137776880601,-5.140943144146369,-0.44811885933380824,5.684341886080802e-15,0.5695245235417663
qc60,65.0,2.5,absolute_state_discordance_min_per_hour,Within-case phase range,2433,0.5528498666019888,1.1703511053315994,1.8045112781954884,2.554082344731332,3.967545638945234
qc60,65.0,2.5,low_reference_normal_display_min_per_hour,Within-case phase range,2433,0.0,0.40501446480231434,0.9424083769633506,1.541501976284585,2.790914221218965
qc60,65.0,2.5,normal_reference_low_display_min_per_hour,Within-case phase range,2433,0.5504997745819966,1.1671732522796352,1.810933940774487,2.481012658227848,3.8200667582957
qc60,65.0,2.5,hidden_deficit_ratio,Within-case phase range,2391,0.11649716829912843,0.25896317326592755,0.42949756888168567,0.6533422064477965,0.993419359025667
qc60,65.0,2.5,overdisplay_deficit_ratio,Within-case phase range,2391,0.27621470924163516,0.8206798055234559,1.6592698639942733,3.2435803578507816,8.628223726627981
qc60,65.0,2.5,absolute_auc_disagreement_ratio,Within-case phase range,2391,0.2628239986127169,0.7576054339774252,1.490909090909091,2.9150214433599526,7.975206611570249
qc60,65.0,2.5,net_auc_bias_percent,Within-case phase range,2391,36.014841699020536,98.46383881584444,195.8184599694034,369.738301899106,933.300395256917
qc60,65.0,2.5,miss_fraction,Phase-averaged case value,1894,0.0,0.05261904761904762,0.14444444444444443,0.23333333333333334,0.43333333333333335
qc60,65.0,2.5,miss_fraction,Within-case phase range,1894,0.0,0.2,0.3333333333333333,0.5,1.0
qc60,65.0,3.0,absolute_state_discordance_min_per_hour,Phase-averaged case value,2433,0.10830050680497434,0.8995433789954337,2.165289256198347,3.957894736842105,7.628779928315412
qc60,65.0,3.0,low_reference_normal_display_min_per_hour,Phase-averaged case value,2433,0.0,0.39455782312925164,1.0119904076738608,1.937441643323996,3.7255569576460807
qc60,65.0,3.0,normal_reference_low_display_min_per_hour,Phase-averaged case value,2433,0.07584891107998944,0.4937570942111237,1.146413972500929,2.068168688619295,3.9145117559497287
qc60,65.0,3.0,hidden_deficit_ratio,Phase-averaged case value,2391,0.3318213544902744,0.5059144866523608,0.6766809728183119,0.8460540730689985,0.9373199100428702
qc60,65.0,3.0,overdisplay_deficit_ratio,Phase-averaged case value,2391,0.3153698366997695,0.46853880704991835,0.6128688611910089,0.7684260639178672,0.9241177281499862
qc60,65.0,3.0,absolute_auc_disagreement_ratio,Phase-averaged case value,2391,0.6571805265140493,0.9903980959259004,1.2964912280701755,1.5909577610397283,1.8457435897435899
qc60,65.0,3.0,net_auc_bias_percent,Phase-averaged case value,2391,-25.234188867229808,-4.922049550557267,-0.519647340456577,4.736951571734001e-15,0.6664066337291611
qc60,65.0,3.0,absolute_state_discordance_min_per_hour,Within-case phase range,2433,0.6679781420765027,1.40625,2.1613155833985904,3.0079155672823212,4.757787841361329
qc60,65.0,3.0,low_reference_normal_display_min_per_hour,Within-case phase range,2433,0.0,0.4242424242424242,1.0693069306930691,1.8315789473684214,3.333333333333333
qc60,65.0,3.0,normal_reference_low_display_min_per_hour,Within-case phase range,2433,0.6691157867561637,1.3908872901678655,2.1444201312910285,2.9711141678129294,4.568722309925142
qc60,65.0,3.0,hidden_deficit_ratio,Within-case phase range,2391,0.14497888106933154,0.286419015967858,0.4481054365733114,0.6577761972498815,0.9907576594569328
qc60,65.0,3.0,overdisplay_deficit_ratio,Within-case phase range,2391,0.3449700976576191,0.9918237719199491,1.9641025641025638,3.914038078999716,10.153902798232696
qc60,65.0,3.0,absolute_auc_disagreement_ratio,Within-case phase range,2391,0.3302820027899952,0.9202714447408845,1.7730870712401052,3.593914585180164,9.420276497695852
qc60,65.0,3.0,net_auc_bias_percent,Within-case phase range,2391,45.2674087145378,120.9052404503841,228.22966507177037,434.7361988508302,1093.2806324110672
qc60,65.0,3.0,miss_fraction,Phase-averaged case value,1894,0.0,0.09722222222222222,0.19753086419753085,0.30000000000000004,0.5277777777777778
qc60,65.0,3.0,miss_fraction,Within-case phase range,1894,0.0,0.25,0.5,0.6666666666666666,1.0
qc60,65.0,5.0,absolute_state_discordance_min_per_hour,Phase-averaged case value,2433,0.11040843324375368,1.0370843989769822,2.727272727272727,5.208308605341246,9.747151547861389
qc60,65.0,5.0,low_reference_normal_display_min_per_hour,Phase-averaged case value,2433,0.0,0.44135893648449037,1.2832886505808756,2.507647058823529,4.773780918727917
qc60,65.0,5.0,normal_reference_low_display_min_per_hour,Phase-averaged case value,2433,0.08104374393592206,0.5836012861736334,1.4477611940298507,2.6811594202898545,5.0295931926798
qc60,65.0,5.0,hidden_deficit_ratio,Phase-averaged case value,2391,0.4353116591278126,0.6235369871159301,0.7807909604519774,0.9024907363022818,0.9615773115773116
qc60,65.0,5.0,overdisplay_deficit_ratio,Phase-averaged case value,2391,0.4070249244176194,0.5808976894779279,0.7186428038777032,0.8475663642473119,0.9551971326164874
qc60,65.0,5.0,absolute_auc_disagreement_ratio,Phase-averaged case value,2391,0.8627400753121433,1.217417021374119,1.4984943538268507,1.728538035607803,1.9065380456818488
qc60,65.0,5.0,net_auc_bias_percent,Phase-averaged case value,2391,-22.550571407322934,-4.999060503570076,-0.61382439284761,3.789561257387201e-15,0.9555664197637819
qc60,65.0,5.0,absolute_state_discordance_min_per_hour,Within-case phase range,2433,1.0761346433426682,2.2955145118733506,3.5403726708074528,4.896073903002309,7.369414880095366
qc60,65.0,5.0,low_reference_normal_display_min_per_hour,Within-case phase range,2433,0.0,0.446096654275093,1.4152495885902359,2.5882352941176467,4.996827416406609
qc60,65.0,5.0,normal_reference_low_display_min_per_hour,Within-case phase range,2433,1.0979454233191273,2.288961038961039,3.5550935550935554,4.878373875374875,7.293337666558336
qc60,65.0,5.0,hidden_deficit_ratio,Within-case phase range,2391,0.21702219887035332,0.3730274019350137,0.5183823529411764,0.7095257031575192,0.9960811118705856
qc60,65.0,5.0,overdisplay_deficit_ratio,Within-case phase range,2391,0.661678077809654,1.7230739688148091,3.3687763713080168,6.617804620275642,18.166666666666668
qc60,65.0,5.0,absolute_auc_disagreement_ratio,Within-case phase range,2391,0.6015881839116969,1.5968927550154985,3.1004784688995217,6.219340684068407,17.414292853573215
qc60,65.0,5.0,net_auc_bias_percent,Within-case phase range,2391,82.47533621712755,201.37895596721916,375.0,706.7147613762488,1895.6521739130435
qc60,65.0,5.0,miss_fraction,Phase-averaged case value,1894,0.03333333333333333,0.25,0.36666666666666664,0.5055555555555555,0.7
qc60,65.0,5.0,miss_fraction,Within-case phase range,1894,0.2,0.5,0.6666666666666666,1.0,1.0
qc60,65.0,10.0,absolute_state_discordance_min_per_hour,Phase-averaged case value,2433,0.10987875709611325,1.1315055762081783,3.3673163418290852,6.5679012345679,12.900570393062088
qc60,65.0,10.0,low_reference_normal_display_min_per_hour,Phase-averaged case value,2433,0.0,0.4457902511078286,1.5253036437246963,3.137267617812365,6.190822485879991
qc60,65.0,10.0,normal_reference_low_display_min_per_hour,Phase-averaged case value,2433,0.08446865257880014,0.6555755395683452,1.8242491657397109,3.434111445783132,6.644417651314205
qc60,65.0,10.0,hidden_deficit_ratio,Phase-averaged case value,2391,0.5705644980361165,0.7572364877328907,0.8767304860088366,0.9470462139112457,0.9802556818181818
qc60,65.0,10.0,overdisplay_deficit_ratio,Phase-averaged case value,2391,0.5277608479546697,0.7051237278186304,0.818844696969697,0.9071375327897067,0.9752836573074155
qc60,65.0,10.0,absolute_auc_disagreement_ratio,Phase-averaged case value,2391,1.1252678370202487,1.4627870406523966,1.6826071922544952,1.8404464285714286,1.95
qc60,65.0,10.0,net_auc_bias_percent,Phase-averaged case value,2391,-20.744944928856203,-4.595867325697773,-0.9211653813196141,-2.2204460492503132e-17,0.7257884919146025
qc60,65.0,10.0,absolute_state_discordance_min_per_hour,Within-case phase range,2433,2.0828457894059365,3.983972524327418,6.221441124780316,8.564397046759638,12.701018418201523
qc60,65.0,10.0,low_reference_normal_display_min_per_hour,Within-case phase range,2433,0.0,0.4545454545454544,1.715193223928004,3.604240282685512,7.338552407847507
qc60,65.0,10.0,normal_reference_low_display_min_per_hour,Within-case phase range,2433,2.0682429527728305,4.104089219330855,6.458486407053638,9.083044982698961,13.191181965375515
qc60,65.0,10.0,hidden_deficit_ratio,Within-case phase range,2391,0.31367963652667985,0.451277130597523,0.5874363327674025,0.7494282011362617,1.0
qc60,65.0,10.0,overdisplay_deficit_ratio,Within-case phase range,2391,1.2725508942676491,3.276748915170595,6.4801762114537445,12.987737956487956,36.48847517730496
qc60,65.0,10.0,absolute_auc_disagreement_ratio,Within-case phase range,2391,1.1240030457516201,3.0336868495930913,6.157894736842105,12.670399402762225,35.92222222222222
qc60,65.0,10.0,net_auc_bias_percent,Within-case phase range,2391,157.55745037741124,363.6048847041553,688.9848812095033,1345.1790633608816,3724.137931034483
qc60,65.0,10.0,miss_fraction,Phase-averaged case value,1894,0.2740277777777778,0.46270833333333333,0.5988095238095238,0.725,0.85
qc60,65.0,10.0,miss_fraction,Within-case phase range,1894,0.4285714285714286,0.625,0.8333333333333334,1.0,1.0
qc_all,55.0,1.0,absolute_state_discordance_min_per_hour,Phase-averaged case value,2429,0.0,0.09523809523809523,0.2774631936579841,0.5882352941176471,1.2936565489139815
qc_all,55.0,1.0,low_reference_normal_display_min_per_hour,Phase-averaged case value,2429,0.0,0.024425989252564728,0.11952191235059761,0.2740740740740741,0.6229795590466837
qc_all,55.0,1.0,normal_reference_low_display_min_per_hour,Phase-averaged case value,2429,0.0,0.07112375533428165,0.1592356687898089,0.3153846153846154,0.664543055686967
qc_all,55.0,1.0,hidden_deficit_ratio,Phase-averaged case value,2246,0.3012823999181867,0.5769422974413645,0.7308464627741738,0.803867102396514,0.8333333333333334
qc_all,55.0,1.0,overdisplay_deficit_ratio,Phase-averaged case value,2246,0.22037295961057826,0.4304451767138334,0.6139757864969955,0.7622222222222222,0.8333333333333334
qc_all,55.0,1.0,absolute_auc_disagreement_ratio,Phase-averaged case value,2246,0.5845248318305425,1.0137158643018016,1.3278984304088908,1.5333333333333332,1.6666666666666667
qc_all,55.0,1.0,net_auc_bias_percent,Phase-averaged case value,2246,-41.567822384428226,-12.217075084500234,-4.736951571734001e-15,9.048317650695026e-15,1.8947806286936004e-14
qc_all,55.0,1.0,absolute_state_discordance_min_per_hour,Within-case phase range,2429,0.0,0.2105263157894737,0.3263403263403263,0.5194805194805194,0.8823529411764707
qc_all,55.0,1.0,low_reference_normal_display_min_per_hour,Within-case phase range,2429,0.0,0.03092783505154639,0.13333333333333333,0.28846153846153844,0.5685861798823936
qc_all,55.0,1.0,normal_reference_low_display_min_per_hour,Within-case phase range,2429,0.0,0.2191380569758948,0.35971223021582727,0.5999999999999999,1.0
qc_all,55.0,1.0,hidden_deficit_ratio,Within-case phase range,2246,0.18795010288065844,0.4853991596638655,0.6928944110364343,0.9333333333333333,1.0
qc_all,55.0,1.0,overdisplay_deficit_ratio,Within-case phase range,2246,0.30033120063426844,0.8873165618448637,1.5499335327351278,2.5591384079500052,5.0
qc_all,55.0,1.0,absolute_auc_disagreement_ratio,Within-case phase range,2246,0.28897781098006803,0.7702006668120773,1.2446712018140589,2.0,4.0
qc_all,55.0,1.0,net_auc_bias_percent,Within-case phase range,2246,49.76114649681529,131.39941955378197,206.2150164060992,323.0769230769231,600.0000000000001
qc_all,55.0,1.0,miss_fraction,Phase-averaged case value,678,0.0,0.0,0.0,0.0,0.0
qc_all,55.0,1.0,miss_fraction,Within-case phase range,678,0.0,0.0,0.0,0.0,0.0
qc_all,55.0,2.5,absolute_state_discordance_min_per_hour,Phase-averaged case value,2429,0.0,0.11794871794871795,0.37209302325581395,0.8264878457669739,2.032476978571253
qc_all,55.0,2.5,low_reference_normal_display_min_per_hour,Phase-averaged case value,2429,0.0,0.021199072540576347,0.1506276150627615,0.37793764988009587,0.981247771836007
qc_all,55.0,2.5,normal_reference_low_display_min_per_hour,Phase-averaged case value,2429,0.0,0.08433734939759034,0.2246670526925304,0.45757864632983797,1.0730401377560552
qc_all,55.0,2.5,hidden_deficit_ratio,Phase-averaged case value,2246,0.5474864572047671,0.8007477168949771,0.8840091324200914,0.9180287929125139,0.9333333333333333
qc_all,55.0,2.5,overdisplay_deficit_ratio,Phase-averaged case value,2246,0.34715370866845396,0.6266348561759728,0.8050719314355678,0.8981172945532272,0.9333333333333333
qc_all,55.0,2.5,absolute_auc_disagreement_ratio,Phase-averaged case value,2246,0.9970325104961204,1.4238585536512998,1.6666666666666667,1.8,1.8666666666666667
qc_all,55.0,2.5,net_auc_bias_percent,Phase-averaged case value,2246,-43.257627118644066,-12.536764705882343,-1.19942778852353,3.789561257387201e-15,2.2026824808563106e-14
qc_all,55.0,2.5,absolute_state_discordance_min_per_hour,Within-case phase range,2429,0.0,0.5710401087695445,0.9341317365269461,1.5625,2.567077489729423
qc_all,55.0,2.5,low_reference_normal_display_min_per_hour,Within-case phase range,2429,0.0,0.03146303093864709,0.14251781472684083,0.3826086956521739,1.0770887998895178
qc_all,55.0,2.5,normal_reference_low_display_min_per_hour,Within-case phase range,2429,0.0,0.582105641394179,0.963302752293578,1.6702355460385436,2.7564782007844006
qc_all,55.0,2.5,hidden_deficit_ratio,Within-case phase range,2246,0.3447448783302876,0.5410318225650916,0.7288467647993222,0.9492048036351833,1.0
qc_all,55.0,2.5,overdisplay_deficit_ratio,Within-case phase range,2246,0.9665486042004924,2.547066000498467,4.2696630246845455,7.082483781278962,14.0
qc_all,55.0,2.5,absolute_auc_disagreement_ratio,Within-case phase range,2246,1.0,2.2830101628071593,3.870967741935484,6.425042016806723,13.0
qc_all,55.0,2.5,net_auc_bias_percent,Within-case phase range,2246,128.5844513243894,297.60342500814374,481.9004524886879,777.7777777777777,1500.0
qc_all,55.0,2.5,miss_fraction,Phase-averaged case value,678,0.0,0.1111111111111111,0.26666666666666666,0.4,0.6
qc_all,55.0,2.5,miss_fraction,Within-case phase range,678,0.0,0.5,1.0,1.0,1.0
qc_all,55.0,3.0,absolute_state_discordance_min_per_hour,Phase-averaged case value,2429,0.0,0.12056737588652482,0.3841229193341869,0.8735262593783494,2.185559540929051
qc_all,55.0,3.0,low_reference_normal_display_min_per_hour,Phase-averaged case value,2429,0.0,0.019379844961240306,0.15296367112810708,0.39062499999999994,1.0424465040789306
qc_all,55.0,3.0,normal_reference_low_display_min_per_hour,Phase-averaged case value,2429,0.0,0.08636977058029689,0.23629964806435394,0.4878048780487804,1.1637458596808177
qc_all,55.0,3.0,hidden_deficit_ratio,Phase-averaged case value,2246,0.5958751962323391,0.8310726655021938,0.9027777777777778,0.930937862950058,0.9444444444444444
qc_all,55.0,3.0,overdisplay_deficit_ratio,Phase-averaged case value,2246,0.37426176084314255,0.6658168573593719,0.829707507592123,0.9124362178485889,0.9444444444444444
qc_all,55.0,3.0,absolute_auc_disagreement_ratio,Phase-averaged case value,2246,1.063299580524558,1.4836796189252837,1.708664021164021,1.8333333333333333,1.8888888888888888
qc_all,55.0,3.0,net_auc_bias_percent,Phase-averaged case value,2246,-44.56018518518519,-11.779685460322202,-1.4241863651935516,3.157967714489334e-15,2.5263741715914672e-14
qc_all,55.0,3.0,absolute_state_discordance_min_per_hour,Within-case phase range,2429,0.0,0.6934058463630183,1.1123986095017377,1.8709677419354838,2.92866650915943
qc_all,55.0,3.0,low_reference_normal_display_min_per_hour,Within-case phase range,2429,0.0,0.03146303093864709,0.14405762304921965,0.38496791934005503,1.1815316542956533
qc_all,55.0,3.0,normal_reference_low_display_min_per_hour,Within-case phase range,2429,0.0,0.6982156710628393,1.1434977578475334,1.967213114754098,3.1070012831265275
qc_all,55.0,3.0,hidden_deficit_ratio,Within-case phase range,2246,0.3638125440451022,0.5416666666666667,0.7287848991388814,0.9458230958230958,1.0
qc_all,55.0,3.0,overdisplay_deficit_ratio,Within-case phase range,2246,1.1517295004001027,2.9739900914634143,5.138114453411593,8.573708206686929,17.0
qc_all,55.0,3.0,absolute_auc_disagreement_ratio,Within-case phase range,2246,1.0829375656598108,2.709487324188227,4.720962843483441,7.9553732419762,16.0
qc_all,55.0,3.0,net_auc_bias_percent,Within-case phase range,2246,151.53559322033897,342.4307823804146,568.0566801619434,924.6590627324574,1800.0
qc_all,55.0,3.0,miss_fraction,Phase-averaged case value,678,0.0,0.1875,0.3333333333333333,0.5,0.6666666666666666
qc_all,55.0,3.0,miss_fraction,Within-case phase range,678,0.0,0.5,1.0,1.0,1.0
qc_all,55.0,5.0,absolute_state_discordance_min_per_hour,Phase-averaged case value,2429,0.0,0.12709030100334448,0.41210374639769454,0.9638968481375357,2.6535447421177314
qc_all,55.0,5.0,low_reference_normal_display_min_per_hour,Phase-averaged case value,2429,0.0,0.012950971322849213,0.15259959486833222,0.41154791154791154,1.243145945945946
qc_all,55.0,5.0,normal_reference_low_display_min_per_hour,Phase-averaged case value,2429,0.0,0.0940032414910859,0.25078764965343414,0.5475564897530215,1.4069501153738924
qc_all,55.0,5.0,hidden_deficit_ratio,Phase-averaged case value,2246,0.7322773614721925,0.8941288102843171,0.9394219461062535,0.9578947368421052,0.9666666666666667
qc_all,55.0,5.0,overdisplay_deficit_ratio,Phase-averaged case value,2246,0.4795989698307579,0.7638395061728395,0.8871677252411199,0.9449166914240443,0.9666666666666667
qc_all,55.0,5.0,absolute_auc_disagreement_ratio,Phase-averaged case value,2246,1.260448775752048,1.6333333333333333,1.8097944014865432,1.8963779956427014,1.9333333333333333
qc_all,55.0,5.0,net_auc_bias_percent,Phase-averaged case value,2246,-40.979887615444525,-10.369507095358877,-1.4443316827352004,3.789561257387201e-15,0.13562091503268098
qc_all,55.0,5.0,absolute_state_discordance_min_per_hour,Within-case phase range,2429,0.0,1.1599999999999997,1.8386108273748722,3.1785195936139328,4.866098037200698
qc_all,55.0,5.0,low_reference_normal_display_min_per_hour,Within-case phase range,2429,0.0,0.03146303093864709,0.14634146341463414,0.41171088746569073,1.4277722277722276
qc_all,55.0,5.0,normal_reference_low_display_min_per_hour,Within-case phase range,2429,0.0,1.1646586345381524,1.8629550321199142,3.3227243793761936,5.232669060850358
qc_all,55.0,5.0,hidden_deficit_ratio,Within-case phase range,2246,0.3772220019260183,0.5516363636363637,0.7349117399831886,0.9581394524045964,1.0
qc_all,55.0,5.0,overdisplay_deficit_ratio,Within-case phase range,2246,2.014073139441445,5.11201549903911,8.891165755919854,15.030114226375908,29.0
qc_all,55.0,5.0,absolute_auc_disagreement_ratio,Within-case phase range,2246,1.922866043613707,4.7369564532888315,8.454607843137255,14.372766834631241,28.0
qc_all,55.0,5.0,net_auc_bias_percent,Within-case phase range,2246,239.00856793145655,560.1515151515151,942.6439232409382,1571.279761904762,3000.0
qc_all,55.0,5.0,miss_fraction,Phase-averaged case value,678,0.13333333333333333,0.42291666666666666,0.5958333333333333,0.7,0.8
qc_all,55.0,5.0,miss_fraction,Within-case phase range,678,0.35,1.0,1.0,1.0,1.0
qc_all,55.0,10.0,absolute_state_discordance_min_per_hour,Phase-averaged case value,2429,0.0,0.12922465208747516,0.4221902017291066,1.0139553429027113,3.056713207874425
qc_all,55.0,10.0,low_reference_normal_display_min_per_hour,Phase-averaged case value,2429,0.0,0.0064754856614246065,0.14227642276422764,0.4159928122192273,1.4263737183511191
qc_all,55.0,10.0,normal_reference_low_display_min_per_hour,Phase-averaged case value,2429,0.0,0.09850483729111698,0.2694980694980695,0.5983321751216122,1.6614275473630309
qc_all,55.0,10.0,hidden_deficit_ratio,Phase-averaged case value,2246,0.848258486374633,0.9440887937604384,0.9687390817213153,0.9784090649682692,0.9833333333333333
qc_all,55.0,10.0,overdisplay_deficit_ratio,Phase-averaged case value,2246,0.5477589742474965,0.8422769626444052,0.9284227922523651,0.9666666666666667,0.9833333333333333
qc_all,55.0,10.0,absolute_auc_disagreement_ratio,Phase-averaged case value,2246,1.4191073887905965,1.7707524585921326,1.8871953420669578,1.9410535117056855,1.9666666666666666
qc_all,55.0,10.0,net_auc_bias_percent,Phase-averaged case value,2246,-38.702368823229754,-8.318919031027047,-1.6666666666666667,0.0,1.7053025658242404e-14
qc_all,55.0,10.0,absolute_state_discordance_min_per_hour,Within-case phase range,2429,0.0,2.2888283378746594,3.50109409190372,5.994500458295142,9.473684210526317
qc_all,55.0,10.0,low_reference_normal_display_min_per_hour,Within-case phase range,2429,0.0,0.03146303093864709,0.15228426395939085,0.4272997032640949,1.6190114874381574
qc_all,55.0,10.0,normal_reference_low_display_min_per_hour,Within-case phase range,2429,0.0,2.2957198443579765,3.5223880597014925,6.136363636363637,9.712230131448669
qc_all,55.0,10.0,hidden_deficit_ratio,Within-case phase range,2246,0.3916091019910605,0.5660377358490566,0.76,0.971909815724167,1.0
qc_all,55.0,10.0,overdisplay_deficit_ratio,Within-case phase range,2246,3.7211875653226247,10.075841120712756,17.895867198660163,30.791176470588237,58.99999999999999
qc_all,55.0,10.0,absolute_auc_disagreement_ratio,Within-case phase range,2246,3.5591634295227523,9.707863560922565,17.430988894764674,30.05990338164251,57.99999999999999
qc_all,55.0,10.0,net_auc_bias_percent,Within-case phase range,2246,406.7796610169492,1045.2063652721547,1850.1101321585902,3134.832089552239,6000.0
qc_all,55.0,10.0,miss_fraction,Phase-averaged case value,678,0.4325,0.6677083333333333,0.7833333333333333,0.85,0.9
qc_all,55.0,10.0,miss_fraction,Within-case phase range,678,0.5,1.0,1.0,1.0,1.0
qc_all,60.0,1.0,absolute_state_discordance_min_per_hour,Phase-averaged case value,2429,0.034170241695384115,0.22590361445783128,0.5780730897009967,1.0762942779291553,2.3947684741015203
qc_all,60.0,1.0,low_reference_normal_display_min_per_hour,Phase-averaged case value,2429,0.0,0.0922509225092251,0.26666666666666666,0.5183585313174945,1.1681994973060226
qc_all,60.0,1.0,normal_reference_low_display_min_per_hour,Phase-averaged case value,2429,0.025044970250449702,0.13490725126475547,0.3088803088803089,0.5648535564853556,1.227281569433484
qc_all,60.0,1.0,hidden_deficit_ratio,Phase-averaged case value,2340,0.23064572106499473,0.42962806424344885,0.6153487035839977,0.757382521974307,0.8333333333333334
qc_all,60.0,1.0,overdisplay_deficit_ratio,Phase-averaged case value,2340,0.19418479167279826,0.35671722990271376,0.5072429612870788,0.6896319444444444,0.8333333333333334
qc_all,60.0,1.0,absolute_auc_disagreement_ratio,Phase-averaged case value,2340,0.45561502174649265,0.8151729526092726,1.125,1.4222222222222223,1.6666666666666667
qc_all,60.0,1.0,net_auc_bias_percent,Phase-averaged case value,2340,-33.333333333333336,-8.496452274740815,-0.0865430273507406,7.105427357601002e-15,0.31448397228844277
qc_all,60.0,1.0,absolute_state_discordance_min_per_hour,Within-case phase range,2429,0.10489853272768865,0.2714932126696832,0.4411764705882353,0.6666666666666666,1.1874475583151534
qc_all,60.0,1.0,low_reference_normal_display_min_per_hour,Within-case phase range,2429,0.0,0.10302197802197802,0.26200873362445415,0.45676998368678634,0.8695652173913041
qc_all,60.0,1.0,normal_reference_low_display_min_per_hour,Within-case phase range,2429,0.10329354459910825,0.2850356294536817,0.48517520215633425,0.7342657342657344,1.2330225742080316
qc_all,60.0,1.0,hidden_deficit_ratio,Within-case phase range,2340,0.10421792785086985,0.2924332901031349,0.5328241422591107,0.7869670455228817,1.0
qc_all,60.0,1.0,overdisplay_deficit_ratio,Within-case phase range,2340,0.1710916468566581,0.5416301937441643,1.0854103343465047,1.8882222222222222,5.0
qc_all,60.0,1.0,absolute_auc_disagreement_ratio,Within-case phase range,2340,0.15816574501389472,0.47160865934491986,0.8910504003768253,1.5066817240730284,4.0
qc_all,60.0,1.0,net_auc_bias_percent,Within-case phase range,2340,25.443553061745,79.32691704153156,153.082336382829,246.58156477668678,600.0
qc_all,60.0,1.0,miss_fraction,Phase-averaged case value,1296,0.0,0.0,0.0,0.0,0.0
qc_all,60.0,1.0,miss_fraction,Within-case phase range,1296,0.0,0.0,0.0,0.0,0.0
qc_all,60.0,2.5,absolute_state_discordance_min_per_hour,Phase-averaged case value,2429,0.04085969399201328,0.3001876172607879,0.8866666666666666,1.8190552441953562,4.17014266832688
qc_all,60.0,2.5,low_reference_normal_display_min_per_hour,Phase-averaged case value,2429,0.0,0.10628645495787427,0.4,0.8682340076544559,2.022803704653739
qc_all,60.0,2.5,normal_reference_low_display_min_per_hour,Phase-averaged case value,2429,0.029991330589849107,0.19385342789598106,0.48187134502923973,0.9435897435897436,2.131101707281482
qc_all,60.0,2.5,hidden_deficit_ratio,Phase-averaged case value,2340,0.420706992018089,0.6595680958385877,0.8175932179732699,0.8984230899979164,0.9333333333333333
qc_all,60.0,2.5,overdisplay_deficit_ratio,Phase-averaged case value,2340,0.33937242387980326,0.5547477846830907,0.7199579173465342,0.8548098275454761,0.9333333333333333
qc_all,60.0,2.5,absolute_auc_disagreement_ratio,Phase-averaged case value,2340,0.8264853478293451,1.2344666042029178,1.5121948587338931,1.7333333333333334,1.8666666666666667
qc_all,60.0,2.5,net_auc_bias_percent,Phase-averaged case value,2340,-33.98736094879453,-9.013520725849483,-0.8130844152108194,4.736951571734001e-15,0.46227868695568025
qc_all,60.0,2.5,absolute_state_discordance_min_per_hour,Within-case phase range,2429,0.35980474667564377,0.7821229050279328,1.3404255319148934,1.9801980198019802,3.1997981412170384
qc_all,60.0,2.5,low_reference_normal_display_min_per_hour,Within-case phase range,2429,0.0,0.10695187165775401,0.4054054054054054,0.8991008991008991,1.9305701251494212
qc_all,60.0,2.5,normal_reference_low_display_min_per_hour,Within-case phase range,2429,0.35851511672407194,0.7978723404255318,1.3533834586466165,2.029488291413703,3.2415953217358378
qc_all,60.0,2.5,hidden_deficit_ratio,Within-case phase range,2340,0.21829471182412358,0.42159424745507956,0.6035396850148136,0.8235294117647058,1.0
qc_all,60.0,2.5,overdisplay_deficit_ratio,Within-case phase range,2340,0.6025733634311512,1.632862648725593,2.998181818181818,5.2548235760539175,13.0
qc_all,60.0,2.5,absolute_auc_disagreement_ratio,Within-case phase range,2340,0.5507153530664801,1.5055017623234108,2.695403759908218,4.734983558640847,12.0
qc_all,60.0,2.5,net_auc_bias_percent,Within-case phase range,2340,75.9477596612633,197.2716572504708,344.3903205531112,584.0578817733991,1400.0
qc_all,60.0,2.5,miss_fraction,Phase-averaged case value,1296,0.0,0.06666666666666667,0.2,0.3333333333333333,0.5333333333333333
qc_all,60.0,2.5,miss_fraction,Within-case phase range,1296,0.0,0.2857142857142857,0.5,1.0,1.0
qc_all,60.0,3.0,absolute_state_discordance_min_per_hour,Phase-averaged case value,2429,0.03887728261230009,0.3074074074074074,0.9338817794028031,1.9615384615384615,4.591476334500806
qc_all,60.0,3.0,low_reference_normal_display_min_per_hour,Phase-averaged case value,2429,0.0,0.1080631753948462,0.41992187499999994,0.9413067552602435,2.2109541209906616
qc_all,60.0,3.0,normal_reference_low_display_min_per_hour,Phase-averaged case value,2429,0.030665847620111313,0.2006472491909385,0.5142332415059687,1.0259179265658747,2.3557293548617846
qc_all,60.0,3.0,hidden_deficit_ratio,Phase-averaged case value,2340,0.4601555366904971,0.7019417872559667,0.845373220375419,0.9140010572187411,0.9444444444444444
qc_all,60.0,3.0,overdisplay_deficit_ratio,Phase-averaged case value,2340,0.37689537828426717,0.5966478847101436,0.7518728956228956,0.872690639357306,0.9444444444444444
qc_all,60.0,3.0,absolute_auc_disagreement_ratio,Phase-averaged case value,2340,0.9004924207803288,1.3086400824427546,1.5711085509472607,1.7716567090048125,1.8888888888888888
qc_all,60.0,3.0,net_auc_bias_percent,Phase-averaged case value,2340,-33.61235747253984,-8.778813608776847,-0.9489273413848385,3.574301348723768e-15,0.4421766075338548
qc_all,60.0,3.0,absolute_state_discordance_min_per_hour,Within-case phase range,2429,0.40690546140080575,0.9523809523809523,1.5639810426540284,2.364532019704433,3.8722453841572335
qc_all,60.0,3.0,low_reference_normal_display_min_per_hour,Within-case phase range,2429,0.0,0.10638297872340426,0.41848299912816045,1.0094637223974763,2.146873659354955
qc_all,60.0,3.0,normal_reference_low_display_min_per_hour,Within-case phase range,2429,0.4186888226707086,0.9586466165413532,1.6009280742459395,2.430213464696223,3.817168338907469
qc_all,60.0,3.0,hidden_deficit_ratio,Within-case phase range,2340,0.2449057024209414,0.4462492053401144,0.6,0.8214204799983523,1.0
qc_all,60.0,3.0,overdisplay_deficit_ratio,Within-case phase range,2340,0.6824399994300684,1.934299279771829,3.601917442826534,6.2506067961165055,16.0
qc_all,60.0,3.0,absolute_auc_disagreement_ratio,Within-case phase range,2340,0.6861537317870947,1.7764026402640263,3.279436111591589,5.798993288590604,15.0
qc_all,60.0,3.0,net_auc_bias_percent,Within-case phase range,2340,91.76620392600417,231.44399885295195,399.30197914449883,682.6794944186249,1700.0
qc_all,60.0,3.0,miss_fraction,Phase-averaged case value,1296,0.0,0.14814814814814814,0.2777777777777778,0.41163194444444445,0.6111111111111112
qc_all,60.0,3.0,miss_fraction,Within-case phase range,1296,0.0,0.39999999999999997,0.6666666666666666,1.0,1.0
qc_all,60.0,5.0,absolute_state_discordance_min_per_hour,Phase-averaged case value,2429,0.04231314201483256,0.3277027027027027,1.0663615560640731,2.372127501853224,5.691157459003341
qc_all,60.0,5.0,low_reference_normal_display_min_per_hour,Phase-averaged case value,2429,0.0,0.10559396605908233,0.4669496664645239,1.1139784946236557,2.753924062130983
qc_all,60.0,5.0,normal_reference_low_display_min_per_hour,Phase-averaged case value,2429,0.033071482482171545,0.21443736730360932,0.5953838907206782,1.2587519025875191,3.020977954158732
qc_all,60.0,5.0,hidden_deficit_ratio,Phase-averaged case value,2340,0.5731885153044005,0.798247826638746,0.902607566362054,0.946907842779904,0.9666666666666667
qc_all,60.0,5.0,overdisplay_deficit_ratio,Phase-averaged case value,2340,0.4815902826994251,0.7016626343430401,0.8264180149339309,0.9195625000000001,0.9666666666666667
qc_all,60.0,5.0,absolute_auc_disagreement_ratio,Phase-averaged case value,2340,1.0965016567469246,1.5045730489655722,1.7088805949855876,1.8555555555555554,1.9333333333333333
qc_all,60.0,5.0,net_auc_bias_percent,Phase-averaged case value,2340,-30.49267399267399,-7.5324122414478865,-1.0568938061818858,2.842170943040401e-15,0.8309037368734811
qc_all,60.0,5.0,absolute_state_discordance_min_per_hour,Within-case phase range,2429,0.7472690877895339,1.5494211932324131,2.5378787878787876,3.8882681564245813,5.9414657772494115
qc_all,60.0,5.0,low_reference_normal_display_min_per_hour,Within-case phase range,2429,0.0,0.10714285714285714,0.43478260869565216,1.2214682294879702,2.980534448902927
qc_all,60.0,5.0,normal_reference_low_display_min_per_hour,Within-case phase range,2429,0.7472690877895339,1.5832575068243857,2.6343679031037093,4.028268551236749,6.196129083381204
qc_all,60.0,5.0,hidden_deficit_ratio,Within-case phase range,2340,0.3136139993698346,0.48129831129305933,0.6363636363636364,0.8365148148148148,1.0
qc_all,60.0,5.0,overdisplay_deficit_ratio,Within-case phase range,2340,1.2851262876592022,3.3670839614708417,6.105704204645693,10.780595813204508,27.000000000000004
qc_all,60.0,5.0,absolute_auc_disagreement_ratio,Within-case phase range,2340,1.118994772389913,3.0858662006419264,5.738366929938307,10.246455043506286,26.000000000000004
qc_all,60.0,5.0,net_auc_bias_percent,Within-case phase range,2340,153.13129036724837,370.58258248612066,656.9322283796838,1144.6795834844324,2800.0000000000005
qc_all,60.0,5.0,miss_fraction,Phase-averaged case value,1296,0.1,0.3333333333333333,0.49166666666666664,0.6333333333333333,0.7666666666666667
qc_all,60.0,5.0,miss_fraction,Within-case phase range,1296,0.3333333333333333,0.6666666666666666,1.0,1.0,1.0
qc_all,60.0,10.0,absolute_state_discordance_min_per_hour,Phase-averaged case value,2429,0.04275948339982419,0.335064935064935,1.1238095238095236,2.791691394658754,7.123161791683681
qc_all,60.0,10.0,low_reference_normal_display_min_per_hour,Phase-averaged case value,2429,0.0,0.09503003823047515,0.46986817325800373,1.291850915982312,3.391512233403362
qc_all,60.0,10.0,normal_reference_low_display_min_per_hour,Phase-averaged case value,2429,0.03441137920474029,0.2273004265691651,0.6663673102828918,1.515501839201261,3.703878292461398
qc_all,60.0,10.0,hidden_deficit_ratio,Phase-averaged case value,2340,0.7184405173457092,0.8872762126691714,0.9478104141313567,0.9724937343358396,0.9833333333333333
qc_all,60.0,10.0,overdisplay_deficit_ratio,Phase-averaged case value,2340,0.5727833878473767,0.8029851976754315,0.8926757053939816,0.950571334773584,0.9833333333333333
qc_all,60.0,10.0,absolute_auc_disagreement_ratio,Phase-averaged case value,2340,1.352701455582233,1.6787840526476892,1.8272071498488431,1.9166666666666667,1.9666666666666666
qc_all,60.0,10.0,net_auc_bias_percent,Phase-averaged case value,2340,-30.68766666666666,-6.555921052631578,-1.346366572106545,0.0,0.1473142463007739
qc_all,60.0,10.0,absolute_state_discordance_min_per_hour,Within-case phase range,2429,1.3297992824765603,2.9180887372013653,4.532846715328468,7.161159811193526,10.774017150669035
qc_all,60.0,10.0,low_reference_normal_display_min_per_hour,Within-case phase range,2429,0.0,0.11090573012939,0.4505119453924914,1.3474240422721269,3.8250558964844674
qc_all,60.0,10.0,normal_reference_low_display_min_per_hour,Within-case phase range,2429,1.2853266438186763,2.9450915141430944,4.682539682539682,7.466960352422907,11.134280516330243
qc_all,60.0,10.0,hidden_deficit_ratio,Within-case phase range,2340,0.35508919093312236,0.5077716823406478,0.663078403078403,0.8617802038848327,1.0
qc_all,60.0,10.0,overdisplay_deficit_ratio,Within-case phase range,2340,2.449940756893475,6.413262383550906,12.074906737723639,21.925257731958766,56.0
qc_all,60.0,10.0,absolute_auc_disagreement_ratio,Within-case phase range,2340,2.176534883166828,6.04813829787234,11.677747540535616,21.32394787183166,55.0
qc_all,60.0,10.0,net_auc_bias_percent,Within-case phase range,2340,284.5348749121038,679.8129733479796,1246.222323670395,2256.187624750499,5700.0
qc_all,60.0,10.0,miss_fraction,Phase-averaged case value,1296,0.37499999999999994,0.5833333333333334,0.7166666666666667,0.8,0.8833333333333333
qc_all,60.0,10.0,miss_fraction,Within-case phase range,1296,0.5,0.7142857142857143,1.0,1.0,1.0
qc_all,65.0,1.0,absolute_state_discordance_min_per_hour,Phase-averaged case value,2429,0.08568524116529787,0.5359801488833748,1.1363636363636362,2.046232876712329,4.058100344773514
qc_all,65.0,1.0,low_reference_normal_display_min_per_hour,Phase-averaged case value,2429,0.0,0.24249422632794457,0.5380476556495003,1.0010427528675703,2.0
qc_all,65.0,1.0,normal_reference_low_display_min_per_hour,Phase-averaged case value,2429,0.056574042046196996,0.2849958088851634,0.5952380952380952,1.0565110565110565,2.0433644539661877
qc_all,65.0,1.0,hidden_deficit_ratio,Phase-averaged case value,2385,0.16779265042322114,0.2832026609645997,0.42748538011695897,0.6294363256784968,0.8225845410628014
qc_all,65.0,1.0,overdisplay_deficit_ratio,Phase-averaged case value,2385,0.15765982107184331,0.26307363927427957,0.37121212121212116,0.5452898550724637,0.7974815495017514
qc_all,65.0,1.0,absolute_auc_disagreement_ratio,Phase-averaged case value,2385,0.33039282037920115,0.5539979231568016,0.804739336492891,1.1543600562587903,1.5939707149009468
qc_all,65.0,1.0,net_auc_bias_percent,Phase-averaged case value,2385,-22.77960468158834,-4.872646733111844,-0.1532144389287294,7.105427357601002e-15,0.4302775406086151
qc_all,65.0,1.0,absolute_state_discordance_min_per_hour,Within-case phase range,2429,0.18248819727700533,0.3953488372093023,0.6010016694490818,0.8615384615384614,1.447528544762551
qc_all,65.0,1.0,low_reference_normal_display_min_per_hour,Within-case phase range,2429,0.0,0.22712933753943218,0.4195804195804196,0.6654343807763401,1.180602222796588
qc_all,65.0,1.0,normal_reference_low_display_min_per_hour,Within-case phase range,2429,0.19279482496215797,0.4064734663153933,0.6301050175029171,0.8896797153024911,1.5036565367057186
qc_all,65.0,1.0,hidden_deficit_ratio,Within-case phase range,2385,0.04969839112319321,0.14933837429111532,0.2989690721649485,0.569482288828338,0.9838827838827836
qc_all,65.0,1.0,overdisplay_deficit_ratio,Within-case phase range,2385,0.08727262784034809,0.2622743110547988,0.580370942812983,1.2305475504322767,3.118601249833798
qc_all,65.0,1.0,absolute_auc_disagreement_ratio,Within-case phase range,2385,0.07960805458026775,0.22459893048128343,0.47398677780971565,0.9815242494226329,2.499082568807338
qc_all,65.0,1.0,net_auc_bias_percent,Within-case phase range,2385,12.626721694594996,37.9746835443038,82.37410071942446,169.63696369636963,398.8571428571413
qc_all,65.0,1.0,miss_fraction,Phase-averaged case value,1867,0.0,0.0,0.0,0.0,0.0
qc_all,65.0,1.0,miss_fraction,Within-case phase range,1867,0.0,0.0,0.0,0.0,0.0
qc_all,65.0,2.5,absolute_state_discordance_min_per_hour,Phase-averaged case value,2429,0.10604317844944254,0.8256880733944953,1.9528619528619526,3.5704323570432357,6.926692473118279
qc_all,65.0,2.5,low_reference_normal_display_min_per_hour,Phase-averaged case value,2429,0.0,0.371559633027523,0.9144144144144143,1.7282051282051283,3.379564951321279
qc_all,65.0,2.5,normal_reference_low_display_min_per_hour,Phase-averaged case value,2429,0.07256792670423425,0.4488448844884489,1.0357142857142858,1.8617511520737327,3.536841099163677
qc_all,65.0,2.5,hidden_deficit_ratio,Phase-averaged case value,2385,0.3000425155810311,0.4707119741100324,0.6391329818394845,0.8231884057971014,0.9264646464646464
qc_all,65.0,2.5,overdisplay_deficit_ratio,Phase-averaged case value,2385,0.28255079130211014,0.43527239150507846,0.577037037037037,0.7424408014571948,0.9113990867579909
qc_all,65.0,2.5,absolute_auc_disagreement_ratio,Phase-averaged case value,2385,0.5915396280134059,0.9183341973388629,1.2248318042813457,1.548679245283019,1.8220298220298217
qc_all,65.0,2.5,net_auc_bias_percent,Phase-averaged case value,2385,-24.27661332732326,-5.364891518737676,-0.5195755579948677,5.210646728907401e-15,0.5757082757969104
qc_all,65.0,2.5,absolute_state_discordance_min_per_hour,Within-case phase range,2429,0.5512152858047461,1.1637347767253043,1.8064516129032253,2.5437788018433176,3.933800448430493
qc_all,65.0,2.5,low_reference_normal_display_min_per_hour,Within-case phase range,2429,0.0,0.4032860343539955,0.9422321929332587,1.5384615384615383,2.7760463798092694
qc_all,65.0,2.5,normal_reference_low_display_min_per_hour,Within-case phase range,2429,0.5413243901251197,1.1700182815356488,1.811023622047244,2.474916387959866,3.817863923352024
qc_all,65.0,2.5,hidden_deficit_ratio,Within-case phase range,2385,0.11636235864832536,0.2537313432835821,0.4257907542579075,0.645933014354067,0.9937360923364873
qc_all,65.0,2.5,overdisplay_deficit_ratio,Within-case phase range,2385,0.27438072103970246,0.8304878048780486,1.7077464788732395,3.348986125933832,8.688914220575661
qc_all,65.0,2.5,absolute_auc_disagreement_ratio,Within-case phase range,2385,0.2627753005414514,0.7574171029668411,1.5375000000000003,3.0,8.0
qc_all,65.0,2.5,net_auc_bias_percent,Within-case phase range,2385,36.086985350570394,99.25864909390447,200.59347181008903,381.5047021943573,941.5694755541817
qc_all,65.0,2.5,miss_fraction,Phase-averaged case value,1867,0.0,0.04714285714285714,0.13888888888888887,0.23333333333333334,0.43333333333333335
qc_all,65.0,2.5,miss_fraction,Within-case phase range,1867,0.0,0.2,0.3333333333333333,0.5,1.0
qc_all,65.0,3.0,absolute_state_discordance_min_per_hour,Phase-averaged case value,2429,0.10760865121223272,0.895330112721417,2.165289256198347,3.9497870432638416,7.630445878136199
qc_all,65.0,3.0,low_reference_normal_display_min_per_hour,Phase-averaged case value,2429,0.0,0.39822114412775417,1.01010101010101,1.937441643323996,3.7260273631655054
qc_all,65.0,3.0,normal_reference_low_display_min_per_hour,Phase-averaged case value,2429,0.07412650814469016,0.4906311637080868,1.1451135241855872,2.059270516717325,3.914411557165527
qc_all,65.0,3.0,hidden_deficit_ratio,Phase-averaged case value,2385,0.3322061776441727,0.5079720976581963,0.6800737388972683,0.8488045007032349,0.9376536454375032
qc_all,65.0,3.0,overdisplay_deficit_ratio,Phase-averaged case value,2385,0.3146076991833925,0.46952908587257614,0.6157353885677586,0.7710210210210211,0.9259259259259258
qc_all,65.0,3.0,absolute_auc_disagreement_ratio,Phase-averaged case value,2385,0.6599833686325622,0.9925497752087347,1.3020833333333333,1.596841230257689,1.8463590462014416
qc_all,65.0,3.0,net_auc_bias_percent,Phase-averaged case value,2385,-24.959529065489313,-5.211726384364817,-0.5822416302765592,4.342205607422835e-15,0.6572184429327252
qc_all,65.0,3.0,absolute_state_discordance_min_per_hour,Within-case phase range,2429,0.6609385808424655,1.40625,2.1641791044776117,3.0000000000000004,4.759160148209139
qc_all,65.0,3.0,low_reference_normal_display_min_per_hour,Within-case phase range,2429,0.0,0.42027194066749074,1.0689655172413792,1.8315789473684214,3.333333333333333
qc_all,65.0,3.0,normal_reference_low_display_min_per_hour,Within-case phase range,2429,0.6610927515894227,1.3892908827785817,2.1445221445221443,2.9774436090225564,4.573228980622163
qc_all,65.0,3.0,hidden_deficit_ratio,Within-case phase range,2385,0.14490163633020778,0.2840466926070038,0.4415204678362573,0.6542056074766356,0.9912638883317956
qc_all,65.0,3.0,overdisplay_deficit_ratio,Within-case phase range,2385,0.3455198777367327,1.0134166793718555,2.016941391941392,4.018626309662398,10.208813866545812
qc_all,65.0,3.0,absolute_auc_disagreement_ratio,Within-case phase range,2385,0.33094183406733296,0.9342960288808666,1.8228438228438224,3.6521739130434785,9.549800923713953
qc_all,65.0,3.0,net_auc_bias_percent,Within-case phase range,2385,45.306672388594464,122.58064516129032,235.46511627906978,447.69230769230774,1095.6521739130435
qc_all,65.0,3.0,miss_fraction,Phase-averaged case value,1867,0.0,0.09259259259259259,0.19444444444444445,0.296995108315863,0.5277777777777778
qc_all,65.0,3.0,miss_fraction,Within-case phase range,1867,0.0,0.25,0.4444444444444444,0.6666666666666666,1.0
qc_all,65.0,5.0,absolute_state_discordance_min_per_hour,Phase-averaged case value,2429,0.1079339841638312,1.0266125394677492,2.706629614926558,5.195853791598472,9.731446392536098
qc_all,65.0,5.0,low_reference_normal_display_min_per_hour,Phase-averaged case value,2429,0.0,0.44181034482758613,1.2787878787878786,2.507647058823529,4.777338044758538
qc_all,65.0,5.0,normal_reference_low_display_min_per_hour,Phase-averaged case value,2429,0.08076959600338557,0.5753254804711717,1.4428341384863121,2.6769936890418813,5.026656580937971
qc_all,65.0,5.0,hidden_deficit_ratio,Phase-averaged case value,2385,0.43616948978091463,0.6237430167597765,0.7841863517060368,0.9052873563218391,0.9616006216006215
qc_all,65.0,5.0,overdisplay_deficit_ratio,Phase-averaged case value,2385,0.4080020589897202,0.5814814814814814,0.7201219512195122,0.8483333333333334,0.9560429528192464
qc_all,65.0,5.0,absolute_auc_disagreement_ratio,Phase-averaged case value,2385,0.8638725070898015,1.2200132538104707,1.5040133779264215,1.7303030303030302,1.908127888572333
qc_all,65.0,5.0,net_auc_bias_percent,Phase-averaged case value,2385,-22.502919848219797,-5.068557919621754,-0.6512006512006506,2.3980817331903383e-15,1.051831585347315
qc_all,65.0,5.0,absolute_state_discordance_min_per_hour,Within-case phase range,2429,1.063453425852044,2.2922636103151866,3.5348360655737707,4.888605983450031,7.3716345951021305
qc_all,65.0,5.0,low_reference_normal_display_min_per_hour,Within-case phase range,2429,0.0,0.4435483870967741,1.4097744360902256,2.5846153846153848,4.986967460644943
qc_all,65.0,5.0,normal_reference_low_display_min_per_hour,Within-case phase range,2429,1.0716049382716049,2.28,3.558967201674808,4.863636363636363,7.258152958152958
qc_all,65.0,5.0,hidden_deficit_ratio,Within-case phase range,2385,0.2163458955584053,0.3725178713264496,0.5156723963599595,0.7012987012987011,0.9963271815903393
qc_all,65.0,5.0,overdisplay_deficit_ratio,Within-case phase range,2385,0.6604410835357523,1.7572881355932206,3.5007496251874066,6.791666666666667,18.278260869565212
qc_all,65.0,5.0,absolute_auc_disagreement_ratio,Within-case phase range,2385,0.6015603298918457,1.60125,3.2220421393841168,6.3826086956521735,17.611594202898498
qc_all,65.0,5.0,net_auc_bias_percent,Within-case phase range,2385,81.91413142669333,202.60663507109007,382.66384778012684,730.310262529833,1900.0
qc_all,65.0,5.0,miss_fraction,Phase-averaged case value,1867,0.03333333333333333,0.24444444444444444,0.36666666666666664,0.5,0.7
qc_all,65.0,5.0,miss_fraction,Within-case phase range,1867,0.2,0.5,0.6666666666666666,1.0,1.0
qc_all,65.0,10.0,absolute_state_discordance_min_per_hour,Phase-averaged case value,2429,0.10828658450205411,1.1160714285714284,3.3663636363636362,6.552973977695166,12.90068947663632
qc_all,65.0,10.0,low_reference_normal_display_min_per_hour,Phase-averaged case value,2429,0.0,0.4472222222222222,1.5253378378378377,3.137267617812365,6.193654018675054
qc_all,65.0,10.0,normal_reference_low_display_min_per_hour,Phase-averaged case value,2429,0.08372681281618886,0.6465352828989192,1.811587147030185,3.4230334964245386,6.648295454545453
qc_all,65.0,10.0,hidden_deficit_ratio,Phase-averaged case value,2385,0.5705589742322571,0.7560784313725489,0.8786969696969698,0.9492380952380953,0.9802083333333333
qc_all,65.0,10.0,overdisplay_deficit_ratio,Phase-averaged case value,2385,0.5301530455449812,0.7060900201322979,0.8205357142857144,0.9072916666666667,0.9755048969942586
qc_all,65.0,10.0,absolute_auc_disagreement_ratio,Phase-averaged case value,2385,1.1212810318458104,1.4628119429590016,1.6851973684210526,1.8416504223521768,1.9506269258459321
qc_all,65.0,10.0,net_auc_bias_percent,Phase-averaged case value,2385,-20.74422719433805,-4.593663911845715,-0.982923781757593,-5.921189464667501e-16,0.6545864322740396
qc_all,65.0,10.0,absolute_state_discordance_min_per_hour,Within-case phase range,2429,2.036986697513013,3.9629629629629624,6.213592233009708,8.53061224489796,12.572485141976665
qc_all,65.0,10.0,low_reference_normal_display_min_per_hour,Within-case phase range,2429,0.0,0.4526404023470243,1.714966256450973,3.6042402826855118,7.324297622723061
qc_all,65.0,10.0,normal_reference_low_display_min_per_hour,Within-case phase range,2429,2.0433600364725804,4.0754716981132075,6.455696202531645,9.051987767584096,13.096851852327635
qc_all,65.0,10.0,hidden_deficit_ratio,Within-case phase range,2385,0.31304347826086953,0.44957983193277307,0.5806451612903225,0.7446808510638298,1.0
qc_all,65.0,10.0,overdisplay_deficit_ratio,Within-case phase range,2385,1.2718596061412977,3.3411325873177344,6.656804733727811,13.340425531914894,36.61321839080458
qc_all,65.0,10.0,absolute_auc_disagreement_ratio,Within-case phase range,2385,1.122651411350841,3.0601965601965597,6.33609958506224,12.962962962962964,36.01212121212121
qc_all,65.0,10.0,net_auc_bias_percent,Within-case phase range,2385,157.2795268555717,372.09302325581393,705.4878048780488,1381.5789473684213,3726.645768025078
qc_all,65.0,10.0,miss_fraction,Phase-averaged case value,1867,0.27625000000000005,0.46051136363636364,0.5944444444444444,0.7166666666666667,0.85
qc_all,65.0,10.0,miss_fraction,Within-case phase range,1867,0.4285714285714286,0.625,0.8333333333333334,1.0,1.0
startup10,55.0,1.0,absolute_state_discordance_min_per_hour,Phase-averaged case value,2435,0.0,0.0,0.1768172888015717,0.4499229401059328,1.0509344367720517
startup10,55.0,1.0,low_reference_normal_display_min_per_hour,Phase-averaged case value,2435,0.0,0.0,0.08873114463176575,0.22385971652648895,0.5247706108646546
startup10,55.0,1.0,normal_reference_low_display_min_per_hour,Phase-averaged case value,2435,0.0,0.0,0.08960573476702509,0.22521443340801273,0.5247706108646546
startup10,55.0,1.0,hidden_deficit_ratio,Phase-averaged case value,1688,0.26215767400307727,0.5898766739400163,0.7503564443307071,0.8194444444444443,0.8333333333333334
startup10,55.0,1.0,overdisplay_deficit_ratio,Phase-averaged case value,1688,0.1275819397993311,0.47564691402497594,0.6978705566733736,0.7842063932002957,0.8333333333333334
startup10,55.0,1.0,absolute_auc_disagreement_ratio,Phase-averaged case value,1688,0.526011342424372,1.0163416075650118,1.4220020821133452,1.5691056910569106,1.6666666666666667
startup10,55.0,1.0,net_auc_bias_percent,Phase-averaged case value,1688,-64.81681034482759,-0.11251814440055533,4.736951571734001e-15,1.130577113409951e-14,1.8947806286936004e-14
startup10,55.0,1.0,absolute_state_discordance_min_per_hour,Within-case phase range,2435,0.0,0.0,0.21739130434782603,0.41966195483490465,0.7297366616193943
startup10,55.0,1.0,low_reference_normal_display_min_per_hour,Within-case phase range,2435,0.0,0.0,0.09188361408882083,0.24697005636316405,0.4878048780487804
startup10,55.0,1.0,normal_reference_low_display_min_per_hour,Within-case phase range,2435,0.0,0.0,0.24896265560165973,0.5192450483132275,0.8402300133274798
startup10,55.0,1.0,hidden_deficit_ratio,Within-case phase range,1688,0.14999999999999997,0.47245376574644865,0.7149008727819202,0.941389599317988,1.0
startup10,55.0,1.0,overdisplay_deficit_ratio,Within-case phase range,1688,0.1111111111111111,0.8573438756365587,1.9336996336996335,3.0031645569620258,5.0
startup10,55.0,1.0,absolute_auc_disagreement_ratio,Within-case phase range,1688,0.24431241958677066,0.8571428571428572,1.4506633263109945,2.3758445945945947,4.0
startup10,55.0,1.0,net_auc_bias_percent,Within-case phase range,1688,33.84000000000001,115.66820276497697,252.98245614035088,375.0,600.0000000000001
startup10,55.0,1.0,miss_fraction,Phase-averaged case value,513,0.0,0.0,0.0,0.0,0.0
startup10,55.0,1.0,miss_fraction,Within-case phase range,513,0.0,0.0,0.0,0.0,0.0
startup10,55.0,2.5,absolute_state_discordance_min_per_hour,Phase-averaged case value,2435,0.0,0.0,0.21747572815533978,0.6180339985218034,1.6743427424749093
startup10,55.0,2.5,low_reference_normal_display_min_per_hour,Phase-averaged case value,2435,0.0,0.0,0.10370370370370369,0.303943163168351,0.8262993226393021
startup10,55.0,2.5,normal_reference_low_display_min_per_hour,Phase-averaged case value,2435,0.0,0.0,0.10941871308672674,0.315672514619883,0.8716497570125318
startup10,55.0,2.5,hidden_deficit_ratio,Phase-averaged case value,1688,0.506521287642783,0.8131730689996844,0.8990994474248062,0.926241134751773,0.9333333333333333
startup10,55.0,2.5,overdisplay_deficit_ratio,Phase-averaged case value,1688,0.12699685534591204,0.6894633764198981,0.8666666666666667,0.9103627873563218,0.9333333333333333
startup10,55.0,2.5,absolute_auc_disagreement_ratio,Phase-averaged case value,1688,0.9333333333333333,1.4559735522115824,1.7468590685215588,1.8215755329008343,1.8666666666666667
startup10,55.0,2.5,net_auc_bias_percent,Phase-averaged case value,1688,-78.36936936936937,-1.2697365527554114,0.0,1.1368683772161604e-14,2.2737367544323207e-14
startup10,55.0,2.5,absolute_state_discordance_min_per_hour,Within-case phase range,2435,0.0,0.0,0.6478405315614616,1.3421495248507278,2.196100514349334
startup10,55.0,2.5,low_reference_normal_display_min_per_hour,Within-case phase range,2435,0.0,0.0,0.08978675645342311,0.301865699188964,0.9317939786247081
startup10,55.0,2.5,normal_reference_low_display_min_per_hour,Within-case phase range,2435,0.0,0.0,0.6650831353919239,1.407096119133574,2.4063448036751307
startup10,55.0,2.5,hidden_deficit_ratio,Within-case phase range,1688,0.3277941176470589,0.5555555555555556,0.7363455809334658,0.9341699155295646,1.0
startup10,55.0,2.5,overdisplay_deficit_ratio,Within-case phase range,1688,0.37789008685235115,2.5,5.3891330254729635,8.4,14.0
startup10,55.0,2.5,absolute_auc_disagreement_ratio,Within-case phase range,1688,0.8333333333333333,2.2382478632478637,4.8706800445930885,7.718149038461538,13.0
startup10,55.0,2.5,net_auc_bias_percent,Within-case phase range,1688,100.0,298.564078661958,595.7695366872142,908.6107554417414,1500.0000000000002
startup10,55.0,2.5,miss_fraction,Phase-averaged case value,513,0.0,0.06666666666666667,0.25333333333333335,0.4166666666666667,0.6
startup10,55.0,2.5,miss_fraction,Within-case phase range,513,0.0,0.3333333333333333,1.0,1.0,1.0
startup10,55.0,3.0,absolute_state_discordance_min_per_hour,Phase-averaged case value,2435,0.0,0.0,0.22006472491909382,0.6485578498852835,1.8231499088604604
startup10,55.0,3.0,low_reference_normal_display_min_per_hour,Phase-averaged case value,2435,0.0,0.0,0.10474430067775724,0.3152271505524248,0.8961775504851803
startup10,55.0,3.0,normal_reference_low_display_min_per_hour,Phase-averaged case value,2435,0.0,0.0,0.1123224314502808,0.32888977612160997,0.9549773121588837
startup10,55.0,3.0,hidden_deficit_ratio,Phase-averaged case value,1688,0.5686396319886765,0.8424382716049382,0.9153925459072517,0.9382716049382717,0.9444444444444444
startup10,55.0,3.0,overdisplay_deficit_ratio,Phase-averaged case value,1688,0.1146011396011397,0.7284505255093491,0.8888888888888888,0.9246031746031745,0.9444444444444444
startup10,55.0,3.0,absolute_auc_disagreement_ratio,Phase-averaged case value,1688,0.9444444444444444,1.5216667245913413,1.7830223791660709,1.8502583570600022,1.8888888888888888
startup10,55.0,3.0,net_auc_bias_percent,Phase-averaged case value,1688,-79.91452991452992,-1.5972222222222259,0.0,1.0263395072090336e-14,2.5263741715914672e-14
startup10,55.0,3.0,absolute_state_discordance_min_per_hour,Within-case phase range,2435,0.0,0.0,0.7823960880195598,1.5947757398954294,2.612316762953213
startup10,55.0,3.0,low_reference_normal_display_min_per_hour,Within-case phase range,2435,0.0,0.0,0.09237875288683602,0.301865699188964,1.0
startup10,55.0,3.0,normal_reference_low_display_min_per_hour,Within-case phase range,2435,0.0,0.0,0.7987470634299139,1.6933926807693682,2.791879338924356
startup10,55.0,3.0,hidden_deficit_ratio,Within-case phase range,1688,0.35594851505497893,0.5517241379310345,0.7304639804639805,0.9285714285714286,1.0
startup10,55.0,3.0,overdisplay_deficit_ratio,Within-case phase range,1688,0.49801083591331274,3.0186156096295162,6.476556776556777,10.12293956043956,17.0
startup10,55.0,3.0,absolute_auc_disagreement_ratio,Within-case phase range,1688,0.9699069906990697,2.6993589743589737,5.935886150234742,9.513931104356637,16.0
startup10,55.0,3.0,net_auc_bias_percent,Within-case phase range,1688,100.0,340.25389025389023,700.0,1080.0000000000002,1800.0000000000002
startup10,55.0,3.0,miss_fraction,Phase-averaged case value,513,0.0,0.16666666666666666,0.3333333333333333,0.5,0.6666666666666666
startup10,55.0,3.0,miss_fraction,Within-case phase range,513,0.0,0.5,1.0,1.0,1.0
startup10,55.0,5.0,absolute_state_discordance_min_per_hour,Phase-averaged case value,2435,0.0,0.0,0.2252252252252252,0.7008759224036304,2.233843311160384
startup10,55.0,5.0,low_reference_normal_display_min_per_hour,Phase-averaged case value,2435,0.0,0.0,0.10583941605839417,0.3383128948346339,1.0853295956506963
startup10,55.0,5.0,normal_reference_low_display_min_per_hour,Phase-averaged case value,2435,0.0,0.0,0.1152317880794702,0.3641733838263308,1.1679283661939048
startup10,55.0,5.0,hidden_deficit_ratio,Phase-averaged case value,1688,0.7104586274172262,0.9022008547008546,0.9485923022095509,0.9627623456790123,0.9666666666666667
startup10,55.0,5.0,overdisplay_deficit_ratio,Phase-averaged case value,1688,0.11405490196078434,0.8079814361485108,0.9277777777777777,0.9541792168674699,0.9666666666666667
startup10,55.0,5.0,absolute_auc_disagreement_ratio,Phase-averaged case value,1688,0.9824658247895308,1.6639367816091954,1.864252085014797,1.9089171620027159,1.9333333333333333
startup10,55.0,5.0,net_auc_bias_percent,Phase-averaged case value,1688,-82.77696078431373,-2.105447680690385,0.0,7.579122514774402e-15,2.2737367544323207e-14
startup10,55.0,5.0,absolute_state_discordance_min_per_hour,Within-case phase range,2435,0.0,0.0,1.2923076923076922,2.69818109418775,4.421111397792234
startup10,55.0,5.0,low_reference_normal_display_min_per_hour,Within-case phase range,2435,0.0,0.0,0.09353078721745907,0.30609091313272835,1.222541560956889
startup10,55.0,5.0,normal_reference_low_display_min_per_hour,Within-case phase range,2435,0.0,0.0,1.3181818181818181,2.8285019686599897,4.783678706614486
startup10,55.0,5.0,hidden_deficit_ratio,Within-case phase range,1688,0.38607054709995886,0.5670398009950249,0.7460429955114576,0.935483870967742,1.0
startup10,55.0,5.0,overdisplay_deficit_ratio,Within-case phase range,1688,0.8232979964987357,5.073483612635325,11.0515873015873,17.141462145930866,29.0
startup10,55.0,5.0,absolute_auc_disagreement_ratio,Within-case phase range,1688,1.0,4.718531468531468,10.550624501727347,16.462703729627037,28.0
startup10,55.0,5.0,net_auc_bias_percent,Within-case phase range,1688,105.7318643041042,538.446153846154,1166.6666666666665,1800.0,3000.0
startup10,55.0,5.0,miss_fraction,Phase-averaged case value,513,0.0,0.4,0.5666666666666667,0.7,0.8
startup10,55.0,5.0,miss_fraction,Within-case phase range,513,0.0,1.0,1.0,1.0,1.0
startup10,55.0,10.0,absolute_state_discordance_min_per_hour,Phase-averaged case value,2435,0.0,0.0,0.22477650063856963,0.7298128654168154,2.6056457296511897
startup10,55.0,10.0,low_reference_normal_display_min_per_hour,Phase-averaged case value,2435,0.0,0.0,0.104,0.3411683785766691,1.2443995701745807
startup10,55.0,10.0,normal_reference_low_display_min_per_hour,Phase-averaged case value,2435,0.0,0.0,0.11794354838709677,0.38314859230923404,1.3939881387602566
startup10,55.0,10.0,hidden_deficit_ratio,Phase-averaged case value,1688,0.835239043295904,0.9487854084321475,0.9736335125448029,0.9812320402298851,0.9833333333333333
startup10,55.0,10.0,overdisplay_deficit_ratio,Phase-averaged case value,1688,0.09013071895424841,0.8725156418027178,0.9556251398807708,0.9759259259259259,0.9833333333333333
startup10,55.0,10.0,absolute_auc_disagreement_ratio,Phase-averaged case value,1688,1.0273794934640523,1.7883501082251083,1.9211867136170393,1.9524724192277383,1.9666666666666666
startup10,55.0,10.0,net_auc_bias_percent,Phase-averaged case value,1688,-86.96369712351945,-2.317094017094007,-6.957397620984315e-16,7.579122514774402e-15,1.8947806286936004e-14
startup10,55.0,10.0,absolute_state_discordance_min_per_hour,Within-case phase range,2435,0.0,0.0,2.5159914712153517,5.288697197647631,8.737803780378028
startup10,55.0,10.0,low_reference_normal_display_min_per_hour,Within-case phase range,2435,0.0,0.0,0.09779951100244498,0.3091986806673146,1.350588726513566
startup10,55.0,10.0,normal_reference_low_display_min_per_hour,Within-case phase range,2435,0.0,0.0,2.53763440860215,5.378648850146241,8.957143954010796
startup10,55.0,10.0,hidden_deficit_ratio,Within-case phase range,1688,0.4033583998363004,0.5861519877004173,0.75,0.9444444444444444,1.0
startup10,55.0,10.0,overdisplay_deficit_ratio,Within-case phase range,1688,1.571906697638405,9.384794976384715,21.64652965438771,34.91428571428571,59.0
startup10,55.0,10.0,absolute_auc_disagreement_ratio,Within-case phase range,1688,1.4117850830682224,9.153897893206622,21.031223720261508,34.024193548387096,58.0
startup10,55.0,10.0,net_auc_bias_percent,Within-case phase range,1688,200.0,984.0259692623703,2219.8067632850243,3564.732142857143,6000.000000000001
startup10,55.0,10.0,miss_fraction,Phase-averaged case value,513,0.38,0.6666666666666666,0.7791666666666667,0.85,0.8949999999999998
startup10,55.0,10.0,miss_fraction,Within-case phase range,513,0.5,1.0,1.0,1.0,1.0
startup10,60.0,1.0,absolute_state_discordance_min_per_hour,Phase-averaged case value,2435,0.0,0.1116152688746562,0.4365079365079365,0.8928807136691186,2.160737323467357
startup10,60.0,1.0,low_reference_normal_display_min_per_hour,Phase-averaged case value,2435,0.0,0.05570611651004305,0.21701687909059594,0.44158768547653565,1.0575638332166146
startup10,60.0,1.0,normal_reference_low_display_min_per_hour,Phase-averaged case value,2435,0.0,0.054034694322464105,0.22101939557961212,0.457071432321342,1.0874608799110255
startup10,60.0,1.0,hidden_deficit_ratio,Phase-averaged case value,2006,0.19409707939119705,0.37506359381359383,0.6051007147498375,0.7647746014293568,0.8333333333333334
startup10,60.0,1.0,overdisplay_deficit_ratio,Phase-averaged case value,2006,0.15365037647929553,0.33290080738177624,0.5300059417706476,0.7339285714285715,0.8333333333333334
startup10,60.0,1.0,absolute_auc_disagreement_ratio,Phase-averaged case value,2006,0.3864426271786198,0.7400815721171673,1.1033395042867156,1.4807692307692308,1.6666666666666667
startup10,60.0,1.0,net_auc_bias_percent,Phase-averaged case value,2006,-33.333333333333336,-0.11299821942199786,2.3684757858670005e-15,9.473903143468002e-15,0.01823072686891821
startup10,60.0,1.0,absolute_state_discordance_min_per_hour,Within-case phase range,2435,0.0,0.16129032258064505,0.357142857142857,0.57706869173184,1.0209538050936469
startup10,60.0,1.0,low_reference_normal_display_min_per_hour,Within-case phase range,2435,0.0,0.05788745687994147,0.2298850574712644,0.4171500386697603,0.7986582079496967
startup10,60.0,1.0,normal_reference_low_display_min_per_hour,Within-case phase range,2435,0.0,0.18735374414976597,0.39309112567004173,0.6493394762444621,1.0891538473060618
startup10,60.0,1.0,hidden_deficit_ratio,Within-case phase range,2006,0.07946658872868306,0.23546346572586202,0.4947521009945319,0.7741935483870969,1.0
startup10,60.0,1.0,overdisplay_deficit_ratio,Within-case phase range,2006,0.09661348095083037,0.398828125,1.0804170293910376,2.1954471544715446,5.0
startup10,60.0,1.0,absolute_auc_disagreement_ratio,Within-case phase range,2006,0.12189405487804875,0.39536770007209804,0.9033874726405251,1.6882521148576197,4.0
startup10,60.0,1.0,net_auc_bias_percent,Within-case phase range,2006,17.106227106227106,58.21410471326654,144.093023255814,282.264705882353,600.0
startup10,60.0,1.0,miss_fraction,Phase-averaged case value,1145,0.0,0.0,0.0,0.0,0.0
startup10,60.0,1.0,miss_fraction,Within-case phase range,1145,0.0,0.0,0.0,0.0,0.0
startup10,60.0,2.5,absolute_state_discordance_min_per_hour,Phase-averaged case value,2435,0.0,0.13084183575986852,0.6684073107049607,1.4948566244625883,3.650328991882572
startup10,60.0,2.5,low_reference_normal_display_min_per_hour,Phase-averaged case value,2435,0.0,0.061252685378588134,0.32238805970149254,0.7229802024704176,1.807584226122634
startup10,60.0,2.5,normal_reference_low_display_min_per_hour,Phase-averaged case value,2435,0.0,0.06380098309119488,0.34488888888888886,0.7567486338797813,1.8739992071357772
startup10,60.0,2.5,hidden_deficit_ratio,Phase-averaged case value,2006,0.37714291578860937,0.614931022688405,0.8080014749262536,0.9039524201288907,0.9333333333333333
startup10,60.0,2.5,overdisplay_deficit_ratio,Phase-averaged case value,2006,0.27167540410659674,0.5537232522416319,0.743108259143639,0.881085678549093,0.9333333333333333
startup10,60.0,2.5,absolute_auc_disagreement_ratio,Phase-averaged case value,2006,0.7477471817588096,1.158746693121693,1.5210263996759479,1.7697701416299048,1.8666666666666667
startup10,60.0,2.5,net_auc_bias_percent,Phase-averaged case value,2006,-38.85897435897436,-0.6971790988261976,0.0,9.09642731509545e-15,0.16874405169390774
startup10,60.0,2.5,absolute_state_discordance_min_per_hour,Within-case phase range,2435,0.0,0.5003207184092366,1.097560975609756,1.7797495297495298,2.8740147378985808
startup10,60.0,2.5,low_reference_normal_display_min_per_hour,Within-case phase range,2435,0.0,0.05851039550859255,0.32912781130005475,0.7941510652248993,1.7617795753286125
startup10,60.0,2.5,normal_reference_low_display_min_per_hour,Within-case phase range,2435,0.0,0.5291343306797918,1.1117647058823528,1.835660915636462,2.9912046474681038
startup10,60.0,2.5,hidden_deficit_ratio,Within-case phase range,2006,0.19725191452843308,0.4181276941973541,0.5980963480963482,0.8,1.0
startup10,60.0,2.5,overdisplay_deficit_ratio,Within-case phase range,2006,0.3268724383354257,1.2817566126279862,2.970967439827678,6.115440115440116,13.999999999999998
startup10,60.0,2.5,absolute_auc_disagreement_ratio,Within-case phase range,2006,0.4433135159542445,1.2239206922784331,2.659094722711637,5.556746031746031,12.999999999999998
startup10,60.0,2.5,net_auc_bias_percent,Within-case phase range,2006,56.37846624347871,156.3334499550174,339.7456635462555,667.1091445427729,1500.0
startup10,60.0,2.5,miss_fraction,Phase-averaged case value,1145,0.0,0.06666666666666667,0.2,0.3333333333333333,0.5333333333333333
startup10,60.0,2.5,miss_fraction,Within-case phase range,1145,0.0,0.25,0.5,1.0,1.0
startup10,60.0,3.0,absolute_state_discordance_min_per_hour,Phase-averaged case value,2435,0.0,0.13102977552518835,0.7116424708226586,1.6055356610258036,4.029847023051041
startup10,60.0,3.0,low_reference_normal_display_min_per_hour,Phase-averaged case value,2435,0.0,0.06196777428607417,0.34318398474737843,0.7791001637879119,1.9668179133103674
startup10,60.0,3.0,normal_reference_low_display_min_per_hour,Phase-averaged case value,2435,0.0,0.06447737825288846,0.3633610900832702,0.8190178015277185,2.06639298480786
startup10,60.0,3.0,hidden_deficit_ratio,Phase-averaged case value,2006,0.42267279814675307,0.6609178676476295,0.8373632830154569,0.9197293447293446,0.9444444444444444
startup10,60.0,3.0,overdisplay_deficit_ratio,Phase-averaged case value,2006,0.2930567389314904,0.5972556548983646,0.7765402335797706,0.8977131931983251,0.9444444444444444
startup10,60.0,3.0,absolute_auc_disagreement_ratio,Phase-averaged case value,2006,0.8324164909762406,1.2456762473559786,1.5801561365286854,1.8055555555555556,1.8888888888888888
startup10,60.0,3.0,net_auc_bias_percent,Phase-averaged case value,2006,-39.94212962962962,-0.8204890076468532,0.0,8.68441121484567e-15,0.04597847275193271
startup10,60.0,3.0,absolute_state_discordance_min_per_hour,Within-case phase range,2435,0.0,0.6179447182878891,1.2664907651715038,2.097685157164557,3.3807426376440457
startup10,60.0,3.0,low_reference_normal_display_min_per_hour,Within-case phase range,2435,0.0,0.05794368466996441,0.3238866396761134,0.8835639963632689,1.9555919596210034
startup10,60.0,3.0,normal_reference_low_display_min_per_hour,Within-case phase range,2435,0.0,0.6432834617615162,1.2718204488778053,2.156836683834524,3.4570292931698523
startup10,60.0,3.0,hidden_deficit_ratio,Within-case phase range,2006,0.229160419790105,0.4401823708206687,0.6080861438439659,0.7988605037574109,1.0
startup10,60.0,3.0,overdisplay_deficit_ratio,Within-case phase range,2006,0.4093018734535171,1.5438311688311688,3.5634507042253523,7.291537267080746,17.0
startup10,60.0,3.0,absolute_auc_disagreement_ratio,Within-case phase range,2006,0.4991638795986621,1.4242424242424243,3.2728481222997674,6.7272727272727275,16.0
startup10,60.0,3.0,net_auc_bias_percent,Within-case phase range,2006,64.74027113587505,183.9259530791789,400.0,788.8536096256685,1800.0
startup10,60.0,3.0,miss_fraction,Phase-averaged case value,1145,0.0,0.13131313131313133,0.2777777777777778,0.39814814814814814,0.6111111111111112
startup10,60.0,3.0,miss_fraction,Within-case phase range,1145,0.0,0.33333333333333337,0.6666666666666666,1.0,1.0
startup10,60.0,5.0,absolute_state_discordance_min_per_hour,Phase-averaged case value,2435,0.0,0.132986064674887,0.7893772893772893,1.9513056933743878,5.029735496777059
startup10,60.0,5.0,low_reference_normal_display_min_per_hour,Phase-averaged case value,2435,0.0,0.06062259657402552,0.37745516652433814,0.9279889437779345,2.4840485626316613
startup10,60.0,5.0,normal_reference_low_display_min_per_hour,Phase-averaged case value,2435,0.0,0.06673635462792663,0.40606060606060607,1.0125026819325518,2.602978687788455
startup10,60.0,5.0,hidden_deficit_ratio,Phase-averaged case value,2006,0.5366096634093377,0.7738538152610441,0.8972792524730508,0.9511500587889476,0.9666666666666667
startup10,60.0,5.0,overdisplay_deficit_ratio,Phase-averaged case value,2006,0.37404411764705886,0.7079064207650273,0.8519878419452889,0.9354585946053549,0.9666666666666667
startup10,60.0,5.0,absolute_auc_disagreement_ratio,Phase-averaged case value,2006,0.9681328709257258,1.4637034217775844,1.7176870496038368,1.8782705479452055,1.9333333333333333
startup10,60.0,5.0,net_auc_bias_percent,Phase-averaged case value,2006,-40.881944444444436,-1.4270372620703975,0.0,7.579122514774402e-15,0.30619476229604087
startup10,60.0,5.0,absolute_state_discordance_min_per_hour,Within-case phase range,2435,0.0,1.0282713771522016,2.071428571428571,3.471692322715193,5.458608318688263
startup10,60.0,5.0,low_reference_normal_display_min_per_hour,Within-case phase range,2435,0.0,0.0590995504592185,0.3318846305807981,1.0344827586206897,2.6807305582746292
startup10,60.0,5.0,normal_reference_low_display_min_per_hour,Within-case phase range,2435,0.0,1.0409857188875766,2.1452894438138475,3.6329778691969423,5.5894941214539955
startup10,60.0,5.0,hidden_deficit_ratio,Within-case phase range,2006,0.31815776815776814,0.48900709219858157,0.6396727307122363,0.8156487776327045,1.0
startup10,60.0,5.0,overdisplay_deficit_ratio,Within-case phase range,2006,0.8226187763039944,2.5373931623931623,6.0530071355759425,12.42857142857143,29.0
startup10,60.0,5.0,absolute_auc_disagreement_ratio,Within-case phase range,2006,0.9241441688060906,2.3702685349695933,5.710692818728251,11.837517058105293,28.0
startup10,60.0,5.0,net_auc_bias_percent,Within-case phase range,2006,101.08176467727029,289.2358909321497,651.4637482900137,1311.0713461094433,3000.0
startup10,60.0,5.0,miss_fraction,Phase-averaged case value,1145,0.06666666666666667,0.3333333333333333,0.5,0.6333333333333333,0.7666666666666667
startup10,60.0,5.0,miss_fraction,Within-case phase range,1145,0.27599999999999997,0.6666666666666666,1.0,1.0,1.0
startup10,60.0,10.0,absolute_state_discordance_min_per_hour,Phase-averaged case value,2435,0.0,0.13194780726975575,0.821917808219178,2.293399122807017,6.267700642194688
startup10,60.0,10.0,low_reference_normal_display_min_per_hour,Phase-averaged case value,2435,0.0,0.058329854490340095,0.36499068901303533,1.0707307874035328,3.0090135120193615
startup10,60.0,10.0,normal_reference_low_display_min_per_hour,Phase-averaged case value,2435,0.0,0.06556968127445374,0.4334719334719334,1.21428559458232,3.2602118728978255
startup10,60.0,10.0,hidden_deficit_ratio,Phase-averaged case value,2006,0.7008573439887873,0.8732893936139747,0.945068330362448,0.975,0.9833333333333333
startup10,60.0,10.0,overdisplay_deficit_ratio,Phase-averaged case value,2006,0.43531660949113776,0.8090838661730887,0.9085408413506885,0.9645833333333333,0.9833333333333333
startup10,60.0,10.0,absolute_auc_disagreement_ratio,Phase-averaged case value,2006,1.1875332734528137,1.6512940984493905,1.8333333333333333,1.9334910620399581,1.9666666666666666
startup10,60.0,10.0,net_auc_bias_percent,Phase-averaged case value,2006,-49.15833333333333,-1.7101010101010146,-3.197442310920451e-15,6.335672727194227e-15,2.2737367544323207e-14
startup10,60.0,10.0,absolute_state_discordance_min_per_hour,Within-case phase range,2435,0.0,1.9909341091594261,3.763250883392226,6.573753707103516,10.033506243996152
startup10,60.0,10.0,low_reference_normal_display_min_per_hour,Within-case phase range,2435,0.0,0.060240963855421686,0.3464203233256351,1.0862164416525801,3.3980608818112876
startup10,60.0,10.0,normal_reference_low_display_min_per_hour,Within-case phase range,2435,0.0,2.0079416556634,3.8765008576329327,6.848794529310528,10.394354263528466
startup10,60.0,10.0,hidden_deficit_ratio,Within-case phase range,2006,0.36299555707450437,0.5096165854876983,0.6666666666666667,0.8282186948853615,1.0
startup10,60.0,10.0,overdisplay_deficit_ratio,Within-case phase range,2006,1.5795788429429496,4.83799353186902,11.740588235294117,25.156349206349205,58.99999999999999
startup10,60.0,10.0,absolute_auc_disagreement_ratio,Within-case phase range,2006,1.5264418754014126,4.577942497753818,11.426907630522088,24.54800587343691,57.99999999999999
startup10,60.0,10.0,net_auc_bias_percent,Within-case phase range,2006,200.34423407917384,518.6965811965812,1221.253918495298,2571.4285714285716,6000.0
startup10,60.0,10.0,miss_fraction,Phase-averaged case value,1145,0.35041666666666665,0.5916666666666667,0.7166666666666667,0.8,0.8822222222222219
startup10,60.0,10.0,miss_fraction,Within-case phase range,1145,0.5,0.7142857142857142,1.0,1.0,1.0
startup10,65.0,1.0,absolute_state_discordance_min_per_hour,Phase-averaged case value,2435,0.0,0.38638107387327425,0.9164149043303121,1.7850698361230477,3.7166134185303488
startup10,65.0,1.0,low_reference_normal_display_min_per_hour,Phase-averaged case value,2435,0.0,0.19135888125689,0.4507257448433919,0.8835911848990057,1.8468067940552015
startup10,65.0,1.0,normal_reference_low_display_min_per_hour,Phase-averaged case value,2435,0.0,0.19636725400109123,0.4701834862385321,0.9143070865419032,1.903641001855285
startup10,65.0,1.0,hidden_deficit_ratio,Phase-averaged case value,2244,0.14510355726339752,0.24259984416234415,0.368883547008547,0.6172778734924932,0.8333333333333334
startup10,65.0,1.0,overdisplay_deficit_ratio,Phase-averaged case value,2244,0.1356818473748969,0.22931870365804305,0.34621977250587355,0.5674301694038537,0.8225560897435895
startup10,65.0,1.0,absolute_auc_disagreement_ratio,Phase-averaged case value,2244,0.28812520439647943,0.4757343372374047,0.7287088746740907,1.1667853751187085,1.6241071428571423
startup10,65.0,1.0,net_auc_bias_percent,Phase-averaged case value,2244,-15.477145148356053,-0.16704236337004613,2.3684757858670005e-15,9.473903143468002e-15,0.2821800164366746
startup10,65.0,1.0,absolute_state_discordance_min_per_hour,Within-case phase range,2435,0.0,0.3162060824885432,0.5217391304347825,0.7894388686452427,1.3383785542854816
startup10,65.0,1.0,low_reference_normal_display_min_per_hour,Within-case phase range,2435,0.0,0.1937269784859144,0.37651277454056475,0.6148595431871879,1.1224113871797476
startup10,65.0,1.0,normal_reference_low_display_min_per_hour,Within-case phase range,2435,0.0,0.32608695652173914,0.5519779208831646,0.8130081300813008,1.35307024530105
startup10,65.0,1.0,hidden_deficit_ratio,Within-case phase range,2244,0.040118063405273234,0.10853886673558806,0.2298814390842191,0.5313576101928374,1.0
startup10,65.0,1.0,overdisplay_deficit_ratio,Within-case phase range,2244,0.057233559665378665,0.17008381689232754,0.45443761457996323,1.2461249474569147,3.7088011088011066
startup10,65.0,1.0,absolute_auc_disagreement_ratio,Within-case phase range,2244,0.060215117013343984,0.16316295973234968,0.3956446531573305,0.9771882111339292,2.9767424798239164
startup10,65.0,1.0,net_auc_bias_percent,Within-case phase range,2244,8.300092871812634,25.037132660491928,64.28571428571429,168.1818181818182,449.57547169811295
startup10,65.0,1.0,miss_fraction,Phase-averaged case value,1767,0.0,0.0,0.0,0.0,0.0
startup10,65.0,1.0,miss_fraction,Within-case phase range,1767,0.0,0.0,0.0,0.0,0.0
startup10,65.0,2.5,absolute_state_discordance_min_per_hour,Phase-averaged case value,2435,0.0,0.6023618024322462,1.5953079178885627,3.166439267722823,6.431225241855072
startup10,65.0,2.5,low_reference_normal_display_min_per_hour,Phase-averaged case value,2435,0.0,0.28175685254213256,0.7724137931034482,1.5588719538031306,3.1688106479070433
startup10,65.0,2.5,normal_reference_low_display_min_per_hour,Phase-averaged case value,2435,0.0,0.3119145910738039,0.8281088529107821,1.6094310664478426,3.2677052382430705
startup10,65.0,2.5,hidden_deficit_ratio,Phase-averaged case value,2244,0.2709390704863196,0.42271674305188317,0.5917041720245749,0.8119462103212826,0.9333333333333333
startup10,65.0,2.5,overdisplay_deficit_ratio,Phase-averaged case value,2244,0.2444985480666361,0.4023106294804739,0.556279818475309,0.7611791546589817,0.9216264090177134
startup10,65.0,2.5,absolute_auc_disagreement_ratio,Phase-averaged case value,2244,0.53872480260519,0.8367066225773858,1.1433998100664766,1.5517299780095057,1.8413542574832897
startup10,65.0,2.5,net_auc_bias_percent,Phase-averaged case value,2244,-17.46168498168498,-0.4787606538028242,1.1842378929335003e-16,9.473903143468002e-15,0.39952357825111695
startup10,65.0,2.5,absolute_state_discordance_min_per_hour,Within-case phase range,2435,0.0,0.9548710280982495,1.631419939577039,2.2828594232655623,3.647723741629251
startup10,65.0,2.5,low_reference_normal_display_min_per_hour,Within-case phase range,2435,0.0,0.29651523414246284,0.8301886792452831,1.4425686514233194,2.628410353483395
startup10,65.0,2.5,normal_reference_low_display_min_per_hour,Within-case phase range,2435,0.0,0.9188825571595363,1.6038382453735434,2.2411446113023072,3.5348476426887636
startup10,65.0,2.5,hidden_deficit_ratio,Within-case phase range,2244,0.10927423179059177,0.23023696009159172,0.3999999999999999,0.65,1.0
startup10,65.0,2.5,overdisplay_deficit_ratio,Within-case phase range,2244,0.20189214758751184,0.5643086680681593,1.3841681574239715,3.413709863376953,10.13390804597701
startup10,65.0,2.5,absolute_auc_disagreement_ratio,Within-case phase range,2244,0.21673197639846228,0.5589566379040063,1.3083312036800407,3.0290455631794004,9.320833333333326
startup10,65.0,2.5,net_auc_bias_percent,Within-case phase range,2244,27.983223312623558,73.65009099790093,165.2459726937803,383.0673758865248,1092.5706214689262
startup10,65.0,2.5,miss_fraction,Phase-averaged case value,1767,0.0,0.03333333333333333,0.13333333333333333,0.22722222222222221,0.43333333333333335
startup10,65.0,2.5,miss_fraction,Within-case phase range,1767,0.0,0.16666666666666666,0.3333333333333333,0.5,1.0
startup10,65.0,3.0,absolute_state_discordance_min_per_hour,Phase-averaged case value,2435,0.0,0.6354909153620714,1.75,3.5169389207532475,7.027429719701799
startup10,65.0,3.0,low_reference_normal_display_min_per_hour,Phase-averaged case value,2435,0.0,0.29685221248537935,0.8465608465608465,1.7172735495508735,3.483876044185628
startup10,65.0,3.0,normal_reference_low_display_min_per_hour,Phase-averaged case value,2435,0.0,0.3314089437652481,0.9105346744309158,1.8013118538916795,3.582126534647655
startup10,65.0,3.0,hidden_deficit_ratio,Phase-averaged case value,2244,0.3034537296908549,0.46336976073250424,0.6371738002062546,0.838656125305223,0.9444444444444444
startup10,65.0,3.0,overdisplay_deficit_ratio,Phase-averaged case value,2244,0.27219922303567706,0.4420067740407593,0.601908310749774,0.7947971954227346,0.9351851851851851
startup10,65.0,3.0,absolute_auc_disagreement_ratio,Phase-averaged case value,2244,0.6000715903748344,0.9192294883526051,1.2344197319193748,1.6171223176626337,1.8693773483628553
startup10,65.0,3.0,net_auc_bias_percent,Phase-averaged case value,2244,-18.44082221633242,-0.5665927490053861,0.0,9.473903143468002e-15,0.4929483029843869
startup10,65.0,3.0,absolute_state_discordance_min_per_hour,Within-case phase range,2435,0.0,1.1467295270898787,1.9492219492219487,2.775566796105434,4.443846895985175
startup10,65.0,3.0,low_reference_normal_display_min_per_hour,Within-case phase range,2435,0.0,0.30057511808036746,0.9558823529411765,1.6746589010924033,3.147511367825978
startup10,65.0,3.0,normal_reference_low_display_min_per_hour,Within-case phase range,2435,0.0,1.1155408277316876,1.9094576423128642,2.71391441166998,4.193312153651445
startup10,65.0,3.0,hidden_deficit_ratio,Within-case phase range,2244,0.13535830467515567,0.2650052328623757,0.43143430600586685,0.6666666666666667,1.0
startup10,65.0,3.0,overdisplay_deficit_ratio,Within-case phase range,2244,0.25352475913261197,0.7007330674653737,1.671484693877551,4.0084087054833235,12.377907656341316
startup10,65.0,3.0,absolute_auc_disagreement_ratio,Within-case phase range,2244,0.26434017595307924,0.6886123680241327,1.5427186728179318,3.6783661740558293,11.573275862068959
startup10,65.0,3.0,net_auc_bias_percent,Within-case phase range,2244,33.5869225302061,89.75685224097721,200.2934199268881,450.00000000000006,1310.6019871420217
startup10,65.0,3.0,miss_fraction,Phase-averaged case value,1767,0.0,0.08179012345679013,0.1875,0.2916666666666667,0.5155555555555515
startup10,65.0,3.0,miss_fraction,Within-case phase range,1767,0.0,0.25,0.5,0.6666666666666666,1.0
startup10,65.0,5.0,absolute_state_discordance_min_per_hour,Phase-averaged case value,2435,0.0,0.7213068259014701,2.212305611899932,4.543159486016629,8.992611811406803
startup10,65.0,5.0,low_reference_normal_display_min_per_hour,Phase-averaged case value,2435,0.0,0.32882630731919194,1.0457971014492753,2.2157094529421566,4.420039689034368
startup10,65.0,5.0,normal_reference_low_display_min_per_hour,Phase-averaged case value,2435,0.0,0.3761001676445934,1.1823308270676691,2.3682558449860664,4.694891748220814
startup10,65.0,5.0,hidden_deficit_ratio,Phase-averaged case value,2244,0.4037557264580468,0.5898534633122908,0.752194722368498,0.8993194646024835,0.9666666666666667
startup10,65.0,5.0,overdisplay_deficit_ratio,Phase-averaged case value,2244,0.36060869014496116,0.5577252684730816,0.7081881126891925,0.860689223672588,0.9604895205282802
startup10,65.0,5.0,absolute_auc_disagreement_ratio,Phase-averaged case value,2244,0.8024700388241565,1.1493170099753856,1.4509264878423758,1.7384757834757836,1.9193569431500463
startup10,65.0,5.0,net_auc_bias_percent,Phase-averaged case value,2244,-19.333333333333332,-0.9386777638190831,0.0,8.526512829121202e-15,0.6297429916994128
startup10,65.0,5.0,absolute_state_discordance_min_per_hour,Within-case phase range,2435,0.0,1.84169394084351,3.169139465875371,4.435581540093158,6.9564619084276265
startup10,65.0,5.0,low_reference_normal_display_min_per_hour,Within-case phase range,2435,0.0,0.3078256425177738,1.2300683371298406,2.373000484506017,4.581385987366329
startup10,65.0,5.0,normal_reference_low_display_min_per_hour,Within-case phase range,2435,0.0,1.8198617644235382,3.15,4.479865394981134,6.729662695435583
startup10,65.0,5.0,hidden_deficit_ratio,Within-case phase range,2244,0.20991871983743968,0.3712680820183351,0.5243482008187891,0.7063890706806283,1.0
startup10,65.0,5.0,overdisplay_deficit_ratio,Within-case phase range,2244,0.4565713668912852,1.252695283385297,2.823611111111111,6.868677976952625,20.868977673325485
startup10,65.0,5.0,absolute_auc_disagreement_ratio,Within-case phase range,2244,0.45245650110478725,1.1809256909193455,2.6010244286840027,6.514171038617807,19.983783783783775
startup10,65.0,5.0,net_auc_bias_percent,Within-case phase range,2244,63.40780141843971,150.86566878499946,314.41114651840803,735.4384520378757,2173.688155922039
startup10,65.0,5.0,miss_fraction,Phase-averaged case value,1767,0.0,0.23333333333333334,0.35833333333333334,0.5,0.7
startup10,65.0,5.0,miss_fraction,Within-case phase range,1767,0.0,0.5,0.6666666666666666,1.0,1.0
startup10,65.0,10.0,absolute_state_discordance_min_per_hour,Phase-averaged case value,2435,0.0,0.7648988729350008,2.743119266055046,5.881760204081632,11.816376685376504
startup10,65.0,10.0,low_reference_normal_display_min_per_hour,Phase-averaged case value,2435,0.0,0.31872844729539146,1.2495930548019532,2.8140389591923785,5.717935172719735
startup10,65.0,10.0,normal_reference_low_display_min_per_hour,Phase-averaged case value,2435,0.0,0.40223443206896325,1.5129629629629628,3.068630222728583,6.181171445462603
startup10,65.0,10.0,hidden_deficit_ratio,Phase-averaged case value,2244,0.552539394868911,0.7384196122007433,0.8563217366919055,0.9461716415806979,0.9833333333333333
startup10,65.0,10.0,overdisplay_deficit_ratio,Phase-averaged case value,2244,0.48646849994364927,0.694004913810274,0.817688662841245,0.9186683912293668,0.9792623873873875
startup10,65.0,10.0,absolute_auc_disagreement_ratio,Phase-averaged case value,2244,1.051975093320055,1.424390013599158,1.6639434994318147,1.8452078288942697,1.9583333333333333
startup10,65.0,10.0,net_auc_bias_percent,Phase-averaged case value,2244,-22.986028250570268,-1.4981225122810276,-0.050442612942608156,7.579122514774402e-15,0.5405612443090917
startup10,65.0,10.0,absolute_state_discordance_min_per_hour,Within-case phase range,2435,0.0,3.327113006396588,5.679513184584178,7.955571553678702,11.704844912998523
startup10,65.0,10.0,low_reference_normal_display_min_per_hour,Within-case phase range,2435,0.0,0.3163454410674574,1.4,3.2643488927931137,6.766181307277191
startup10,65.0,10.0,normal_reference_low_display_min_per_hour,Within-case phase range,2435,0.0,3.419475882103734,5.8562555456965395,8.430885947046843,12.048796068796065
startup10,65.0,10.0,hidden_deficit_ratio,Within-case phase range,2244,0.31743371528878406,0.4610835253341383,0.5956361826875229,0.7491594933773875,1.0
startup10,65.0,10.0,overdisplay_deficit_ratio,Within-case phase range,2244,0.9645600338610096,2.3862432315631597,5.460313414519022,13.506578947368423,42.4012158054711
startup10,65.0,10.0,absolute_auc_disagreement_ratio,Within-case phase range,2244,0.8751517660044151,2.1939875787070564,5.215830473388898,13.112587856048194,41.44532019704434
startup10,65.0,10.0,net_auc_bias_percent,Within-case phase range,2244,121.12065756216079,275.8154706430568,585.1383452106127,1405.038056206089,4314.133738601821
startup10,65.0,10.0,miss_fraction,Phase-averaged case value,1767,0.2596666666666667,0.45506410256410257,0.5904761904761905,0.7166666666666667,0.85
startup10,65.0,10.0,miss_fraction,Within-case phase range,1767,0.40909090909090906,0.625,0.875,1.0,1.0
