policy,offset_sec,episodes,fresh,inherited_only,never_low,carry_in,first_inherited,fresh_percent,inherited_only_percent,never_low_percent,carry_in_percent,first_inherited_percent,threshold,interval_min
original,0.0,1407,1407,0,0,185,185,100.0,0.0,0.0,13.148542999289267,13.148542999289267,55.0,1.0
original,10.0,1407,1407,0,0,184,184,100.0,0.0,0.0,13.077469793887705,13.077469793887705,55.0,1.0
original,20.0,1407,1407,0,0,187,187,100.0,0.0,0.0,13.290689410092396,13.290689410092396,55.0,1.0
original,30.0,1407,1407,0,0,202,202,100.0,0.0,0.0,14.356787491115849,14.356787491115849,55.0,1.0
original,40.0,1407,1407,0,0,195,195,100.0,0.0,0.0,13.859275053304904,13.859275053304904,55.0,1.0
original,50.0,1407,1407,0,0,190,190,100.0,0.0,0.0,13.503909026297086,13.503909026297086,55.0,1.0
original,0.0,1407,984,52,371,187,187,69.9360341151386,3.695806680881308,26.3681592039801,13.290689410092396,13.290689410092396,55.0,2.5
original,10.0,1407,994,49,364,188,188,70.64676616915423,3.482587064676617,25.870646766169155,13.361762615493959,13.361762615493959,55.0,2.5
original,20.0,1407,1004,57,346,199,199,71.35749822316987,4.051172707889126,24.591329068941008,14.143567874911158,14.143567874911158,55.0,2.5
original,30.0,1407,1002,59,346,201,201,71.21535181236673,4.193319118692253,24.591329068941008,14.285714285714286,14.285714285714286,55.0,2.5
original,40.0,1407,996,67,344,210,210,70.78891257995735,4.761904761904762,24.449182658137882,14.925373134328359,14.925373134328359,55.0,2.5
original,50.0,1407,994,64,349,198,198,70.64676616915423,4.548685145700071,24.8045486851457,14.072494669509595,14.072494669509595,55.0,2.5
original,60.0,1407,988,61,358,196,196,70.22032693674485,4.33546552949538,25.444207533759773,13.930348258706468,13.930348258706468,55.0,2.5
original,70.0,1407,1001,65,341,192,192,71.14427860696517,4.619758351101635,24.235963041933193,13.646055437100213,13.646055437100213,55.0,2.5
original,80.0,1407,990,61,356,177,177,70.36247334754798,4.33546552949538,25.302061122956644,12.57995735607676,12.57995735607676,55.0,2.5
original,90.0,1407,997,58,352,181,181,70.85998578535892,4.12224591329069,25.01776830135039,12.864250177683013,12.864250177683013,55.0,2.5
original,100.0,1407,1001,61,345,177,177,71.14427860696517,4.33546552949538,24.520255863539447,12.57995735607676,12.57995735607676,55.0,2.5
original,110.0,1407,1022,58,327,193,193,72.636815920398,4.12224591329069,23.240938166311302,13.717128642501777,13.717128642501777,55.0,2.5
original,120.0,1407,1004,65,338,188,188,71.35749822316987,4.619758351101635,24.0227434257285,13.361762615493959,13.361762615493959,55.0,2.5
original,130.0,1407,998,61,348,187,187,70.93105899076048,4.33546552949538,24.733475479744136,13.290689410092396,13.290689410092396,55.0,2.5
original,140.0,1407,1001,55,351,189,189,71.14427860696517,3.9090262970859984,24.946695095948826,13.432835820895523,13.432835820895523,55.0,2.5
original,0.0,1407,891,77,439,193,193,63.32622601279318,5.472636815920398,31.201137171286426,13.717128642501777,13.717128642501777,55.0,3.0
original,10.0,1407,875,75,457,192,192,62.18905472636816,5.330490405117271,32.48045486851457,13.646055437100213,13.646055437100213,55.0,3.0
original,20.0,1407,892,72,443,201,201,63.39729921819474,5.11727078891258,31.48542999289268,14.285714285714286,14.285714285714286,55.0,3.0
original,30.0,1407,878,78,451,198,198,62.40227434257285,5.543710021321962,32.05401563610519,14.072494669509595,14.072494669509595,55.0,3.0
original,40.0,1407,864,82,461,192,192,61.40724946695096,5.828002842928216,32.76474769012083,13.646055437100213,13.646055437100213,55.0,3.0
original,50.0,1407,876,79,452,197,197,62.26012793176972,5.614783226723525,32.12508884150675,14.00142146410803,14.00142146410803,55.0,3.0
original,60.0,1407,866,83,458,198,198,61.54939587775409,5.899076048329779,32.55152807391613,14.072494669509595,14.072494669509595,55.0,3.0
original,70.0,1407,878,87,442,199,199,62.40227434257285,6.183368869936034,31.414356787491116,14.143567874911158,14.143567874911158,55.0,3.0
original,80.0,1407,898,81,428,192,192,63.823738450604125,5.756929637526652,30.419331911869225,13.646055437100213,13.646055437100213,55.0,3.0
original,90.0,1407,896,73,438,187,187,63.681592039801,5.188343994314144,31.13006396588486,13.290689410092396,13.290689410092396,55.0,3.0
original,100.0,1407,894,81,432,190,190,63.53944562899787,5.756929637526652,30.70362473347548,13.503909026297086,13.503909026297086,55.0,3.0
original,110.0,1407,878,77,452,186,186,62.40227434257285,5.472636815920398,32.12508884150675,13.219616204690832,13.219616204690832,55.0,3.0
original,120.0,1407,881,63,463,180,180,62.61549395877754,4.477611940298507,32.90689410092395,12.793176972281449,12.793176972281449,55.0,3.0
original,130.0,1407,894,59,454,174,174,63.53944562899787,4.193319118692253,32.26723525230988,12.366737739872068,12.366737739872068,55.0,3.0
original,140.0,1407,895,67,445,168,168,63.61051883439943,4.761904761904762,31.627576403695805,11.940298507462687,11.940298507462687,55.0,3.0
original,150.0,1407,891,75,441,185,185,63.32622601279318,5.330490405117271,31.34328358208955,13.148542999289267,13.148542999289267,55.0,3.0
original,160.0,1407,911,72,424,180,180,64.74769012082444,5.11727078891258,30.13503909026297,12.793176972281449,12.793176972281449,55.0,3.0
original,170.0,1407,898,76,433,186,186,63.823738450604125,5.401563610518834,30.774697938877043,13.219616204690832,13.219616204690832,55.0,3.0
original,0.0,1407,597,97,713,188,188,42.430703624733475,6.894100923951671,50.675195451314856,13.361762615493959,13.361762615493959,55.0,5.0
original,10.0,1407,616,101,690,194,194,43.78109452736319,7.1783937455579245,49.04051172707889,13.788201847903341,13.788201847903341,55.0,5.0
original,20.0,1407,620,99,688,179,179,44.06538734896944,7.036247334754798,48.898365316275765,12.722103766879886,12.722103766879886,55.0,5.0
original,30.0,1407,623,112,672,196,196,44.27860696517413,7.960199004975125,47.76119402985075,13.930348258706468,13.930348258706468,55.0,5.0
original,40.0,1407,619,109,679,196,196,43.99431414356788,7.746979388770433,48.25870646766169,13.930348258706468,13.930348258706468,55.0,5.0
original,50.0,1407,612,113,682,186,186,43.49680170575693,8.031272210376688,48.471926083866386,13.219616204690832,13.219616204690832,55.0,5.0
original,60.0,1407,608,108,691,184,184,43.21250888415067,7.67590618336887,49.111584932480454,13.077469793887705,13.077469793887705,55.0,5.0
original,70.0,1407,609,104,694,177,177,43.28358208955224,7.391613361762616,49.324804548685144,12.57995735607676,12.57995735607676,55.0,5.0
original,80.0,1407,606,102,699,164,164,43.07036247334755,7.249466950959488,49.68017057569296,11.656005685856432,11.656005685856432,55.0,5.0
original,90.0,1407,603,100,704,166,166,42.857142857142854,7.107320540156361,50.03553660270078,11.798152096659559,11.798152096659559,55.0,5.0
original,100.0,1407,606,103,698,164,164,43.07036247334755,7.3205401563610515,49.6090973702914,11.656005685856432,11.656005685856432,55.0,5.0
original,110.0,1407,613,110,684,180,180,43.56787491115849,7.818052594171997,48.61407249466951,12.793176972281449,12.793176972281449,55.0,5.0
original,120.0,1407,598,114,695,182,182,42.501776830135036,8.102345415778252,49.39587775408671,12.935323383084578,12.935323383084578,55.0,5.0
original,130.0,1407,592,111,704,181,181,42.07533759772566,7.889125799573561,50.03553660270078,12.864250177683013,12.864250177683013,55.0,5.0
original,140.0,1407,602,117,688,191,191,42.78606965174129,8.315565031982942,48.898365316275765,13.57498223169865,13.57498223169865,55.0,5.0
original,150.0,1407,589,114,704,185,185,41.86211798152097,8.102345415778252,50.03553660270078,13.148542999289267,13.148542999289267,55.0,5.0
original,160.0,1407,580,102,725,159,159,41.22245913290689,7.249466950959488,51.528073916133614,11.300639658848613,11.300639658848613,55.0,5.0
original,170.0,1407,582,119,706,187,187,41.36460554371002,8.457711442786069,50.17768301350391,13.290689410092396,13.290689410092396,55.0,5.0
original,180.0,1407,580,116,711,188,188,41.22245913290689,8.24449182658138,50.53304904051173,13.361762615493959,13.361762615493959,55.0,5.0
original,190.0,1407,586,123,698,198,198,41.64889836531628,8.742004264392325,49.6090973702914,14.072494669509595,14.072494669509595,55.0,5.0
original,200.0,1407,594,103,710,178,178,42.217484008528785,7.3205401563610515,50.46197583511017,12.651030561478322,12.651030561478322,55.0,5.0
original,210.0,1407,584,101,722,172,172,41.50675195451315,7.1783937455579245,51.314854299928925,12.224591329068941,12.224591329068941,55.0,5.0
original,220.0,1407,595,109,703,174,174,42.288557213930346,7.746979388770433,49.96446339729922,12.366737739872068,12.366737739872068,55.0,5.0
original,230.0,1407,584,92,731,149,149,41.50675195451315,6.538734896943852,51.954513148543,10.589907604832979,10.589907604832979,55.0,5.0
original,240.0,1407,585,90,732,147,147,41.57782515991471,6.3965884861407245,52.02558635394456,10.447761194029852,10.447761194029852,55.0,5.0
original,250.0,1407,588,92,727,157,157,41.791044776119406,6.538734896943852,51.67022032693674,11.158493248045486,11.158493248045486,55.0,5.0
original,260.0,1407,606,102,699,170,170,43.07036247334755,7.249466950959488,49.68017057569296,12.082444918265814,12.082444918265814,55.0,5.0
original,270.0,1407,605,97,705,174,174,42.99928926794598,6.894100923951671,50.10660980810235,12.366737739872068,12.366737739872068,55.0,5.0
original,280.0,1407,606,96,705,183,183,43.07036247334755,6.823027718550106,50.10660980810235,13.00639658848614,13.00639658848614,55.0,5.0
original,290.0,1407,602,91,714,177,177,42.78606965174129,6.467661691542289,50.74626865671642,12.57995735607676,12.57995735607676,55.0,5.0
original,0.0,1407,317,118,972,155,155,22.530206112295666,8.386638237384506,69.08315565031982,11.01634683724236,11.01634683724236,55.0,10.0
original,10.0,1407,327,116,964,148,148,23.240938166311302,8.24449182658138,68.51457000710732,10.518834399431414,10.518834399431414,55.0,10.0
original,20.0,1407,339,117,951,152,152,24.093816631130064,8.315565031982942,67.59061833688699,10.803127221037668,10.803127221037668,55.0,10.0
original,30.0,1407,333,116,958,155,155,23.66737739872068,8.24449182658138,68.08813077469794,11.01634683724236,11.01634683724236,55.0,10.0
original,40.0,1407,334,131,942,169,169,23.738450604122246,9.310589907604832,66.95095948827291,12.01137171286425,12.01137171286425,55.0,10.0
original,50.0,1407,325,118,964,148,148,23.098791755508174,8.386638237384506,68.51457000710732,10.518834399431414,10.518834399431414,55.0,10.0
original,60.0,1407,335,120,952,152,152,23.80952380952381,8.528784648187633,67.66169154228855,10.803127221037668,10.803127221037668,55.0,10.0
original,70.0,1407,334,121,952,148,148,23.738450604122246,8.599857853589198,67.66169154228855,10.518834399431414,10.518834399431414,55.0,10.0
original,80.0,1407,333,113,961,136,136,23.66737739872068,8.031272210376688,68.30135039090263,9.66595593461265,9.66595593461265,55.0,10.0
original,90.0,1407,333,107,967,133,133,23.66737739872068,7.604832977967306,68.727789623312,9.45273631840796,9.45273631840796,55.0,10.0
original,100.0,1407,335,106,966,132,132,23.80952380952381,7.533759772565743,68.65671641791045,9.381663113006397,9.381663113006397,55.0,10.0
original,110.0,1407,338,112,957,140,140,24.0227434257285,7.960199004975125,68.01705756929637,9.950248756218905,9.950248756218905,55.0,10.0
original,120.0,1407,327,106,974,137,137,23.240938166311302,7.533759772565743,69.22530206112296,9.737029140014215,9.737029140014215,55.0,10.0
original,130.0,1407,329,109,969,141,141,23.383084577114428,7.746979388770433,68.86993603411514,10.021321961620469,10.021321961620469,55.0,10.0
original,140.0,1407,332,118,957,150,150,23.596304193319117,8.386638237384506,68.01705756929637,10.660980810234541,10.660980810234541,55.0,10.0
original,150.0,1407,324,115,968,149,149,23.02771855010661,8.173418621179815,68.79886282871358,10.589907604832979,10.589907604832979,55.0,10.0
original,160.0,1407,319,97,991,126,126,22.67235252309879,6.894100923951671,70.43354655294954,8.955223880597014,8.955223880597014,55.0,10.0
original,170.0,1407,318,109,980,143,143,22.601279317697227,7.746979388770433,69.65174129353234,10.163468372423596,10.163468372423596,55.0,10.0
original,180.0,1407,316,119,972,149,149,22.4591329068941,8.457711442786069,69.08315565031982,10.589907604832979,10.589907604832979,55.0,10.0
original,190.0,1407,328,136,943,160,160,23.312011371712863,9.66595593461265,67.02203269367449,11.371712864250178,11.371712864250178,55.0,10.0
original,200.0,1407,333,121,953,152,152,23.66737739872068,8.599857853589198,67.73276474769013,10.803127221037668,10.803127221037668,55.0,10.0
original,210.0,1407,324,127,956,159,159,23.02771855010661,9.026297085998578,67.94598436389481,11.300639658848613,11.300639658848613,55.0,10.0
original,220.0,1407,337,130,940,170,170,23.951670220326935,9.23951670220327,66.8088130774698,12.082444918265814,12.082444918265814,55.0,10.0
original,230.0,1407,332,109,966,146,146,23.596304193319117,7.746979388770433,68.65671641791045,10.376687988628287,10.376687988628287,55.0,10.0
original,240.0,1407,338,102,967,133,133,24.0227434257285,7.249466950959488,68.727789623312,9.45273631840796,9.45273631840796,55.0,10.0
original,250.0,1407,335,115,957,149,149,23.80952380952381,8.173418621179815,68.01705756929637,10.589907604832979,10.589907604832979,55.0,10.0
original,260.0,1407,348,117,942,153,153,24.733475479744136,8.315565031982942,66.95095948827291,10.874200426439232,10.874200426439232,55.0,10.0
original,270.0,1407,338,123,946,156,156,24.0227434257285,8.742004264392325,67.23525230987917,11.087420042643924,11.087420042643924,55.0,10.0
original,280.0,1407,333,124,950,162,162,23.66737739872068,8.813077469793887,67.51954513148543,11.513859275053305,11.513859275053305,55.0,10.0
original,290.0,1407,330,121,956,158,158,23.454157782515992,8.599857853589198,67.94598436389481,11.22956645344705,11.22956645344705,55.0,10.0
original,300.0,1407,324,128,955,167,167,23.02771855010661,9.097370291400143,67.87491115849325,11.869225302061123,11.869225302061123,55.0,10.0
original,310.0,1407,332,137,938,176,176,23.596304193319117,9.737029140014215,66.66666666666667,12.508884150675195,12.508884150675195,55.0,10.0
original,320.0,1407,323,123,961,157,157,22.956645344705045,8.742004264392325,68.30135039090263,11.158493248045486,11.158493248045486,55.0,10.0
original,330.0,1407,339,135,933,170,170,24.093816631130064,9.594882729211088,66.31130063965885,12.082444918265814,12.082444918265814,55.0,10.0
original,340.0,1407,335,115,957,156,156,23.80952380952381,8.173418621179815,68.01705756929637,11.087420042643924,11.087420042643924,55.0,10.0
original,350.0,1407,337,128,942,165,165,23.951670220326935,9.097370291400143,66.95095948827291,11.727078891257996,11.727078891257996,55.0,10.0
original,360.0,1407,320,121,966,152,152,22.743425728500355,8.599857853589198,68.65671641791045,10.803127221037668,10.803127221037668,55.0,10.0
original,370.0,1407,321,108,978,140,140,22.81449893390192,7.67590618336887,69.50959488272922,9.950248756218905,9.950248756218905,55.0,10.0
original,380.0,1407,321,109,977,138,138,22.81449893390192,7.746979388770433,69.43852167732764,9.808102345415778,9.808102345415778,55.0,10.0
original,390.0,1407,321,106,980,135,135,22.81449893390192,7.533759772565743,69.65174129353234,9.594882729211088,9.594882729211088,55.0,10.0
original,400.0,1407,316,108,983,138,138,22.4591329068941,7.67590618336887,69.86496090973704,9.808102345415778,9.808102345415778,55.0,10.0
original,410.0,1407,324,125,958,155,155,23.02771855010661,8.884150675195452,68.08813077469794,11.01634683724236,11.01634683724236,55.0,10.0
original,420.0,1407,320,125,962,154,154,22.743425728500355,8.884150675195452,68.37242359630419,10.945273631840797,10.945273631840797,55.0,10.0
original,430.0,1407,318,117,972,142,142,22.601279317697227,8.315565031982942,69.08315565031982,10.092395167022033,10.092395167022033,55.0,10.0
original,440.0,1407,324,119,964,143,143,23.02771855010661,8.457711442786069,68.51457000710732,10.163468372423596,10.163468372423596,55.0,10.0
original,450.0,1407,317,118,972,139,139,22.530206112295666,8.386638237384506,69.08315565031982,9.879175550817342,9.879175550817342,55.0,10.0
original,460.0,1407,312,116,979,137,137,22.174840085287848,8.24449182658138,69.58066808813078,9.737029140014215,9.737029140014215,55.0,10.0
original,470.0,1407,315,124,968,152,152,22.388059701492537,8.813077469793887,68.79886282871358,10.803127221037668,10.803127221037668,55.0,10.0
original,480.0,1407,312,122,973,149,149,22.174840085287848,8.67093105899076,69.1542288557214,10.589907604832979,10.589907604832979,55.0,10.0
original,490.0,1407,301,115,991,140,140,21.393034825870647,8.173418621179815,70.43354655294954,9.950248756218905,9.950248756218905,55.0,10.0
original,500.0,1407,305,116,986,138,138,21.6773276474769,8.24449182658138,70.07818052594172,9.808102345415778,9.808102345415778,55.0,10.0
original,510.0,1407,304,104,999,131,131,21.606254442075336,7.391613361762616,71.00213219616205,9.310589907604832,9.310589907604832,55.0,10.0
original,520.0,1407,305,106,996,129,129,21.6773276474769,7.533759772565743,70.78891257995735,9.168443496801705,9.168443496801705,55.0,10.0
original,530.0,1407,300,105,1002,128,128,21.321961620469082,7.462686567164179,71.21535181236673,9.097370291400143,9.097370291400143,55.0,10.0
original,540.0,1407,296,113,998,137,137,21.03766879886283,8.031272210376688,70.93105899076048,9.737029140014215,9.737029140014215,55.0,10.0
original,550.0,1407,294,111,1002,137,137,20.895522388059703,7.889125799573561,71.21535181236673,9.737029140014215,9.737029140014215,55.0,10.0
original,560.0,1407,302,113,992,139,139,21.46410803127221,8.031272210376688,70.5046197583511,9.879175550817342,9.879175550817342,55.0,10.0
original,570.0,1407,312,115,980,142,142,22.174840085287848,8.173418621179815,69.65174129353234,10.092395167022033,10.092395167022033,55.0,10.0
original,580.0,1407,317,110,980,142,142,22.530206112295666,7.818052594171997,69.65174129353234,10.092395167022033,10.092395167022033,55.0,10.0
original,590.0,1407,315,110,982,144,144,22.388059701492537,7.818052594171997,69.79388770433546,10.23454157782516,10.23454157782516,55.0,10.0
original,0.0,3905,3905,0,0,554,554,100.0,0.0,0.0,14.186939820742637,14.186939820742637,60.0,1.0
original,10.0,3905,3905,0,0,568,568,100.0,0.0,0.0,14.545454545454545,14.545454545454545,60.0,1.0
original,20.0,3905,3905,0,0,550,550,100.0,0.0,0.0,14.084507042253522,14.084507042253522,60.0,1.0
original,30.0,3905,3905,0,0,579,579,100.0,0.0,0.0,14.827144686299615,14.827144686299615,60.0,1.0
original,40.0,3905,3905,0,0,553,553,100.0,0.0,0.0,14.161331626120358,14.161331626120358,60.0,1.0
original,50.0,3905,3905,0,0,561,561,100.0,0.0,0.0,14.366197183098592,14.366197183098592,60.0,1.0
original,0.0,3905,2913,181,811,628,628,74.5966709346991,4.635083226632522,20.768245838668374,16.08194622279129,16.08194622279129,60.0,2.5
original,10.0,3905,2957,166,782,648,648,75.72343149807938,4.250960307298335,20.02560819462228,16.594110115236877,16.594110115236877,60.0,2.5
original,20.0,3905,2966,169,770,671,671,75.95390524967989,4.327784891165173,19.718309859154928,17.183098591549296,17.183098591549296,60.0,2.5
original,30.0,3905,2932,150,823,655,655,75.08322663252241,3.8412291933418694,21.07554417413572,16.77336747759283,16.77336747759283,60.0,2.5
original,40.0,3905,2925,152,828,670,670,74.90396927016646,3.8924455825864275,21.203585147247118,17.157490396927017,17.157490396927017,60.0,2.5
original,50.0,3905,2950,155,800,664,664,75.54417413572344,3.9692701664532652,20.486555697823302,17.00384122919334,17.00384122919334,60.0,2.5
original,60.0,3905,2958,147,800,645,645,75.74903969270166,3.764404609475032,20.486555697823302,16.51728553137004,16.51728553137004,60.0,2.5
original,70.0,3905,2974,163,768,652,652,76.15877080665813,4.174135723431498,19.66709346991037,16.696542893725994,16.696542893725994,60.0,2.5
original,80.0,3905,2952,152,801,635,635,75.595390524968,3.8924455825864275,20.51216389244558,16.261203585147246,16.261203585147246,60.0,2.5
original,90.0,3905,2966,156,783,637,637,75.95390524967989,3.994878361075544,20.05121638924456,16.312419974391805,16.312419974391805,60.0,2.5
original,100.0,3905,2977,168,760,671,671,76.23559539052496,4.302176696542894,19.46222791293214,17.183098591549296,17.183098591549296,60.0,2.5
original,110.0,3905,2987,153,765,646,646,76.49167733674776,3.9180537772087067,19.590268886043535,16.542893725992318,16.542893725992318,60.0,2.5
original,120.0,3905,2965,162,778,637,637,75.92829705505761,4.148527528809219,19.923175416133162,16.312419974391805,16.312419974391805,60.0,2.5
original,130.0,3905,2928,150,827,621,621,74.9807938540333,3.8412291933418694,21.17797695262484,15.902688860435338,15.902688860435338,60.0,2.5
original,140.0,3905,2930,152,823,624,624,75.03201024327785,3.8924455825864275,21.07554417413572,15.979513444302176,15.979513444302176,60.0,2.5
original,0.0,3905,2652,206,1047,638,638,67.91293213828425,5.2752880921895,26.811779769526247,16.338028169014084,16.338028169014084,60.0,3.0
original,10.0,3905,2665,204,1036,656,656,68.24583866837388,5.224071702944943,26.53008962868118,16.798975672215107,16.798975672215107,60.0,3.0
original,20.0,3905,2694,186,1025,655,655,68.98847631241998,4.763124199743918,26.248399487836107,16.77336747759283,16.77336747759283,60.0,3.0
original,30.0,3905,2665,193,1047,647,647,68.24583866837388,4.942381562099872,26.811779769526247,16.568501920614597,16.568501920614597,60.0,3.0
original,40.0,3905,2687,191,1027,643,643,68.80921895006402,4.891165172855314,26.299615877080665,16.46606914212548,16.46606914212548,60.0,3.0
original,50.0,3905,2678,201,1026,665,665,68.57874519846351,5.147247119078105,26.274007682458386,17.02944942381562,17.02944942381562,60.0,3.0
original,60.0,3905,2665,213,1027,672,672,68.24583866837388,5.454545454545454,26.299615877080665,17.208706786171575,17.208706786171575,60.0,3.0
original,70.0,3905,2686,238,981,691,691,68.78361075544174,6.094750320102433,25.121638924455826,17.695262483994878,17.695262483994878,60.0,3.0
original,80.0,3905,2682,222,1001,673,673,68.68117797695263,5.685019206145967,25.633802816901408,17.234314980793854,17.234314980793854,60.0,3.0
original,90.0,3905,2672,224,1009,655,655,68.42509603072983,5.736235595390525,25.838668373879642,16.77336747759283,16.77336747759283,60.0,3.0
original,100.0,3905,2664,207,1034,641,641,68.2202304737516,5.3008962868117795,26.47887323943662,16.414852752880922,16.414852752880922,60.0,3.0
original,110.0,3905,2645,217,1043,631,631,67.73367477592829,5.556978233034571,26.709346991037133,16.15877080665813,16.15877080665813,60.0,3.0
original,120.0,3905,2640,214,1051,612,612,67.6056338028169,5.480153649167733,26.914212548015364,15.672215108834827,15.672215108834827,60.0,3.0
original,130.0,3905,2636,210,1059,633,633,67.50320102432778,5.377720870678617,27.119078104993598,16.209987195902688,16.209987195902688,60.0,3.0
original,140.0,3905,2659,212,1034,624,624,68.0921895006402,5.428937259923176,26.47887323943662,15.979513444302176,15.979513444302176,60.0,3.0
original,150.0,3905,2674,219,1012,645,645,68.47631241997439,5.60819462227913,25.91549295774648,16.51728553137004,16.51728553137004,60.0,3.0
original,160.0,3905,2663,214,1028,642,642,68.19462227912932,5.480153649167733,26.325224071702944,16.4404609475032,16.4404609475032,60.0,3.0
original,170.0,3905,2667,220,1018,668,668,68.29705505761844,5.633802816901408,26.069142125480155,17.106274007682458,17.106274007682458,60.0,3.0
original,0.0,3905,1847,332,1726,630,630,47.29833546734955,8.50192061459667,44.19974391805378,16.13316261203585,16.13316261203585,60.0,5.0
original,10.0,3905,1886,337,1682,643,643,48.29705505761844,8.629961587708067,43.0729833546735,16.46606914212548,16.46606914212548,60.0,5.0
original,20.0,3905,1882,326,1697,650,650,48.19462227912932,8.348271446862997,43.457106274007685,16.645326504481435,16.645326504481435,60.0,5.0
original,30.0,3905,1876,320,1709,642,642,48.040973111395644,8.194622279129321,43.76440460947503,16.4404609475032,16.4404609475032,60.0,5.0
original,40.0,3905,1882,339,1684,666,666,48.19462227912932,8.681177976952625,43.124199743918055,17.0550576184379,17.0550576184379,60.0,5.0
original,50.0,3905,1887,345,1673,672,672,48.322663252240716,8.8348271446863,42.84250960307298,17.208706786171575,17.208706786171575,60.0,5.0
original,60.0,3905,1905,325,1675,642,642,48.78361075544174,8.322663252240718,42.89372599231754,16.4404609475032,16.4404609475032,60.0,5.0
original,70.0,3905,1910,352,1643,665,665,48.91165172855314,9.014084507042254,42.07426376440461,17.02944942381562,17.02944942381562,60.0,5.0
original,80.0,3905,1897,329,1679,643,643,48.57874519846351,8.425096030729833,42.99615877080666,16.46606914212548,16.46606914212548,60.0,5.0
original,90.0,3905,1912,335,1658,656,656,48.9628681177977,8.578745198463508,42.458386683738794,16.798975672215107,16.798975672215107,60.0,5.0
original,100.0,3905,1912,343,1650,667,667,48.9628681177977,8.78361075544174,42.25352112676056,17.08066581306018,17.08066581306018,60.0,5.0
original,110.0,3905,1906,350,1649,678,678,48.80921895006402,8.962868117797695,42.22791293213828,17.36235595390525,17.36235595390525,60.0,5.0
original,120.0,3905,1885,324,1696,629,629,48.27144686299616,8.297055057618438,43.431498079385406,16.10755441741357,16.10755441741357,60.0,5.0
original,130.0,3905,1884,323,1698,627,627,48.24583866837388,8.271446862996159,43.482714468629965,16.056338028169016,16.056338028169016,60.0,5.0
original,140.0,3905,1883,329,1693,642,642,48.2202304737516,8.425096030729833,43.35467349551857,16.4404609475032,16.4404609475032,60.0,5.0
original,150.0,3905,1870,334,1701,633,633,47.88732394366197,8.553137003841229,43.5595390524968,16.209987195902688,16.209987195902688,60.0,5.0
original,160.0,3905,1888,315,1702,623,623,48.348271446862995,8.066581306017925,43.585147247119075,15.953905249679897,15.953905249679897,60.0,5.0
original,170.0,3905,1889,341,1675,647,647,48.373879641485274,8.732394366197184,42.89372599231754,16.568501920614597,16.568501920614597,60.0,5.0
original,180.0,3905,1864,336,1705,638,638,47.7336747759283,8.604353393085788,43.66197183098591,16.338028169014084,16.338028169014084,60.0,5.0
original,190.0,3905,1837,334,1734,626,626,47.04225352112676,8.553137003841229,44.40460947503201,16.030729833546737,16.030729833546737,60.0,5.0
original,200.0,3905,1867,322,1716,612,612,47.81049935979514,8.24583866837388,43.943661971830984,15.672215108834827,15.672215108834827,60.0,5.0
original,210.0,3905,1857,341,1707,637,637,47.554417413572345,8.732394366197184,43.71318822023047,16.312419974391805,16.312419974391805,60.0,5.0
original,220.0,3905,1862,316,1727,598,598,47.68245838668374,8.092189500640204,44.225352112676056,15.31370038412292,15.31370038412292,60.0,5.0
original,230.0,3905,1845,314,1746,599,599,47.247119078104994,8.040973111395646,44.71190781049936,15.339308578745198,15.339308578745198,60.0,5.0
original,240.0,3905,1847,319,1739,603,603,47.29833546734955,8.169014084507042,44.53265044814341,15.441741357234315,15.441741357234315,60.0,5.0
original,250.0,3905,1860,329,1716,620,620,47.63124199743918,8.425096030729833,43.943661971830984,15.877080665813061,15.877080665813061,60.0,5.0
original,260.0,3905,1888,322,1695,612,612,48.348271446862995,8.24583866837388,43.40588988476313,15.672215108834827,15.672215108834827,60.0,5.0
original,270.0,3905,1880,337,1688,621,621,48.14340588988476,8.629961587708067,43.22663252240717,15.902688860435338,15.902688860435338,60.0,5.0
original,280.0,3905,1854,319,1732,606,606,47.47759282970551,8.169014084507042,44.35339308578745,15.518565941101153,15.518565941101153,60.0,5.0
original,290.0,3905,1840,315,1750,610,610,47.1190781049936,8.066581306017925,44.81434058898848,15.620998719590268,15.620998719590268,60.0,5.0
original,0.0,3905,1019,442,2444,605,605,26.09475032010243,11.318822023047375,62.58642765685019,15.492957746478874,15.492957746478874,60.0,10.0
original,10.0,3905,1034,460,2411,621,621,26.47887323943662,11.7797695262484,61.74135723431498,15.902688860435338,15.902688860435338,60.0,10.0
original,20.0,3905,1055,438,2412,596,596,27.01664532650448,11.21638924455826,61.76696542893726,15.26248399487836,15.26248399487836,60.0,10.0
original,30.0,3905,1062,445,2398,611,611,27.195902688860436,11.395646606914212,61.40845070422535,15.646606914212548,15.646606914212548,60.0,10.0
original,40.0,3905,1071,459,2375,614,614,27.42637644046095,11.75416133162612,60.81946222791293,15.723431498079385,15.723431498079385,60.0,10.0
original,50.0,3905,1077,459,2369,618,618,27.58002560819462,11.75416133162612,60.66581306017926,15.825864276568502,15.825864276568502,60.0,10.0
original,60.0,3905,1086,426,2393,585,585,27.810499359795134,10.909090909090908,61.280409731113956,14.98079385403329,14.98079385403329,60.0,10.0
original,70.0,3905,1090,431,2384,589,589,27.91293213828425,11.037131882202305,61.04993597951344,15.083226632522408,15.083226632522408,60.0,10.0
original,80.0,3905,1089,424,2392,581,581,27.887323943661972,10.857874519846352,61.25480153649168,14.878361075544174,14.878361075544174,60.0,10.0
original,90.0,3905,1098,420,2387,581,581,28.117797695262485,10.755441741357235,61.12676056338028,14.878361075544174,14.878361075544174,60.0,10.0
original,100.0,3905,1101,420,2384,575,575,28.194622279129323,10.755441741357235,61.04993597951344,14.7247119078105,14.7247119078105,60.0,10.0
original,110.0,3905,1086,423,2396,586,586,27.810499359795134,10.832266325224072,61.35723431498079,15.00640204865557,15.00640204865557,60.0,10.0
original,120.0,3905,1070,414,2421,557,557,27.40076824583867,10.601792573623559,61.997439180537775,14.263764404609475,14.263764404609475,60.0,10.0
original,130.0,3905,1052,406,2447,548,548,26.939820742637643,10.396927016645327,62.66325224071703,14.033290653008963,14.033290653008963,60.0,10.0
original,140.0,3905,1052,426,2427,569,569,26.939820742637643,10.909090909090908,62.15108834827144,14.571062740076824,14.571062740076824,60.0,10.0
original,150.0,3905,1051,421,2433,558,558,26.914212548015364,10.781049935979514,62.30473751600512,14.289372599231754,14.289372599231754,60.0,10.0
original,160.0,3905,1057,404,2444,547,547,27.06786171574904,10.345710627400768,62.58642765685019,14.007682458386684,14.007682458386684,60.0,10.0
original,170.0,3905,1055,420,2430,570,570,27.01664532650448,10.755441741357235,62.22791293213828,14.596670934699103,14.596670934699103,60.0,10.0
original,180.0,3905,1048,412,2445,555,555,26.837387964148526,10.550576184379,62.61203585147247,14.212548015364916,14.212548015364916,60.0,10.0
original,190.0,3905,1037,422,2446,565,565,26.555697823303458,10.806658130601793,62.63764404609475,14.468629961587707,14.468629961587707,60.0,10.0
original,200.0,3905,1053,407,2445,556,556,26.965428937259922,10.422535211267606,62.61203585147247,14.238156209987196,14.238156209987196,60.0,10.0
original,210.0,3905,1045,430,2430,589,589,26.760563380281692,11.011523687580025,62.22791293213828,15.083226632522408,15.083226632522408,60.0,10.0
original,220.0,3905,1045,400,2460,550,550,26.760563380281692,10.243277848911651,62.99615877080666,14.084507042253522,14.084507042253522,60.0,10.0
original,230.0,3905,1028,401,2476,550,550,26.325224071702944,10.26888604353393,63.40588988476313,14.084507042253522,14.084507042253522,60.0,10.0
original,240.0,3905,1033,400,2472,545,545,26.45326504481434,10.243277848911651,63.30345710627401,13.956466069142126,13.956466069142126,60.0,10.0
original,250.0,3905,1046,405,2454,545,545,26.786171574903967,10.371318822023047,62.84250960307298,13.956466069142126,13.956466069142126,60.0,10.0
original,260.0,3905,1071,387,2447,526,526,27.42637644046095,9.910371318822023,62.66325224071703,13.469910371318822,13.469910371318822,60.0,10.0
original,270.0,3905,1069,391,2445,547,547,27.37516005121639,10.01280409731114,62.61203585147247,14.007682458386684,14.007682458386684,60.0,10.0
original,280.0,3905,1048,396,2461,538,538,26.837387964148526,10.140845070422536,63.02176696542894,13.77720870678617,13.77720870678617,60.0,10.0
original,290.0,3905,1043,397,2465,544,544,26.709346991037133,10.166453265044815,63.124199743918055,13.930857874519846,13.930857874519846,60.0,10.0
original,300.0,3905,1028,385,2492,531,531,26.325224071702944,9.859154929577464,63.81562099871959,13.597951344430218,13.597951344430218,60.0,10.0
original,310.0,3905,1054,410,2441,554,554,26.9910371318822,10.499359795134444,62.50960307298335,14.186939820742637,14.186939820742637,60.0,10.0
original,320.0,3905,1032,417,2456,563,563,26.42765685019206,10.678617157490397,62.89372599231754,14.41741357234315,14.41741357234315,60.0,10.0
original,330.0,3905,1016,406,2483,548,548,26.017925736235597,10.396927016645327,63.585147247119075,14.033290653008963,14.033290653008963,60.0,10.0
original,340.0,3905,1011,420,2474,571,571,25.8898847631242,10.755441741357235,63.35467349551857,14.622279129321383,14.622279129321383,60.0,10.0
original,350.0,3905,1015,429,2461,575,575,25.992317541613318,10.985915492957746,63.02176696542894,14.7247119078105,14.7247119078105,60.0,10.0
original,360.0,3905,1020,421,2464,562,562,26.12035851472471,10.781049935979514,63.098591549295776,14.391805377720871,14.391805377720871,60.0,10.0
original,370.0,3905,1022,455,2428,602,602,26.17157490396927,11.651728553137003,62.17669654289372,15.416133162612036,15.416133162612036,60.0,10.0
original,380.0,3905,1009,427,2469,573,573,25.838668373879642,10.934699103713188,63.22663252240717,14.673495518565941,14.673495518565941,60.0,10.0
original,390.0,3905,1007,439,2459,584,584,25.787451984635084,11.241997439180539,62.97055057618438,14.955185659411011,14.955185659411011,60.0,10.0
original,400.0,3905,1004,455,2446,588,588,25.710627400768246,11.651728553137003,62.63764404609475,15.057618437900128,15.057618437900128,60.0,10.0
original,410.0,3905,1012,464,2429,600,600,25.91549295774648,11.882202304737516,62.202304737516,15.364916773367478,15.364916773367478,60.0,10.0
original,420.0,3905,1016,434,2455,564,564,26.017925736235597,11.113956466069142,62.86811779769526,14.44302176696543,14.44302176696543,60.0,10.0
original,430.0,3905,1029,419,2457,545,545,26.350832266325224,10.729833546734955,62.91933418693982,13.956466069142126,13.956466069142126,60.0,10.0
original,440.0,3905,1031,425,2449,558,558,26.402048655569782,10.88348271446863,62.71446862996159,14.289372599231754,14.289372599231754,60.0,10.0
original,450.0,3905,1012,416,2477,546,546,25.91549295774648,10.653008962868117,63.431498079385406,13.982074263764405,13.982074263764405,60.0,10.0
original,460.0,3905,1026,433,2446,559,559,26.274007682458386,11.088348271446863,62.63764404609475,14.314980793854033,14.314980793854033,60.0,10.0
original,470.0,3905,1031,447,2427,588,588,26.402048655569782,11.446862996158771,62.15108834827144,15.057618437900128,15.057618437900128,60.0,10.0
original,480.0,3905,1013,439,2453,574,574,25.94110115236876,11.241997439180539,62.816901408450704,14.69910371318822,14.69910371318822,60.0,10.0
original,490.0,3905,1001,414,2490,548,548,25.633802816901408,10.601792573623559,63.76440460947503,14.033290653008963,14.033290653008963,60.0,10.0
original,500.0,3905,1012,422,2471,556,556,25.91549295774648,10.806658130601793,63.27784891165173,14.238156209987196,14.238156209987196,60.0,10.0
original,510.0,3905,1011,415,2479,549,549,25.8898847631242,10.627400768245838,63.482714468629965,14.058898847631243,14.058898847631243,60.0,10.0
original,520.0,3905,1016,404,2485,540,540,26.017925736235597,10.345710627400768,63.63636363636363,13.82842509603073,13.82842509603073,60.0,10.0
original,530.0,3905,1017,406,2482,557,557,26.043533930857876,10.396927016645327,63.5595390524968,14.263764404609475,14.263764404609475,60.0,10.0
original,540.0,3905,1013,395,2497,546,546,25.94110115236876,10.115236875800257,63.943661971830984,13.982074263764405,13.982074263764405,60.0,10.0
original,550.0,3905,1017,403,2485,562,562,26.043533930857876,10.320102432778489,63.63636363636363,14.391805377720871,14.391805377720871,60.0,10.0
original,560.0,3905,1019,413,2473,570,570,26.09475032010243,10.57618437900128,63.32906530089629,14.596670934699103,14.596670934699103,60.0,10.0
original,570.0,3905,1013,417,2475,572,572,25.94110115236876,10.678617157490397,63.38028169014085,14.647887323943662,14.647887323943662,60.0,10.0
original,580.0,3905,1007,423,2475,572,572,25.787451984635084,10.832266325224072,63.38028169014085,14.647887323943662,14.647887323943662,60.0,10.0
original,590.0,3905,1001,434,2470,586,586,25.633802816901408,11.113956466069142,63.25224071702945,15.00640204865557,15.00640204865557,60.0,10.0
original,0.0,9187,9187,0,0,1592,1592,100.0,0.0,0.0,17.3288342222706,17.3288342222706,65.0,1.0
original,10.0,9187,9187,0,0,1569,1569,100.0,0.0,0.0,17.078480461521714,17.078480461521714,65.0,1.0
original,20.0,9187,9187,0,0,1548,1548,100.0,0.0,0.0,16.849896593011863,16.849896593011863,65.0,1.0
original,30.0,9187,9187,0,0,1574,1574,100.0,0.0,0.0,17.1329051921193,17.1329051921193,65.0,1.0
original,40.0,9187,9187,0,0,1550,1550,100.0,0.0,0.0,16.8716664852509,16.8716664852509,65.0,1.0
original,50.0,9187,9187,0,0,1610,1610,100.0,0.0,0.0,17.524763252421902,17.524763252421902,65.0,1.0
original,0.0,9187,7410,408,1369,1998,1998,80.6574507456188,4.441058016762817,14.901491237618373,21.748122346794382,21.748122346794382,65.0,2.5
original,10.0,9187,7442,385,1360,2043,2043,81.00576902144334,4.190704256013933,14.803526722542724,22.237944922172634,22.237944922172634,65.0,2.5
original,20.0,9187,7428,408,1351,2073,2073,80.85337977577011,4.441058016762817,14.705562207467073,22.564493305758138,22.564493305758138,65.0,2.5
original,30.0,9187,7454,376,1357,2009,2009,81.13638837487754,4.092739740938282,14.770871884184173,21.867856754109066,21.867856754109066,65.0,2.5
original,40.0,9187,7427,379,1381,2026,2026,80.84249482965059,4.125394579296833,15.032110591052573,22.05290083814085,22.05290083814085,65.0,2.5
original,50.0,9187,7425,397,1365,2031,2031,80.82072493741155,4.321323609448133,14.857951453140307,22.107325568738435,22.107325568738435,65.0,2.5
original,60.0,9187,7420,381,1386,1997,1997,80.76630020681398,4.1471644715358655,15.086535321650159,21.737237400674868,21.737237400674868,65.0,2.5
original,70.0,9187,7421,374,1392,1923,1923,80.7771851529335,4.070969848699249,15.151844998367258,20.93175138783063,20.93175138783063,65.0,2.5
original,80.0,9187,7425,395,1367,1981,1981,80.82072493741155,4.2995537172091,14.879721345379341,21.5630782627626,21.5630782627626,65.0,2.5
original,90.0,9187,7367,393,1427,1952,1952,80.1893980624796,4.277783824970067,15.532818112550343,21.247414825296616,21.247414825296616,65.0,2.5
original,100.0,9187,7343,408,1436,1984,1984,79.92815935561119,4.441058016762817,15.630782627625994,21.595733101121148,21.595733101121148,65.0,2.5
original,110.0,9187,7385,383,1419,1952,1952,80.38532709263089,4.168934363774899,15.44573854359421,21.247414825296616,21.247414825296616,65.0,2.5
original,120.0,9187,7387,388,1412,1939,1939,80.40709698486992,4.223359094372483,15.369543920757593,21.105910525742896,21.105910525742896,65.0,2.5
original,130.0,9187,7419,378,1390,1966,1966,80.75541526069446,4.114509633177316,15.130075106128224,21.39980407096985,21.39980407096985,65.0,2.5
original,140.0,9187,7413,388,1386,2003,2003,80.69010558397736,4.223359094372483,15.086535321650159,21.802547077391967,21.802547077391967,65.0,2.5
original,0.0,9187,6780,533,1874,1981,1981,73.79993469032328,5.801676281702406,20.39838902797431,21.5630782627626,21.5630782627626,65.0,3.0
original,10.0,9187,6808,520,1859,1981,1981,74.10471318166975,5.660171982148689,20.235114836181562,21.5630782627626,21.5630782627626,65.0,3.0
original,20.0,9187,6843,542,1802,2022,2022,74.48568629585283,5.899640796778056,19.61467290736911,22.009361053662783,22.009361053662783,65.0,3.0
original,30.0,9187,6842,513,1832,2039,2039,74.47480134973331,5.583977359312072,19.94122129095461,22.19440513769457,22.19440513769457,65.0,3.0
original,40.0,9187,6851,491,1845,2041,2041,74.57276586480897,5.344508544682704,20.08272559050833,22.216175029933602,22.216175029933602,65.0,3.0
original,50.0,9187,6886,499,1802,2109,2109,74.95373897899205,5.4315881136388375,19.61467290736911,22.956351366060737,22.956351366060737,65.0,3.0
original,60.0,9187,6895,508,1784,2104,2104,75.05170349406771,5.529552628714488,19.418743877217807,22.901926635463155,22.901926635463155,65.0,3.0
original,70.0,9187,6912,513,1762,2076,2076,75.23674757809948,5.583977359312072,19.17927506258844,22.597148144116687,22.597148144116687,65.0,3.0
original,80.0,9187,6908,487,1792,2040,2040,75.19320779362143,5.300968760204637,19.50582344617394,22.205290083814084,22.205290083814084,65.0,3.0
original,90.0,9187,6899,508,1780,2035,2035,75.09524327854577,5.529552628714488,19.37520409273974,22.150865353216503,22.150865353216503,65.0,3.0
original,100.0,9187,6883,533,1771,2025,2025,74.92108414063351,5.801676281702406,19.27723957766409,22.042015892021336,22.042015892021336,65.0,3.0
original,110.0,9187,6861,564,1762,2030,2030,74.68161532600413,6.139109611407424,19.17927506258844,22.096440622618918,22.096440622618918,65.0,3.0
original,120.0,9187,6806,559,1822,2018,2018,74.08294328943072,6.08468488080984,19.832371829759442,21.96582126918472,21.96582126918472,65.0,3.0
original,130.0,9187,6822,571,1794,2045,2045,74.25710242734299,6.215304234244041,19.527593338412974,22.25971481441167,22.25971481441167,65.0,3.0
original,140.0,9187,6830,548,1809,2019,2019,74.34418199629911,5.964950473495156,19.690867530205725,21.976706215304233,21.976706215304233,65.0,3.0
original,150.0,9187,6817,525,1845,1954,1954,74.2026776967454,5.714596712746272,20.08272559050833,21.269184717535648,21.269184717535648,65.0,3.0
original,160.0,9187,6785,529,1873,1967,1967,73.85435942092087,5.7581364972243385,20.387504081854797,21.410689017089364,21.410689017089364,65.0,3.0
original,170.0,9187,6765,562,1860,2031,2031,73.63666049853053,6.11733971916839,20.245999782301077,22.107325568738435,22.107325568738435,65.0,3.0
original,0.0,9187,5112,923,3152,2096,2096,55.64384456296941,10.046805268313921,34.30935016871666,22.81484706650702,22.81484706650702,65.0,5.0
original,10.0,9187,5119,925,3143,2121,2121,55.72003918580603,10.068575160552955,34.21138565364102,23.08697071949494,23.08697071949494,65.0,5.0
original,20.0,9187,5105,933,3149,2080,2080,55.567649940132796,10.15565472950909,34.276695330358116,22.640687928594755,22.640687928594755,65.0,5.0
original,30.0,9187,5111,905,3171,2059,2059,55.632959616849895,9.850876238162622,34.516164144987485,22.412104060084904,22.412104060084904,65.0,5.0
original,40.0,9187,5081,934,3172,2068,2068,55.3064112332644,10.166539675628606,34.527049091106996,22.510068575160552,22.510068575160552,65.0,5.0
original,50.0,9187,5057,948,3182,2096,2096,55.045172526395994,10.31892892130184,34.635898552302166,22.81484706650702,22.81484706650702,65.0,5.0
original,60.0,9187,5064,921,3202,2061,2061,55.12136714923261,10.025035376074888,34.8535974746925,22.433873952323935,22.433873952323935,65.0,5.0
original,70.0,9187,5110,921,3156,2045,2045,55.62207467073038,10.025035376074888,34.35288995319473,22.25971481441167,22.25971481441167,65.0,5.0
original,80.0,9187,5114,915,3158,2062,2062,55.66561445520845,9.959725699357788,34.37465984543377,22.444758898443453,22.444758898443453,65.0,5.0
original,90.0,9187,5071,905,3211,2039,2039,55.19756177206923,9.850876238162622,34.95156198976815,22.19440513769457,22.19440513769457,65.0,5.0
original,100.0,9187,5074,912,3201,2057,2057,55.23021661042778,9.927070860999239,34.84271252857298,22.390334167845868,22.390334167845868,65.0,5.0
original,110.0,9187,5127,901,3159,2053,2053,55.807118754762165,9.807336453684554,34.38554479155328,22.3467943833678,22.3467943833678,65.0,5.0
original,120.0,9187,5105,906,3176,2064,2064,55.567649940132796,9.861761184282138,34.57058887558507,22.466528790682485,22.466528790682485,65.0,5.0
original,130.0,9187,5147,923,3117,2092,2092,56.0248176771525,10.046805268313921,33.92837705453358,22.771307282028953,22.771307282028953,65.0,5.0
original,140.0,9187,5162,907,3118,2060,2060,56.18809186894525,9.872646130401655,33.939262000653095,22.422989006204418,22.422989006204418,65.0,5.0
original,150.0,9187,5163,904,3120,2050,2050,56.19897681506477,9.839991292043104,33.96103189289213,22.31413954500925,22.31413954500925,65.0,5.0
original,160.0,9187,5195,898,3094,2045,2045,56.5472950908893,9.774681615326005,33.6780232937847,22.25971481441167,22.25971481441167,65.0,5.0
original,170.0,9187,5177,923,3087,2086,2086,56.351366060738,10.046805268313921,33.60182867094808,22.705997605311854,22.705997605311854,65.0,5.0
original,180.0,9187,5190,904,3093,2031,2031,56.49287036029172,9.839991292043104,33.66713834766518,22.107325568738435,22.107325568738435,65.0,5.0
original,190.0,9187,5176,886,3125,2013,2013,56.340481114618484,9.644062261891804,34.01545662348971,21.911396538587134,21.911396538587134,65.0,5.0
original,200.0,9187,5196,895,3096,2041,2041,56.55818003700882,9.742026776967455,33.699793186023726,22.216175029933602,22.216175029933602,65.0,5.0
original,210.0,9187,5179,914,3094,2087,2087,56.37313595297703,9.948840753238272,33.6780232937847,22.71688255143137,22.71688255143137,65.0,5.0
original,220.0,9187,5154,857,3176,1998,1998,56.101012299989115,9.328398824425818,34.57058887558507,21.748122346794382,21.748122346794382,65.0,5.0
original,230.0,9187,5164,921,3102,2082,2082,56.209861761184285,10.025035376074888,33.76510286274083,22.662457820833787,22.662457820833787,65.0,5.0
original,240.0,9187,5136,917,3134,2041,2041,55.90508326983782,9.981495591596822,34.113421138565364,22.216175029933602,22.216175029933602,65.0,5.0
original,250.0,9187,5136,934,3117,2080,2080,55.90508326983782,10.166539675628606,33.92837705453358,22.640687928594755,22.640687928594755,65.0,5.0
original,260.0,9187,5143,905,3139,2067,2067,55.981277892674434,9.850876238162622,34.167845869162946,22.499183629041035,22.499183629041035,65.0,5.0
original,270.0,9187,5137,897,3153,2043,2043,55.91596821595733,9.763796669206487,34.32023511483618,22.237944922172634,22.237944922172634,65.0,5.0
original,280.0,9187,5146,893,3148,2062,2062,56.01393273103298,9.720256884728421,34.2658103842386,22.444758898443453,22.444758898443453,65.0,5.0
original,290.0,9187,5110,898,3179,2078,2078,55.62207467073038,9.774681615326005,34.60324371394361,22.61891803635572,22.61891803635572,65.0,5.0
original,0.0,9187,3003,1348,4836,1993,1993,32.687493196908676,14.672907369108524,52.6395994339828,21.6936976161968,21.6936976161968,65.0,10.0
original,10.0,9187,3010,1383,4794,2042,2042,32.76368781974529,15.053880483291607,52.1824316969631,22.22705997605312,22.22705997605312,65.0,10.0
original,20.0,9187,3001,1334,4852,1995,1995,32.66572330466964,14.52051812343529,52.81375857189507,21.715467508435832,21.715467508435832,65.0,10.0
original,30.0,9187,3020,1309,4858,1961,1961,32.872537280940456,14.248394470447371,52.87906824861217,21.345379340372265,21.345379340372265,65.0,10.0
original,40.0,9187,3018,1328,4841,1964,1964,32.85076738870143,14.455208446718188,52.694024164580384,21.378034178730815,21.378034178730815,65.0,10.0
original,50.0,9187,3018,1314,4855,1944,1944,32.85076738870143,14.302819201044954,52.84641341025362,21.16033525634048,21.16033525634048,65.0,10.0
original,60.0,9187,3021,1319,4847,1945,1945,32.883422227059974,14.357243931642538,52.75933384129748,21.17122020246,21.17122020246,65.0,10.0
original,70.0,9187,3040,1328,4819,1962,1962,33.0902362033308,14.455208446718188,52.454555349951015,21.356264286491783,21.356264286491783,65.0,10.0
original,80.0,9187,3074,1352,4761,1998,1998,33.460324371394364,14.71644715358659,51.82322847501905,21.748122346794382,21.748122346794382,65.0,10.0
original,90.0,9187,3052,1336,4799,1999,1999,33.220855556764995,14.542288015674323,52.23685642756068,21.7590072929139,21.7590072929139,65.0,10.0
original,100.0,9187,3053,1332,4802,1977,1977,33.23174050288451,14.498748231196256,52.269511265919235,21.51953847828453,21.51953847828453,65.0,10.0
original,110.0,9187,3063,1317,4807,1956,1956,33.340589964079676,14.335474039403504,52.323935996516816,21.290954609774683,21.290954609774683,65.0,10.0
original,120.0,9187,3063,1306,4818,1940,1940,33.340589964079676,14.215739632088821,52.443670403831504,21.116795471862414,21.116795471862414,65.0,10.0
original,130.0,9187,3079,1364,4744,2007,2007,33.514749101991946,14.84706650702079,51.63818439098726,21.846086861870035,21.846086861870035,65.0,10.0
original,140.0,9187,3074,1337,4776,1978,1978,33.460324371394364,14.55317296179384,51.9865026668118,21.53042342440405,21.53042342440405,65.0,10.0
original,150.0,9187,3079,1331,4777,1968,1968,33.514749101991946,14.487863285076738,51.99738761293131,21.421573963208882,21.421573963208882,65.0,10.0
original,160.0,9187,3086,1310,4791,1937,1937,33.59094372482856,14.259279416566889,52.14977685860455,21.084140633503864,21.084140633503864,65.0,10.0
original,170.0,9187,3072,1344,4771,1970,1970,33.43855447915533,14.629367584630456,51.93207793621421,21.443343855447914,21.443343855447914,65.0,10.0
original,180.0,9187,3057,1336,4794,1939,1939,33.27528028736258,14.542288015674323,52.1824316969631,21.105910525742896,21.105910525742896,65.0,10.0
original,190.0,9187,3043,1305,4839,1904,1904,33.12289104168934,14.204854685969304,52.672254272341355,20.724937411559814,20.724937411559814,65.0,10.0
original,200.0,9187,3030,1291,4866,1895,1895,32.981386742135626,14.052465440296071,52.966147817568306,20.626972896484162,20.626972896484162,65.0,10.0
original,210.0,9187,3023,1342,4822,1964,1964,32.90519211929901,14.607597692391423,52.48721018830957,21.378034178730815,21.378034178730815,65.0,10.0
original,220.0,9187,3000,1282,4905,1878,1878,32.65483835855012,13.95450092522042,53.390660716229455,20.441928812452378,20.441928812452378,65.0,10.0
original,230.0,9187,3002,1303,4882,1900,1900,32.67660825078916,14.183084793730272,53.14030695548057,20.681397627081747,20.681397627081747,65.0,10.0
original,240.0,9187,3015,1324,4848,1942,1942,32.818112550342875,14.411668662240121,52.770218787417,21.13856536410145,21.13856536410145,65.0,10.0
original,250.0,9187,3010,1299,4878,1913,1913,32.76368781974529,14.139545009252204,53.096767171002504,20.822901926635463,20.822901926635463,65.0,10.0
original,260.0,9187,3013,1278,4896,1901,1901,32.79634265810384,13.910961140742353,53.2926962011538,20.69228257320126,20.69228257320126,65.0,10.0
original,270.0,9187,3013,1279,4895,1910,1910,32.79634265810384,13.92184608686187,53.281811255034285,20.790247088276914,20.790247088276914,65.0,10.0
original,280.0,9187,3026,1300,4861,1937,1937,32.93784695765756,14.15042995537172,52.91172308697072,21.084140633503864,21.084140633503864,65.0,10.0
original,290.0,9187,3002,1297,4888,1925,1925,32.67660825078916,14.11777511701317,53.20561663219767,20.953521280069662,20.953521280069662,65.0,10.0
original,300.0,9187,3013,1312,4862,1957,1957,32.79634265810384,14.28104930880592,52.922608033090235,21.301839555894198,21.301839555894198,65.0,10.0
original,310.0,9187,3013,1297,4877,1935,1935,32.79634265810384,14.11777511701317,53.08588222488299,21.062370741264832,21.062370741264832,65.0,10.0
original,320.0,9187,2995,1295,4897,1911,1911,32.60041362795254,14.096005224774137,53.30358114727332,20.80113203439643,20.80113203439643,65.0,10.0
original,330.0,9187,2993,1318,4876,1945,1945,32.578643735713506,14.346358985523022,53.07499727876347,21.17122020246,21.17122020246,65.0,10.0
original,340.0,9187,2972,1317,4898,1962,1962,32.350059867203655,14.335474039403504,53.31446609339284,21.356264286491783,21.356264286491783,65.0,10.0
original,350.0,9187,2957,1326,4904,1967,1967,32.18678567541091,14.433438554479155,53.37977577010994,21.410689017089364,21.410689017089364,65.0,10.0
original,360.0,9187,2965,1305,4917,1957,1957,32.27386524436704,14.204854685969304,53.52128006966365,21.301839555894198,21.301839555894198,65.0,10.0
original,370.0,9187,2992,1285,4910,1925,1925,32.567758789593995,13.98715576357897,53.445085446827036,20.953521280069662,20.953521280069662,65.0,10.0
original,380.0,9187,2976,1276,4935,1923,1923,32.393599651681726,13.88919124850332,53.71720909981496,20.93175138783063,20.93175138783063,65.0,10.0
original,390.0,9187,2957,1261,4969,1899,1899,32.18678567541091,13.72591705671057,54.087297267878526,20.67051268096223,20.67051268096223,65.0,10.0
original,400.0,9187,2935,1312,4940,1939,1939,31.947316860781537,14.28104930880592,53.77163383041254,21.105910525742896,21.105910525742896,65.0,10.0
original,410.0,9187,2980,1312,4895,1932,1932,32.43713943615979,14.28104930880592,53.281811255034285,21.02971590290628,21.02971590290628,65.0,10.0
original,420.0,9187,2984,1323,4880,1951,1951,32.48067922063786,14.400783716120605,53.11853706324154,21.236529879177098,21.236529879177098,65.0,10.0
original,430.0,9187,2996,1323,4868,1959,1959,32.61129857407206,14.400783716120605,52.987917709807334,21.323609448133233,21.323609448133233,65.0,10.0
original,440.0,9187,3014,1327,4846,1959,1959,32.80722760422336,14.444323500598673,52.74844889517797,21.323609448133233,21.323609448133233,65.0,10.0
original,450.0,9187,3017,1298,4872,1914,1914,32.83988244258191,14.128660063132687,53.031457494285405,20.83378687275498,20.83378687275498,65.0,10.0
original,460.0,9187,3049,1344,4794,1985,1985,33.18820071840644,14.629367584630456,52.1824316969631,21.606618047240666,21.606618047240666,65.0,10.0
original,470.0,9187,3033,1381,4773,2019,2019,33.01404158049418,15.032110591052573,51.95384782845325,21.976706215304233,21.976706215304233,65.0,10.0
original,480.0,9187,3060,1332,4795,1978,1978,33.30793512572113,14.498748231196256,52.19331664308262,21.53042342440405,21.53042342440405,65.0,10.0
original,490.0,9187,3047,1312,4828,1963,1963,33.166430826167414,14.28104930880592,52.55251986502667,21.367149232611297,21.367149232611297,65.0,10.0
original,500.0,9187,3083,1343,4761,2016,2016,33.55828888647001,14.618482638510939,51.82322847501905,21.944051376945684,21.944051376945684,65.0,10.0
original,510.0,9187,3068,1320,4799,1982,1982,33.395014694677265,14.368128877762055,52.23685642756068,21.573963208882116,21.573963208882116,65.0,10.0
original,520.0,9187,3067,1281,4839,1953,1953,33.38412974855775,13.943615979100903,52.672254272341355,21.25829977141613,21.25829977141613,65.0,10.0
original,530.0,9187,3066,1345,4776,2038,2038,33.37324480243823,14.640252530749972,51.9865026668118,22.183520191575052,22.183520191575052,65.0,10.0
original,540.0,9187,3031,1284,4872,1946,1946,32.992271688255144,13.976270817459454,53.031457494285405,21.182105148579513,21.182105148579513,65.0,10.0
original,550.0,9187,3037,1319,4831,1992,1992,33.05758136497224,14.357243931642538,52.58517470338522,21.682812670077283,21.682812670077283,65.0,10.0
original,560.0,9187,3047,1328,4812,1998,1998,33.166430826167414,14.455208446718188,52.3783607271144,21.748122346794382,21.748122346794382,65.0,10.0
original,570.0,9187,3040,1319,4828,2002,2002,33.0902362033308,14.357243931642538,52.55251986502667,21.79166213127245,21.79166213127245,65.0,10.0
original,580.0,9187,3031,1327,4829,1990,1990,32.992271688255144,14.444323500598673,52.563404811146185,21.66104277783825,21.66104277783825,65.0,10.0
original,590.0,9187,3019,1377,4791,2025,2025,32.861652334820945,14.988570806574508,52.14977685860455,22.042015892021336,22.042015892021336,65.0,10.0
qc60,0.0,1379,1379,0,0,175,175,100.0,0.0,0.0,12.690355329949238,12.690355329949238,55.0,1.0
qc60,10.0,1379,1379,0,0,175,175,100.0,0.0,0.0,12.690355329949238,12.690355329949238,55.0,1.0
qc60,20.0,1379,1379,0,0,180,180,100.0,0.0,0.0,13.052936910804931,13.052936910804931,55.0,1.0
qc60,30.0,1379,1379,0,0,195,195,100.0,0.0,0.0,14.140681653372008,14.140681653372008,55.0,1.0
qc60,40.0,1379,1379,0,0,186,186,100.0,0.0,0.0,13.488034807831761,13.488034807831761,55.0,1.0
qc60,50.0,1379,1379,0,0,182,182,100.0,0.0,0.0,13.197969543147208,13.197969543147208,55.0,1.0
qc60,0.0,1379,963,48,368,176,176,69.83321247280638,3.4807831762146484,26.68600435097897,12.762871646120377,12.762871646120377,55.0,2.5
qc60,10.0,1379,973,47,359,178,178,70.55837563451777,3.40826686004351,26.033357505438723,12.907904278462654,12.907904278462654,55.0,2.5
qc60,20.0,1379,985,56,338,193,193,71.42857142857143,4.060913705583756,24.510514865844815,13.995649021029731,13.995649021029731,55.0,2.5
qc60,30.0,1379,982,57,340,195,195,71.21102248005802,4.1334300217548945,24.655547498187094,14.140681653372008,14.140681653372008,55.0,2.5
qc60,40.0,1379,976,65,338,204,204,70.77592458303118,4.713560551124003,24.510514865844815,14.793328498912254,14.793328498912254,55.0,2.5
qc60,50.0,1379,972,61,346,192,192,70.48585931834663,4.423495286439449,25.090645395213922,13.923132704858594,13.923132704858594,55.0,2.5
qc60,60.0,1379,966,58,355,190,190,70.05076142131979,4.205946337926034,25.74329224075417,13.778100072516317,13.778100072516317,55.0,2.5
qc60,70.0,1379,978,64,337,186,186,70.92095721537346,4.641044234952864,24.437998549673676,13.488034807831761,13.488034807831761,55.0,2.5
qc60,80.0,1379,966,57,356,169,169,70.05076142131979,4.1334300217548945,25.815808556925308,12.255257432922408,12.255257432922408,55.0,2.5
qc60,90.0,1379,973,54,352,170,170,70.55837563451777,3.9158810732414793,25.525743292240755,12.327773749093547,12.327773749093547,55.0,2.5
qc60,100.0,1379,974,57,348,168,168,70.6308919506889,4.1334300217548945,25.2356780275562,12.182741116751268,12.182741116751268,55.0,2.5
qc60,110.0,1379,994,56,329,184,184,72.08121827411168,4.060913705583756,23.85786802030457,13.343002175489485,13.343002175489485,55.0,2.5
qc60,120.0,1379,982,62,335,181,181,71.21102248005802,4.496011602610587,24.2929659173314,13.12545322697607,13.12545322697607,55.0,2.5
qc60,130.0,1379,975,59,345,180,180,70.70340826686004,4.278462654097172,25.018129079042783,13.052936910804931,13.052936910804931,55.0,2.5
qc60,140.0,1379,977,54,348,182,182,70.84844089920232,3.9158810732414793,25.2356780275562,13.197969543147208,13.197969543147208,55.0,2.5
qc60,0.0,1379,866,75,438,182,182,62.79912980420595,5.438723712835388,31.762146482958666,13.197969543147208,13.197969543147208,55.0,3.0
qc60,10.0,1379,851,73,455,183,183,61.71138506163887,5.293691080493111,32.994923857868024,13.270485859318347,13.270485859318347,55.0,3.0
qc60,20.0,1379,869,69,441,193,193,63.016678752719365,5.003625815808557,31.97969543147208,13.995649021029731,13.995649021029731,55.0,3.0
qc60,30.0,1379,857,73,449,190,190,62.1464829586657,5.293691080493111,32.55982596084119,13.778100072516317,13.778100072516317,55.0,3.0
qc60,40.0,1379,843,80,456,187,187,61.13125453226976,5.8013052936910805,33.067440174039156,13.5605511240029,13.5605511240029,55.0,3.0
qc60,50.0,1379,855,74,450,189,189,62.00145032632342,5.366207396664249,32.63234227701233,13.705583756345177,13.705583756345177,55.0,3.0
qc60,60.0,1379,847,79,453,191,191,61.421319796954315,5.728788977519942,32.849891225525745,13.850616388687454,13.850616388687454,55.0,3.0
qc60,70.0,1379,857,84,438,191,191,62.1464829586657,6.091370558375634,31.762146482958666,13.850616388687454,13.850616388687454,55.0,3.0
qc60,80.0,1379,878,79,422,187,187,63.66932559825961,5.728788977519942,30.60188542422045,13.5605511240029,13.5605511240029,55.0,3.0
qc60,90.0,1379,878,70,431,181,181,63.66932559825961,5.0761421319796955,31.254532269760695,13.12545322697607,13.12545322697607,55.0,3.0
qc60,100.0,1379,876,78,425,185,185,63.52429296591733,5.656272661348804,30.819434372733866,13.415518491660624,13.415518491660624,55.0,3.0
qc60,110.0,1379,857,76,446,182,182,62.1464829586657,5.511240029006527,32.34227701232778,13.197969543147208,13.197969543147208,55.0,3.0
qc60,120.0,1379,860,61,458,171,171,62.36403190717912,4.423495286439449,33.212472806381435,12.400290065264684,12.400290065264684,55.0,3.0
qc60,130.0,1379,872,58,449,167,167,63.234227701232776,4.205946337926034,32.55982596084119,12.11022480058013,12.11022480058013,55.0,3.0
qc60,140.0,1379,873,66,440,160,160,63.306744017403915,4.786076867295141,31.90717911530094,11.602610587382161,11.602610587382161,55.0,3.0
qc60,150.0,1379,871,72,436,178,178,63.161711385061636,5.221174764321972,31.617113850616388,12.907904278462654,12.907904278462654,55.0,3.0
qc60,160.0,1379,888,68,423,170,170,64.394488759971,4.931109499637419,30.674401740391588,12.327773749093547,12.327773749093547,55.0,3.0
qc60,170.0,1379,873,71,435,175,175,63.306744017403915,5.148658448150834,31.54459753444525,12.690355329949238,12.690355329949238,55.0,3.0
qc60,0.0,1379,579,90,710,177,177,41.9869470630892,6.5264684554024655,51.48658448150834,12.835387962291515,12.835387962291515,55.0,5.0
qc60,10.0,1379,598,95,686,184,184,43.36475707034083,6.889050036258158,49.746192893401016,13.343002175489485,13.343002175489485,55.0,5.0
qc60,20.0,1379,605,97,677,176,176,43.8723712835388,7.034082668600435,49.09354604786077,12.762871646120377,12.762871646120377,55.0,5.0
qc60,30.0,1379,608,109,662,192,192,44.089920232052215,7.904278462654097,48.005801305293694,13.923132704858594,13.923132704858594,55.0,5.0
qc60,40.0,1379,604,106,669,192,192,43.79985496736766,7.686729514140682,48.51341551849166,13.923132704858594,13.923132704858594,55.0,5.0
qc60,50.0,1379,595,109,675,181,181,43.14720812182741,7.904278462654097,48.94851341551849,13.12545322697607,13.12545322697607,55.0,5.0
qc60,60.0,1379,591,102,686,176,176,42.857142857142854,7.396664249456127,49.746192893401016,12.762871646120377,12.762871646120377,55.0,5.0
qc60,70.0,1379,593,99,687,170,170,43.00217548948513,7.179115300942712,49.818709209572155,12.327773749093547,12.327773749093547,55.0,5.0
qc60,80.0,1379,590,95,694,154,154,42.78462654097172,6.889050036258158,50.32632342277012,11.16751269035533,11.16751269035533,55.0,5.0
qc60,90.0,1379,588,91,700,155,155,42.63959390862944,6.598984771573604,50.76142131979695,11.240029006526468,11.240029006526468,55.0,5.0
qc60,100.0,1379,590,96,693,155,155,42.78462654097172,6.961566352429297,50.253807106598984,11.240029006526468,11.240029006526468,55.0,5.0
qc60,110.0,1379,597,105,677,172,172,43.29224075416969,7.614213197969543,49.09354604786077,12.472806381435824,12.472806381435824,55.0,5.0
qc60,120.0,1379,584,109,686,174,174,42.349528643944886,7.904278462654097,49.746192893401016,12.6178390137781,12.6178390137781,55.0,5.0
qc60,130.0,1379,576,108,695,174,174,41.76939811457578,7.8317621464829585,50.39883973894126,12.6178390137781,12.6178390137781,55.0,5.0
qc60,140.0,1379,586,116,677,185,185,42.494561276287165,8.411892675852068,49.09354604786077,13.415518491660624,13.415518491660624,55.0,5.0
qc60,150.0,1379,573,112,694,179,179,41.55184916606236,8.121827411167512,50.32632342277012,12.980420594633793,12.980420594633793,55.0,5.0
qc60,160.0,1379,565,100,714,154,154,40.971718636693254,7.25163161711385,51.776649746192895,11.16751269035533,11.16751269035533,55.0,5.0
qc60,170.0,1379,567,116,696,180,180,41.11675126903553,8.411892675852068,50.4713560551124,13.052936910804931,13.052936910804931,55.0,5.0
qc60,180.0,1379,564,113,702,181,181,40.899202320522114,8.194343727338651,50.90645395213923,13.12545322697607,13.12545322697607,55.0,5.0
qc60,190.0,1379,570,119,690,191,191,41.33430021754895,8.629441624365482,50.036258158085566,13.850616388687454,13.850616388687454,55.0,5.0
qc60,200.0,1379,580,99,700,171,171,42.059463379260336,7.179115300942712,50.76142131979695,12.400290065264684,12.400290065264684,55.0,5.0
qc60,210.0,1379,569,98,712,167,167,41.26178390137781,7.106598984771574,51.631617113850616,12.11022480058013,12.11022480058013,55.0,5.0
qc60,220.0,1379,578,107,694,169,169,41.91443074691806,7.75924583031182,50.32632342277012,12.255257432922408,12.255257432922408,55.0,5.0
qc60,230.0,1379,566,87,726,142,142,41.04423495286439,6.30891950688905,52.64684554024655,10.297316896301668,10.297316896301668,55.0,5.0
qc60,240.0,1379,567,85,727,138,138,41.11675126903553,6.163886874546773,52.71936185641769,10.007251631617114,10.007251631617114,55.0,5.0
qc60,250.0,1379,569,86,724,148,148,41.26178390137781,6.236403190717912,52.50181290790428,10.732414793328498,10.732414793328498,55.0,5.0
qc60,260.0,1379,587,96,696,161,161,42.567077592458304,6.961566352429297,50.4713560551124,11.6751269035533,11.6751269035533,55.0,5.0
qc60,270.0,1379,589,92,698,167,167,42.71211022480058,6.671501087744742,50.61638868745468,12.11022480058013,12.11022480058013,55.0,5.0
qc60,280.0,1379,591,90,698,174,174,42.857142857142854,6.5264684554024655,50.61638868745468,12.6178390137781,12.6178390137781,55.0,5.0
qc60,290.0,1379,586,85,708,169,169,42.494561276287165,6.163886874546773,51.34155184916606,12.255257432922408,12.255257432922408,55.0,5.0
qc60,0.0,1379,307,112,960,148,148,22.262509064539522,8.121827411167512,69.61566352429297,10.732414793328498,10.732414793328498,55.0,10.0
qc60,10.0,1379,317,110,952,142,142,22.987672226250908,7.976794778825235,69.03553299492386,10.297316896301668,10.297316896301668,55.0,10.0
qc60,20.0,1379,329,113,937,148,148,23.85786802030457,8.194343727338651,67.94778825235679,10.732414793328498,10.732414793328498,55.0,10.0
qc60,30.0,1379,323,112,944,151,151,23.422770123277736,8.121827411167512,68.45540246555476,10.949963741841914,10.949963741841914,55.0,10.0
qc60,40.0,1379,323,125,931,162,162,23.422770123277736,9.064539521392314,67.51269035532995,11.747643219724438,11.747643219724438,55.0,10.0
qc60,50.0,1379,314,111,954,141,141,22.77012327773749,8.049311094996375,69.18056562726613,10.224800580130529,10.224800580130529,55.0,10.0
qc60,60.0,1379,324,114,941,146,146,23.495286439448876,8.266860043509789,68.23785351704133,10.587382160986222,10.587382160986222,55.0,10.0
qc60,70.0,1379,323,117,939,143,143,23.422770123277736,8.484408992023205,68.09282088469905,10.369833212472807,10.369833212472807,55.0,10.0
qc60,80.0,1379,322,107,950,129,129,23.3502538071066,7.75924583031182,68.89050036258158,9.354604786076868,9.354604786076868,55.0,10.0
qc60,90.0,1379,323,100,956,125,125,23.422770123277736,7.25163161711385,69.32559825960841,9.064539521392314,9.064539521392314,55.0,10.0
qc60,100.0,1379,325,100,954,125,125,23.567802755620015,7.25163161711385,69.18056562726613,9.064539521392314,9.064539521392314,55.0,10.0
qc60,110.0,1379,327,109,943,135,135,23.71283538796229,7.904278462654097,68.38288614938361,9.789702683103698,9.789702683103698,55.0,10.0
qc60,120.0,1379,317,102,960,131,131,22.987672226250908,7.396664249456127,69.61566352429297,9.499637418419145,9.499637418419145,55.0,10.0
qc60,130.0,1379,317,105,957,135,135,22.987672226250908,7.614213197969543,69.39811457577954,9.789702683103698,9.789702683103698,55.0,10.0
qc60,140.0,1379,319,113,947,142,142,23.132704858593183,8.194343727338651,68.67295141406817,10.297316896301668,10.297316896301668,55.0,10.0
qc60,150.0,1379,310,109,960,141,141,22.480058013052936,7.904278462654097,69.61566352429297,10.224800580130529,10.224800580130529,55.0,10.0
qc60,160.0,1379,305,91,983,118,118,22.117476432197243,6.598984771573604,71.28353879622915,8.556925308194344,8.556925308194344,55.0,10.0
qc60,170.0,1379,304,102,973,133,133,22.044960116026107,7.396664249456127,70.55837563451777,9.644670050761421,9.644670050761421,55.0,10.0
qc60,180.0,1379,302,112,965,139,139,21.89992748368383,8.121827411167512,69.97824510514866,10.079767947788252,10.079767947788252,55.0,10.0
qc60,190.0,1379,314,131,934,153,153,22.77012327773749,9.499637418419145,67.73023930384336,11.094996374184191,11.094996374184191,55.0,10.0
qc60,200.0,1379,322,117,940,145,145,23.3502538071066,8.484408992023205,68.1653372008702,10.514865844815084,10.514865844815084,55.0,10.0
qc60,210.0,1379,312,122,945,151,151,22.625090645395215,8.846990572878898,68.52791878172589,10.949963741841914,10.949963741841914,55.0,10.0
qc60,220.0,1379,325,125,929,161,161,23.567802755620015,9.064539521392314,67.36765772298767,11.6751269035533,11.6751269035533,55.0,10.0
qc60,230.0,1379,321,103,955,137,137,23.27773749093546,7.4691805656272665,69.25308194343728,9.934735315445975,9.934735315445975,55.0,10.0
qc60,240.0,1379,327,96,956,124,124,23.71283538796229,6.961566352429297,69.32559825960841,8.992023205221175,8.992023205221175,55.0,10.0
qc60,250.0,1379,323,108,948,139,139,23.422770123277736,7.8317621464829585,68.7454677302393,10.079767947788252,10.079767947788252,55.0,10.0
qc60,260.0,1379,336,110,933,143,143,24.365482233502537,7.976794778825235,67.65772298767223,10.369833212472807,10.369833212472807,55.0,10.0
qc60,270.0,1379,327,115,937,146,146,23.71283538796229,8.339376359680928,67.94778825235679,10.587382160986222,10.587382160986222,55.0,10.0
qc60,280.0,1379,323,116,940,152,152,23.422770123277736,8.411892675852068,68.1653372008702,11.022480058013054,11.022480058013054,55.0,10.0
qc60,290.0,1379,319,113,947,149,149,23.132704858593183,8.194343727338651,68.67295141406817,10.804931109499638,10.804931109499638,55.0,10.0
qc60,300.0,1379,313,118,948,156,156,22.697606961566354,8.556925308194344,68.7454677302393,11.312545322697607,11.312545322697607,55.0,10.0
qc60,310.0,1379,321,129,929,166,166,23.27773749093546,9.354604786076868,67.36765772298767,12.037708484408991,12.037708484408991,55.0,10.0
qc60,320.0,1379,315,116,948,150,150,22.84263959390863,8.411892675852068,68.7454677302393,10.877447425670775,10.877447425670775,55.0,10.0
qc60,330.0,1379,331,128,920,163,163,24.002900652646847,9.282088469905728,66.71501087744743,11.820159535895577,11.820159535895577,55.0,10.0
qc60,340.0,1379,328,109,942,150,150,23.78535170413343,7.904278462654097,68.31036983321248,10.877447425670775,10.877447425670775,55.0,10.0
qc60,350.0,1379,327,121,931,157,157,23.71283538796229,8.774474256707759,67.51269035532995,11.385061638868745,11.385061638868745,55.0,10.0
qc60,360.0,1379,310,112,957,141,141,22.480058013052936,8.121827411167512,69.39811457577954,10.224800580130529,10.224800580130529,55.0,10.0
qc60,370.0,1379,312,100,967,130,130,22.625090645395215,7.25163161711385,70.12327773749094,9.427121102248005,9.427121102248005,55.0,10.0
qc60,380.0,1379,312,101,966,128,128,22.625090645395215,7.324147933284989,70.05076142131979,9.282088469905728,9.282088469905728,55.0,10.0
qc60,390.0,1379,312,98,969,125,125,22.625090645395215,7.106598984771574,70.26831036983322,9.064539521392314,9.064539521392314,55.0,10.0
qc60,400.0,1379,307,101,971,129,129,22.262509064539522,7.324147933284989,70.4133430021755,9.354604786076868,9.354604786076868,55.0,10.0
qc60,410.0,1379,316,117,946,146,146,22.91515591007977,8.484408992023205,68.60043509789703,10.587382160986222,10.587382160986222,55.0,10.0
qc60,420.0,1379,313,117,949,146,146,22.697606961566354,8.484408992023205,68.81798404641044,10.587382160986222,10.587382160986222,55.0,10.0
qc60,430.0,1379,311,111,957,136,136,22.552574329224075,8.049311094996375,69.39811457577954,9.862218999274837,9.862218999274837,55.0,10.0
qc60,440.0,1379,318,115,946,139,139,23.060188542422043,8.339376359680928,68.60043509789703,10.079767947788252,10.079767947788252,55.0,10.0
qc60,450.0,1379,312,114,953,135,135,22.625090645395215,8.266860043509789,69.108049311095,9.789702683103698,9.789702683103698,55.0,10.0
qc60,460.0,1379,308,114,957,135,135,22.33502538071066,8.266860043509789,69.39811457577954,9.789702683103698,9.789702683103698,55.0,10.0
qc60,470.0,1379,311,120,948,148,148,22.552574329224075,8.701957940536621,68.7454677302393,10.732414793328498,10.732414793328498,55.0,10.0
qc60,480.0,1379,307,118,954,145,145,22.262509064539522,8.556925308194344,69.18056562726613,10.514865844815084,10.514865844815084,55.0,10.0
qc60,490.0,1379,296,110,973,135,135,21.464829586656997,7.976794778825235,70.55837563451777,9.789702683103698,9.789702683103698,55.0,10.0
qc60,500.0,1379,299,110,970,132,132,21.682378535170415,7.976794778825235,70.34082668600435,9.572153734590282,9.572153734590282,55.0,10.0
qc60,510.0,1379,297,98,984,125,125,21.537345902828136,7.106598984771574,71.35605511240028,9.064539521392314,9.064539521392314,55.0,10.0
qc60,520.0,1379,296,101,982,124,124,21.464829586656997,7.324147933284989,71.21102248005802,8.992023205221175,8.992023205221175,55.0,10.0
qc60,530.0,1379,290,100,989,123,123,21.029731689630168,7.25163161711385,71.71863669325599,8.919506889050036,8.919506889050036,55.0,10.0
qc60,540.0,1379,286,107,986,131,131,20.739666424945614,7.75924583031182,71.50108774474256,9.499637418419145,9.499637418419145,55.0,10.0
qc60,550.0,1379,284,106,989,132,132,20.594633792603336,7.686729514140682,71.71863669325599,9.572153734590282,9.572153734590282,55.0,10.0
qc60,560.0,1379,291,108,980,134,134,21.102248005801304,7.8317621464829585,71.06598984771574,9.71718636693256,9.71718636693256,55.0,10.0
qc60,570.0,1379,303,110,966,137,137,21.972443799854968,7.976794778825235,70.05076142131979,9.934735315445975,9.934735315445975,55.0,10.0
qc60,580.0,1379,309,104,966,136,136,22.407541696881797,7.541696881798405,70.05076142131979,9.862218999274837,9.862218999274837,55.0,10.0
qc60,590.0,1379,307,104,968,138,138,22.262509064539522,7.541696881798405,70.19579405366207,10.007251631617114,10.007251631617114,55.0,10.0
qc60,0.0,3880,3880,0,0,546,546,100.0,0.0,0.0,14.072164948453608,14.072164948453608,60.0,1.0
qc60,10.0,3880,3880,0,0,561,561,100.0,0.0,0.0,14.458762886597938,14.458762886597938,60.0,1.0
qc60,20.0,3880,3880,0,0,542,542,100.0,0.0,0.0,13.969072164948454,13.969072164948454,60.0,1.0
qc60,30.0,3880,3880,0,0,573,573,100.0,0.0,0.0,14.768041237113403,14.768041237113403,60.0,1.0
qc60,40.0,3880,3880,0,0,544,544,100.0,0.0,0.0,14.02061855670103,14.02061855670103,60.0,1.0
qc60,50.0,3880,3880,0,0,555,555,100.0,0.0,0.0,14.304123711340207,14.304123711340207,60.0,1.0
qc60,0.0,3880,2893,178,809,618,618,74.5618556701031,4.587628865979381,20.850515463917525,15.927835051546392,15.927835051546392,60.0,2.5
qc60,10.0,3880,2937,165,778,639,639,75.69587628865979,4.252577319587629,20.051546391752577,16.469072164948454,16.469072164948454,60.0,2.5
qc60,20.0,3880,2948,169,763,666,666,75.97938144329896,4.355670103092783,19.664948453608247,17.164948453608247,17.164948453608247,60.0,2.5
qc60,30.0,3880,2913,149,818,651,651,75.07731958762886,3.8402061855670104,21.082474226804123,16.778350515463917,16.778350515463917,60.0,2.5
qc60,40.0,3880,2907,151,822,665,665,74.92268041237114,3.8917525773195876,21.185567010309278,17.13917525773196,17.13917525773196,60.0,2.5
qc60,50.0,3880,2930,153,797,659,659,75.51546391752578,3.943298969072165,20.54123711340206,16.984536082474225,16.984536082474225,60.0,2.5
qc60,60.0,3880,2937,145,798,640,640,75.69587628865979,3.7371134020618557,20.567010309278352,16.49484536082474,16.49484536082474,60.0,2.5
qc60,70.0,3880,2952,162,766,646,646,76.08247422680412,4.175257731958763,19.742268041237114,16.649484536082475,16.649484536082475,60.0,2.5
qc60,80.0,3880,2929,149,802,627,627,75.48969072164948,3.8402061855670104,20.670103092783506,16.15979381443299,16.15979381443299,60.0,2.5
qc60,90.0,3880,2943,153,784,627,627,75.85051546391753,3.943298969072165,20.20618556701031,16.15979381443299,16.15979381443299,60.0,2.5
qc60,100.0,3880,2951,164,765,662,662,76.05670103092784,4.22680412371134,19.716494845360824,17.061855670103093,17.061855670103093,60.0,2.5
qc60,110.0,3880,2961,151,768,637,637,76.31443298969072,3.8917525773195876,19.79381443298969,16.417525773195877,16.417525773195877,60.0,2.5
qc60,120.0,3880,2943,160,777,631,631,75.85051546391753,4.123711340206185,20.02577319587629,16.262886597938145,16.262886597938145,60.0,2.5
qc60,130.0,3880,2905,149,826,615,615,74.87113402061856,3.8402061855670104,21.288659793814432,15.850515463917526,15.850515463917526,60.0,2.5
qc60,140.0,3880,2906,152,822,618,618,74.89690721649484,3.917525773195876,21.185567010309278,15.927835051546392,15.927835051546392,60.0,2.5
qc60,0.0,3880,2627,206,1047,629,629,67.70618556701031,5.309278350515464,26.984536082474225,16.211340206185568,16.211340206185568,60.0,3.0
qc60,10.0,3880,2643,203,1034,650,650,68.11855670103093,5.231958762886598,26.649484536082475,16.75257731958763,16.75257731958763,60.0,3.0
qc60,20.0,3880,2672,186,1022,648,648,68.8659793814433,4.793814432989691,26.34020618556701,16.701030927835053,16.701030927835053,60.0,3.0
qc60,30.0,3880,2645,190,1045,640,640,68.1701030927835,4.896907216494846,26.932989690721648,16.49484536082474,16.49484536082474,60.0,3.0
qc60,40.0,3880,2667,190,1023,638,638,68.73711340206185,4.896907216494846,26.3659793814433,16.443298969072163,16.443298969072163,60.0,3.0
qc60,50.0,3880,2659,197,1024,659,659,68.53092783505154,5.077319587628866,26.391752577319586,16.984536082474225,16.984536082474225,60.0,3.0
qc60,60.0,3880,2648,209,1023,666,666,68.24742268041237,5.38659793814433,26.3659793814433,17.164948453608247,17.164948453608247,60.0,3.0
qc60,70.0,3880,2666,236,978,684,684,68.71134020618557,6.082474226804123,25.20618556701031,17.628865979381445,17.628865979381445,60.0,3.0
qc60,80.0,3880,2663,221,996,667,667,68.6340206185567,5.695876288659794,25.670103092783506,17.190721649484537,17.190721649484537,60.0,3.0
qc60,90.0,3880,2653,223,1004,651,651,68.37628865979381,5.747422680412371,25.876288659793815,16.778350515463917,16.778350515463917,60.0,3.0
qc60,100.0,3880,2645,204,1031,635,635,68.1701030927835,5.257731958762887,26.572164948453608,16.3659793814433,16.3659793814433,60.0,3.0
qc60,110.0,3880,2624,216,1040,626,626,67.62886597938144,5.56701030927835,26.804123711340207,16.1340206185567,16.1340206185567,60.0,3.0
qc60,120.0,3880,2619,212,1049,605,605,67.5,5.463917525773196,27.036082474226806,15.592783505154639,15.592783505154639,60.0,3.0
qc60,130.0,3880,2614,209,1057,627,627,67.37113402061856,5.38659793814433,27.242268041237114,16.15979381443299,16.15979381443299,60.0,3.0
qc60,140.0,3880,2637,211,1032,617,617,67.9639175257732,5.438144329896907,26.5979381443299,15.902061855670103,15.902061855670103,60.0,3.0
qc60,150.0,3880,2655,216,1009,639,639,68.4278350515464,5.56701030927835,26.00515463917526,16.469072164948454,16.469072164948454,60.0,3.0
qc60,160.0,3880,2641,210,1029,634,634,68.06701030927834,5.412371134020619,26.52061855670103,16.34020618556701,16.34020618556701,60.0,3.0
qc60,170.0,3880,2643,216,1021,659,659,68.11855670103093,5.56701030927835,26.314432989690722,16.984536082474225,16.984536082474225,60.0,3.0
qc60,0.0,3880,1830,326,1724,621,621,47.16494845360825,8.402061855670103,44.43298969072165,16.00515463917526,16.00515463917526,60.0,5.0
qc60,10.0,3880,1869,332,1679,635,635,48.170103092783506,8.556701030927835,43.27319587628866,16.3659793814433,16.3659793814433,60.0,5.0
qc60,20.0,3880,1867,324,1689,647,647,48.118556701030926,8.350515463917526,43.53092783505155,16.675257731958762,16.675257731958762,60.0,5.0
qc60,30.0,3880,1861,318,1701,639,639,47.9639175257732,8.195876288659793,43.84020618556701,16.469072164948454,16.469072164948454,60.0,5.0
qc60,40.0,3880,1866,337,1677,663,663,48.09278350515464,8.685567010309278,43.22164948453608,17.087628865979383,17.087628865979383,60.0,5.0
qc60,50.0,3880,1869,342,1669,667,667,48.170103092783506,8.814432989690722,43.01546391752577,17.190721649484537,17.190721649484537,60.0,5.0
qc60,60.0,3880,1887,320,1673,634,634,48.634020618556704,8.24742268041237,43.118556701030926,16.34020618556701,16.34020618556701,60.0,5.0
qc60,70.0,3880,1893,348,1639,658,658,48.78865979381443,8.969072164948454,42.24226804123711,16.95876288659794,16.95876288659794,60.0,5.0
qc60,80.0,3880,1880,323,1677,632,632,48.45360824742268,8.324742268041238,43.22164948453608,16.288659793814432,16.288659793814432,60.0,5.0
qc60,90.0,3880,1896,328,1656,645,645,48.865979381443296,8.45360824742268,42.68041237113402,16.623711340206185,16.623711340206185,60.0,5.0
qc60,100.0,3880,1895,337,1648,657,657,48.84020618556701,8.685567010309278,42.47422680412371,16.932989690721648,16.932989690721648,60.0,5.0
qc60,110.0,3880,1889,346,1645,669,669,48.68556701030928,8.917525773195877,42.396907216494846,17.242268041237114,17.242268041237114,60.0,5.0
qc60,120.0,3880,1869,321,1690,621,621,48.170103092783506,8.27319587628866,43.55670103092783,16.00515463917526,16.00515463917526,60.0,5.0
qc60,130.0,3880,1866,322,1692,620,620,48.09278350515464,8.29896907216495,43.608247422680414,15.97938144329897,15.97938144329897,60.0,5.0
qc60,140.0,3880,1865,330,1685,635,635,48.06701030927835,8.505154639175258,43.42783505154639,16.3659793814433,16.3659793814433,60.0,5.0
qc60,150.0,3880,1853,334,1693,626,626,47.75773195876289,8.608247422680412,43.634020618556704,16.1340206185567,16.1340206185567,60.0,5.0
qc60,160.0,3880,1871,314,1695,616,616,48.22164948453608,8.092783505154639,43.68556701030928,15.876288659793815,15.876288659793815,60.0,5.0
qc60,170.0,3880,1873,340,1667,642,642,48.27319587628866,8.762886597938145,42.9639175257732,16.54639175257732,16.54639175257732,60.0,5.0
qc60,180.0,3880,1846,335,1699,634,634,47.577319587628864,8.6340206185567,43.78865979381443,16.34020618556701,16.34020618556701,60.0,5.0
qc60,190.0,3880,1819,333,1728,622,622,46.881443298969074,8.582474226804123,44.5360824742268,16.030927835051546,16.030927835051546,60.0,5.0
qc60,200.0,3880,1853,320,1707,607,607,47.75773195876289,8.24742268041237,43.99484536082474,15.644329896907216,15.644329896907216,60.0,5.0
qc60,210.0,3880,1843,339,1698,633,633,47.5,8.737113402061855,43.76288659793814,16.314432989690722,16.314432989690722,60.0,5.0
qc60,220.0,3880,1846,314,1720,593,593,47.577319587628864,8.092783505154639,44.329896907216494,15.283505154639176,15.283505154639176,60.0,5.0
qc60,230.0,3880,1828,310,1742,594,594,47.11340206185567,7.989690721649485,44.896907216494846,15.309278350515465,15.309278350515465,60.0,5.0
qc60,240.0,3880,1830,315,1735,596,596,47.16494845360825,8.118556701030927,44.71649484536083,15.360824742268042,15.360824742268042,60.0,5.0
qc60,250.0,3880,1842,323,1715,613,613,47.47422680412371,8.324742268041238,44.20103092783505,15.79896907216495,15.79896907216495,60.0,5.0
qc60,260.0,3880,1870,316,1694,604,604,48.1958762886598,8.144329896907216,43.65979381443299,15.56701030927835,15.56701030927835,60.0,5.0
qc60,270.0,3880,1864,333,1683,615,615,48.04123711340206,8.582474226804123,43.376288659793815,15.850515463917526,15.850515463917526,60.0,5.0
qc60,280.0,3880,1840,314,1726,598,598,47.422680412371136,8.092783505154639,44.48453608247423,15.412371134020619,15.412371134020619,60.0,5.0
qc60,290.0,3880,1825,310,1745,603,603,47.0360824742268,7.989690721649485,44.97422680412371,15.541237113402062,15.541237113402062,60.0,5.0
qc60,0.0,3880,1009,437,2434,599,599,26.00515463917526,11.262886597938145,62.7319587628866,15.438144329896907,15.438144329896907,60.0,10.0
qc60,10.0,3880,1024,455,2401,616,616,26.391752577319586,11.72680412371134,61.881443298969074,15.876288659793815,15.876288659793815,60.0,10.0
qc60,20.0,3880,1044,433,2403,591,591,26.90721649484536,11.15979381443299,61.93298969072165,15.231958762886597,15.231958762886597,60.0,10.0
qc60,30.0,3880,1051,441,2388,607,607,27.087628865979383,11.3659793814433,61.54639175257732,15.644329896907216,15.644329896907216,60.0,10.0
qc60,40.0,3880,1058,453,2369,607,607,27.2680412371134,11.675257731958762,61.05670103092783,15.644329896907216,15.644329896907216,60.0,10.0
qc60,50.0,3880,1064,453,2363,611,611,27.422680412371133,11.675257731958762,60.902061855670105,15.74742268041237,15.74742268041237,60.0,10.0
qc60,60.0,3880,1073,420,2387,579,579,27.65463917525773,10.824742268041238,61.52061855670103,14.922680412371134,14.922680412371134,60.0,10.0
qc60,70.0,3880,1077,427,2376,584,584,27.757731958762886,11.005154639175258,61.23711340206186,15.051546391752577,15.051546391752577,60.0,10.0
qc60,80.0,3880,1076,418,2386,574,574,27.7319587628866,10.77319587628866,61.49484536082474,14.793814432989691,14.793814432989691,60.0,10.0
qc60,90.0,3880,1086,414,2380,574,574,27.989690721649485,10.670103092783505,61.34020618556701,14.793814432989691,14.793814432989691,60.0,10.0
qc60,100.0,3880,1089,414,2377,568,568,28.067010309278352,10.670103092783505,61.26288659793814,14.639175257731958,14.639175257731958,60.0,10.0
qc60,110.0,3880,1074,420,2386,581,581,27.68041237113402,10.824742268041238,61.49484536082474,14.974226804123711,14.974226804123711,60.0,10.0
qc60,120.0,3880,1059,410,2411,551,551,27.29381443298969,10.56701030927835,62.13917525773196,14.20103092783505,14.20103092783505,60.0,10.0
qc60,130.0,3880,1038,402,2440,540,540,26.75257731958763,10.360824742268042,62.88659793814433,13.917525773195877,13.917525773195877,60.0,10.0
qc60,140.0,3880,1037,421,2422,558,558,26.72680412371134,10.850515463917526,62.422680412371136,14.381443298969073,14.381443298969073,60.0,10.0
qc60,150.0,3880,1036,415,2429,547,547,26.701030927835053,10.695876288659793,62.603092783505154,14.097938144329897,14.097938144329897,60.0,10.0
qc60,160.0,3880,1042,398,2440,536,536,26.855670103092784,10.257731958762887,62.88659793814433,13.814432989690722,13.814432989690722,60.0,10.0
qc60,170.0,3880,1040,415,2425,560,560,26.804123711340207,10.695876288659793,62.5,14.43298969072165,14.43298969072165,60.0,10.0
qc60,180.0,3880,1032,407,2441,545,545,26.5979381443299,10.489690721649485,62.91237113402062,14.04639175257732,14.04639175257732,60.0,10.0
qc60,190.0,3880,1021,418,2441,556,556,26.314432989690722,10.77319587628866,62.91237113402062,14.329896907216495,14.329896907216495,60.0,10.0
qc60,200.0,3880,1042,404,2434,548,548,26.855670103092784,10.412371134020619,62.7319587628866,14.123711340206185,14.123711340206185,60.0,10.0
qc60,210.0,3880,1034,427,2419,581,581,26.649484536082475,11.005154639175258,62.345360824742265,14.974226804123711,14.974226804123711,60.0,10.0
qc60,220.0,3880,1034,396,2450,541,541,26.649484536082475,10.206185567010309,63.144329896907216,13.943298969072165,13.943298969072165,60.0,10.0
qc60,230.0,3880,1017,397,2466,543,543,26.211340206185568,10.231958762886597,63.55670103092783,13.994845360824742,13.994845360824742,60.0,10.0
qc60,240.0,3880,1022,396,2462,537,537,26.34020618556701,10.206185567010309,63.45360824742268,13.84020618556701,13.84020618556701,60.0,10.0
qc60,250.0,3880,1034,400,2446,536,536,26.649484536082475,10.309278350515465,63.04123711340206,13.814432989690722,13.814432989690722,60.0,10.0
qc60,260.0,3880,1059,382,2439,517,517,27.29381443298969,9.845360824742269,62.86082474226804,13.324742268041238,13.324742268041238,60.0,10.0
qc60,270.0,3880,1057,386,2437,537,537,27.242268041237114,9.948453608247423,62.80927835051546,13.84020618556701,13.84020618556701,60.0,10.0
qc60,280.0,3880,1038,390,2452,529,529,26.75257731958763,10.051546391752577,63.1958762886598,13.6340206185567,13.6340206185567,60.0,10.0
qc60,290.0,3880,1032,391,2457,536,536,26.5979381443299,10.077319587628866,63.324742268041234,13.814432989690722,13.814432989690722,60.0,10.0
qc60,300.0,3880,1017,377,2486,521,521,26.211340206185568,9.716494845360824,64.0721649484536,13.427835051546392,13.427835051546392,60.0,10.0
qc60,310.0,3880,1043,404,2433,546,546,26.88144329896907,10.412371134020619,62.70618556701031,14.072164948453608,14.072164948453608,60.0,10.0
qc60,320.0,3880,1024,412,2444,558,558,26.391752577319586,10.618556701030927,62.98969072164948,14.381443298969073,14.381443298969073,60.0,10.0
qc60,330.0,3880,1008,401,2471,543,543,25.97938144329897,10.335051546391753,63.68556701030928,13.994845360824742,13.994845360824742,60.0,10.0
qc60,340.0,3880,1004,416,2460,567,567,25.876288659793815,10.721649484536082,63.402061855670105,14.61340206185567,14.61340206185567,60.0,10.0
qc60,350.0,3880,1005,424,2451,568,568,25.9020618556701,10.927835051546392,63.170103092783506,14.639175257731958,14.639175257731958,60.0,10.0
qc60,360.0,3880,1010,414,2456,552,552,26.030927835051546,10.670103092783505,63.29896907216495,14.22680412371134,14.22680412371134,60.0,10.0
qc60,370.0,3880,1013,449,2418,594,594,26.108247422680414,11.572164948453608,62.31958762886598,15.309278350515465,15.309278350515465,60.0,10.0
qc60,380.0,3880,1000,421,2459,565,565,25.77319587628866,10.850515463917526,63.376288659793815,14.561855670103093,14.561855670103093,60.0,10.0
qc60,390.0,3880,998,433,2449,576,576,25.721649484536083,11.15979381443299,63.118556701030926,14.845360824742269,14.845360824742269,60.0,10.0
qc60,400.0,3880,995,450,2435,581,581,25.644329896907216,11.597938144329897,62.75773195876289,14.974226804123711,14.974226804123711,60.0,10.0
qc60,410.0,3880,1003,458,2419,592,592,25.850515463917525,11.804123711340207,62.345360824742265,15.257731958762887,15.257731958762887,60.0,10.0
qc60,420.0,3880,1007,428,2445,556,556,25.95360824742268,11.030927835051546,63.01546391752577,14.329896907216495,14.329896907216495,60.0,10.0
qc60,430.0,3880,1020,415,2445,539,539,26.288659793814432,10.695876288659793,63.01546391752577,13.891752577319588,13.891752577319588,60.0,10.0
qc60,440.0,3880,1023,423,2434,554,554,26.3659793814433,10.902061855670103,62.7319587628866,14.278350515463918,14.278350515463918,60.0,10.0
qc60,450.0,3880,1005,414,2461,542,542,25.9020618556701,10.670103092783505,63.42783505154639,13.969072164948454,13.969072164948454,60.0,10.0
qc60,460.0,3880,1019,431,2430,555,555,26.262886597938145,11.108247422680412,62.628865979381445,14.304123711340207,14.304123711340207,60.0,10.0
qc60,470.0,3880,1025,444,2411,585,585,26.417525773195877,11.443298969072165,62.13917525773196,15.077319587628866,15.077319587628866,60.0,10.0
qc60,480.0,3880,1007,437,2436,572,572,25.95360824742268,11.262886597938145,62.78350515463917,14.742268041237113,14.742268041237113,60.0,10.0
qc60,490.0,3880,995,411,2474,545,545,25.644329896907216,10.592783505154639,63.76288659793814,14.04639175257732,14.04639175257732,60.0,10.0
qc60,500.0,3880,1005,418,2457,552,552,25.9020618556701,10.77319587628866,63.324742268041234,14.22680412371134,14.22680412371134,60.0,10.0
qc60,510.0,3880,1003,411,2466,545,545,25.850515463917525,10.592783505154639,63.55670103092783,14.04639175257732,14.04639175257732,60.0,10.0
qc60,520.0,3880,1006,399,2475,535,535,25.927835051546392,10.283505154639176,63.78865979381443,13.788659793814434,13.788659793814434,60.0,10.0
qc60,530.0,3880,1007,402,2471,553,553,25.95360824742268,10.360824742268042,63.68556701030928,14.25257731958763,14.25257731958763,60.0,10.0
qc60,540.0,3880,1003,390,2487,541,541,25.850515463917525,10.051546391752577,64.0979381443299,13.943298969072165,13.943298969072165,60.0,10.0
qc60,550.0,3880,1007,399,2474,558,558,25.95360824742268,10.283505154639176,63.76288659793814,14.381443298969073,14.381443298969073,60.0,10.0
qc60,560.0,3880,1008,409,2463,566,566,25.97938144329897,10.541237113402062,63.47938144329897,14.587628865979381,14.587628865979381,60.0,10.0
qc60,570.0,3880,1004,413,2463,568,568,25.876288659793815,10.644329896907216,63.47938144329897,14.639175257731958,14.639175257731958,60.0,10.0
qc60,580.0,3880,999,418,2463,567,567,25.74742268041237,10.77319587628866,63.47938144329897,14.61340206185567,14.61340206185567,60.0,10.0
qc60,590.0,3880,993,429,2458,581,581,25.59278350515464,11.056701030927835,63.350515463917525,14.974226804123711,14.974226804123711,60.0,10.0
qc60,0.0,9158,9158,0,0,1580,1580,100.0,0.0,0.0,17.252675256606246,17.252675256606246,65.0,1.0
qc60,10.0,9158,9158,0,0,1560,1560,100.0,0.0,0.0,17.034286962218825,17.034286962218825,65.0,1.0
qc60,20.0,9158,9158,0,0,1538,1538,100.0,0.0,0.0,16.794059838392663,16.794059838392663,65.0,1.0
qc60,30.0,9158,9158,0,0,1565,1565,100.0,0.0,0.0,17.08888403581568,17.08888403581568,65.0,1.0
qc60,40.0,9158,9158,0,0,1538,1538,100.0,0.0,0.0,16.794059838392663,16.794059838392663,65.0,1.0
qc60,50.0,9158,9158,0,0,1601,1601,100.0,0.0,0.0,17.481982965713037,17.481982965713037,65.0,1.0
qc60,0.0,9158,7385,406,1367,1983,1983,80.63987770255514,4.433282376064643,14.926839921380214,21.653199388512775,21.653199388512775,65.0,2.5
qc60,10.0,9158,7417,385,1356,2030,2030,80.98929897357502,4.203974666957851,14.806726359467133,22.166411880323214,22.166411880323214,65.0,2.5
qc60,20.0,9158,7404,408,1346,2062,2062,80.8473465822232,4.455121205503385,14.697532212273423,22.515833151343088,22.515833151343088,65.0,2.5
qc60,30.0,9158,7429,375,1354,1998,1998,81.12033195020747,4.09478051976414,14.78488753002839,21.816990609303343,21.816990609303343,65.0,2.5
qc60,40.0,9158,7407,376,1375,2017,2017,80.88010482638131,4.1056999344835114,15.014195239135182,22.02445948897139,22.02445948897139,65.0,2.5
qc60,50.0,9158,7405,392,1361,2020,2020,80.85826599694256,4.280410569993449,14.861323433063987,22.057217733129505,22.057217733129505,65.0,2.5
qc60,60.0,9158,7400,375,1383,1985,1985,80.80366892334571,4.09478051976414,15.101550556890151,21.675038217951517,21.675038217951517,65.0,2.5
qc60,70.0,9158,7400,369,1389,1910,1910,80.80366892334571,4.029264031447914,15.167067045206377,20.85608211399869,20.85608211399869,65.0,2.5
qc60,80.0,9158,7403,389,1366,1968,1968,80.83642716750383,4.247652325835335,14.915920506660843,21.48940816772221,21.48940816772221,65.0,2.5
qc60,90.0,9158,7344,389,1425,1940,1940,80.19218169906092,4.247652325835335,15.560165975103734,21.18366455557982,21.18366455557982,65.0,2.5
qc60,100.0,9158,7316,404,1438,1975,1975,79.88643808691855,4.411443546625901,15.702118366455558,21.56584407075781,21.56584407075781,65.0,2.5
qc60,110.0,9158,7357,382,1419,1944,1944,80.33413409041276,4.171216422799738,15.494649486787509,21.227342214457305,21.227342214457305,65.0,2.5
qc60,120.0,9158,7361,387,1410,1931,1931,80.37781174929023,4.225813496396593,15.396374754313168,21.08538982310548,21.08538982310548,65.0,2.5
qc60,130.0,9158,7392,378,1388,1957,1957,80.71631360559074,4.127538763922254,15.156147630487006,21.369294605809127,21.369294605809127,65.0,2.5
qc60,140.0,9158,7384,389,1385,1993,1993,80.62895828783577,4.247652325835335,15.123389386328892,21.762393535706487,21.762393535706487,65.0,2.5
qc60,0.0,9158,6752,531,1875,1966,1966,73.72788818519328,5.798209215986023,20.473902598820704,21.467569338283468,21.467569338283468,65.0,3.0
qc60,10.0,9158,6783,516,1859,1969,1969,74.06639004149378,5.634417995195458,20.299191963310765,21.50032758244158,21.50032758244158,65.0,3.0
qc60,20.0,9158,6818,541,1799,2011,2011,74.44856955667176,5.907403363179734,19.644027080148504,21.958943000655164,21.958943000655164,65.0,3.0
qc60,30.0,9158,6819,510,1829,2029,2029,74.45948897139114,5.568901506879231,19.971609521729636,22.155492465603842,22.155492465603842,65.0,3.0
qc60,40.0,9158,6830,489,1839,2034,2034,74.57960253330421,5.339593797772439,20.080803668923345,22.2100895392007,22.2100895392007,65.0,3.0
qc60,50.0,9158,6865,495,1798,2100,2100,74.9617820484822,5.405110286088665,19.633107665429133,22.930770910679186,22.930770910679186,65.0,3.0
qc60,60.0,9158,6875,504,1779,2094,2094,75.07097619567591,5.503385018563005,19.425638785761084,22.865254422362963,22.865254422362963,65.0,3.0
qc60,70.0,9158,6890,512,1756,2066,2066,75.23476741646648,5.590740336317974,19.17449224721555,22.559510810220573,22.559510810220573,65.0,3.0
qc60,80.0,9158,6887,486,1785,2032,2032,75.20200917230837,5.306835553614326,19.49115527407731,22.188250709761956,22.188250709761956,65.0,3.0
qc60,90.0,9158,6878,505,1775,2026,2026,75.10373443983403,5.514304433282376,19.3819611268836,22.12273422144573,22.12273422144573,65.0,3.0
qc60,100.0,9158,6861,528,1769,2014,2014,74.91810438960472,5.76545097182791,19.316444638567372,21.991701244813278,21.991701244813278,65.0,3.0
qc60,110.0,9158,6838,561,1759,2021,2021,74.66695785105918,6.125791657567154,19.207250491373664,22.068137147848876,22.068137147848876,65.0,3.0
qc60,120.0,9158,6783,556,1819,2006,2006,74.06639004149378,6.071194583970299,19.862415374535924,21.90434592705831,21.90434592705831,65.0,3.0
qc60,130.0,9158,6799,569,1790,2037,2037,74.24110067700371,6.213146975322123,19.545752347674163,22.242847783358812,22.242847783358812,65.0,3.0
qc60,140.0,9158,6807,545,1806,2006,2006,74.32845599475868,5.951081022057218,19.720462983184103,21.90434592705831,21.90434592705831,65.0,3.0
qc60,150.0,9158,6796,521,1841,1943,1943,74.2083424328456,5.689015068792313,20.102642498362087,21.216422799737934,21.216422799737934,65.0,3.0
qc60,160.0,9158,6761,524,1873,1955,1955,73.82616291766762,5.721773312950426,20.45206376938196,21.347455776370385,21.347455776370385,65.0,3.0
qc60,170.0,9158,6738,557,1863,2017,2017,73.57501637912208,6.08211399868967,20.34286962218825,22.02445948897139,22.02445948897139,65.0,3.0
qc60,0.0,9158,5091,916,3151,2082,2082,55.59074033631797,10.002183882943875,34.407075780738154,22.73422144573051,22.73422144573051,65.0,5.0
qc60,10.0,9158,5098,919,3141,2108,2108,55.66717623935357,10.034942127101987,34.29788163354444,23.018126228434156,23.018126228434156,65.0,5.0
qc60,20.0,9158,5086,929,3143,2072,2072,55.53614326272112,10.144136274295697,34.319720462983184,22.6250272985368,22.6250272985368,65.0,5.0
qc60,30.0,9158,5092,900,3166,2050,2050,55.601659751037346,9.827473247433938,34.57086700152872,22.384800174710634,22.384800174710634,65.0,5.0
qc60,40.0,9158,5064,930,3164,2061,2061,55.29591613889495,10.155055689015068,34.549028172089976,22.504913736623717,22.504913736623717,65.0,5.0
qc60,50.0,9158,5038,942,3178,2086,2086,55.01201135619131,10.28608866564752,34.70189997816117,22.777899104607993,22.777899104607993,65.0,5.0
qc60,60.0,9158,5045,913,3200,2048,2048,55.0884472592269,9.969425638785761,34.94212710198733,22.362961345271895,22.362961345271895,65.0,5.0
qc60,70.0,9158,5093,913,3152,2032,2032,55.61257916575671,9.969425638785761,34.41799519545752,22.188250709761956,22.188250709761956,65.0,5.0
qc60,80.0,9158,5097,907,3154,2048,2048,55.6562568246342,9.903909150469534,34.439834024896264,22.362961345271895,22.362961345271895,65.0,5.0
qc60,90.0,9158,5054,898,3206,2027,2027,55.18672199170125,9.805634417995195,35.00764359030356,22.1336536361651,22.1336536361651,65.0,5.0
qc60,100.0,9158,5056,905,3197,2044,2044,55.20856082113999,9.882070321030794,34.90936885782922,22.31928368639441,22.31928368639441,65.0,5.0
qc60,110.0,9158,5109,896,3153,2042,2042,55.78728980126665,9.783795588556453,34.428914610176896,22.297444856955668,22.297444856955668,65.0,5.0
qc60,120.0,9158,5087,901,3170,2051,2051,55.547062677440486,9.838392662153309,34.6145446604062,22.395719589430005,22.395719589430005,65.0,5.0
qc60,130.0,9158,5127,920,3111,2080,2080,55.983839266215334,10.045861541821358,33.97029919196331,22.712382616291766,22.712382616291766,65.0,5.0
qc60,140.0,9158,5142,906,3110,2048,2048,56.1476304870059,9.892989735750163,33.95937977724394,22.362961345271895,22.362961345271895,65.0,5.0
qc60,150.0,9158,5144,902,3112,2038,2038,56.16946931644464,9.84931207687268,33.98121860668268,22.253767198078183,22.253767198078183,65.0,5.0
qc60,160.0,9158,5176,896,3086,2036,2036,56.51889058746451,9.783795588556453,33.69731382397904,22.23192836863944,22.23192836863944,65.0,5.0
qc60,170.0,9158,5158,921,3079,2076,2076,56.32234112251583,10.05678095654073,33.620877920943435,22.66870495741428,22.66870495741428,65.0,5.0
qc60,180.0,9158,5169,902,3087,2021,2021,56.44245468442892,9.84931207687268,33.708233238698405,22.068137147848876,22.068137147848876,65.0,5.0
qc60,190.0,9158,5157,884,3117,2005,2005,56.31142170779646,9.652762611924,34.03581568027953,21.893426512338937,21.893426512338937,65.0,5.0
qc60,200.0,9158,5182,892,3084,2032,2032,56.58440707578074,9.74011792967897,33.675474994540295,22.188250709761956,22.188250709761956,65.0,5.0
qc60,210.0,9158,5165,909,3084,2077,2077,56.39877702555143,9.925747979908277,33.675474994540295,22.679624372133652,22.679624372133652,65.0,5.0
qc60,220.0,9158,5138,851,3169,1988,1988,56.10395282812841,9.292421926184756,34.60362524568683,21.70779646210963,21.70779646210963,65.0,5.0
qc60,230.0,9158,5147,914,3097,2071,2071,56.20222756060275,9.980345053505133,33.81742738589212,22.61410788381743,22.61410788381743,65.0,5.0
qc60,240.0,9158,5119,910,3129,2028,2028,55.896483948460364,9.936667394627648,34.16684865691199,22.14457305088447,22.14457305088447,65.0,5.0
qc60,250.0,9158,5118,927,3113,2071,2071,55.88556453374099,10.122297444856956,33.992138021402056,22.61410788381743,22.61410788381743,65.0,5.0
qc60,260.0,9158,5124,897,3137,2056,2056,55.95108102205722,9.794715003275824,34.25420397466696,22.45031666302686,22.45031666302686,65.0,5.0
qc60,270.0,9158,5119,893,3146,2034,2034,55.896483948460364,9.751037344398341,34.352478707141294,22.2100895392007,22.2100895392007,65.0,5.0
qc60,280.0,9158,5129,888,3141,2051,2051,56.005678095654076,9.696440270801485,34.29788163354444,22.395719589430005,22.395719589430005,65.0,5.0
qc60,290.0,9158,5091,892,3175,2067,2067,55.59074033631797,9.74011792967897,34.669141734003055,22.570430224939944,22.570430224939944,65.0,5.0
qc60,0.0,9158,2991,1340,4827,1982,1982,32.659969425638785,14.632015723957196,52.70801485040402,21.642279973793404,21.642279973793404,65.0,10.0
qc60,10.0,9158,2998,1375,4785,2032,2032,32.73640532867438,15.014195239135182,52.24939943219044,22.188250709761956,22.188250709761956,65.0,10.0
qc60,20.0,9158,2988,1326,4844,1985,1985,32.627211181480675,14.479143917886,52.893644900633326,21.675038217951517,21.675038217951517,65.0,10.0
qc60,30.0,9158,3007,1301,4850,1951,1951,32.834680061148724,14.206158549901724,52.95916138894955,21.303778117492904,21.303778117492904,65.0,10.0
qc60,40.0,9158,3005,1319,4834,1954,1954,32.81284123170998,14.402708014850404,52.784450753439614,21.336536361651014,21.336536361651014,65.0,10.0
qc60,50.0,9158,3005,1304,4849,1932,1932,32.81284123170998,14.238916794059838,52.94824197423018,21.09630923782485,21.09630923782485,65.0,10.0
qc60,60.0,9158,3008,1309,4841,1934,1934,32.84559947586809,14.293513867656694,52.860886656475216,21.118148067263594,21.118148067263594,65.0,10.0
qc60,70.0,9158,3027,1319,4812,1951,1951,33.05306835553614,14.402708014850404,52.544223629613455,21.303778117492904,21.303778117492904,65.0,10.0
qc60,80.0,9158,3061,1343,4754,1987,1987,33.42432845599476,14.664773968115309,51.91089757588993,21.69687704739026,21.69687704739026,65.0,10.0
qc60,90.0,9158,3040,1329,4789,1990,1990,33.19502074688797,14.511902162044114,52.29307709106792,21.729635291548373,21.729635291548373,65.0,10.0
qc60,100.0,9158,3041,1324,4793,1967,1967,33.20594016160734,14.45730508844726,52.336754749945406,21.47848875300284,21.47848875300284,65.0,10.0
qc60,110.0,9158,3050,1311,4797,1946,1946,33.304214894081674,14.315352697095436,52.380432408822884,21.249181043896048,21.249181043896048,65.0,10.0
qc60,120.0,9158,3051,1298,4809,1927,1927,33.31513430880105,14.173400305743613,52.51146538545534,21.041712164228,21.041712164228,65.0,10.0
qc60,130.0,9158,3065,1356,4737,1994,1994,33.468006114872246,14.806726359467133,51.72526752566063,21.773312950425858,21.773312950425858,65.0,10.0
qc60,140.0,9158,3059,1328,4771,1963,1963,33.40248962655602,14.500982747324743,52.09652762611924,21.434811094125354,21.434811094125354,65.0,10.0
qc60,150.0,9158,3064,1321,4773,1953,1953,33.45708670015287,14.424546844289146,52.11836645555798,21.325616946931646,21.325616946931646,65.0,10.0
qc60,160.0,9158,3071,1302,4785,1924,1924,33.533522603188466,14.217077964621096,52.24939943219044,21.008953920069885,21.008953920069885,65.0,10.0
qc60,170.0,9158,3057,1335,4766,1956,1956,33.380650797117276,14.577418650360341,52.04193055252239,21.358375191089756,21.358375191089756,65.0,10.0
qc60,180.0,9158,3041,1327,4790,1925,1925,33.20594016160734,14.490063332605372,52.30399650578729,21.019873334789256,21.019873334789256,65.0,10.0
qc60,190.0,9158,3027,1299,4832,1893,1893,33.05306835553614,14.184319720462984,52.76261192400087,20.670452063769382,20.670452063769382,65.0,10.0
qc60,200.0,9158,3020,1286,4852,1885,1885,32.976632452500546,14.04236732911116,52.981000218388296,20.583096746014412,20.583096746014412,65.0,10.0
qc60,210.0,9158,3013,1334,4811,1951,1951,32.90019654946495,14.56649923564097,52.53330421489408,21.303778117492904,21.303778117492904,65.0,10.0
qc60,220.0,9158,2990,1273,4895,1864,1864,32.64905001091942,13.900414937759336,53.450535051321246,20.35378903690762,20.35378903690762,65.0,10.0
qc60,230.0,9158,2992,1295,4871,1888,1888,32.67088884035816,14.140642061585499,53.188469098056345,20.615854990172526,20.615854990172526,65.0,10.0
qc60,240.0,9158,3005,1316,4837,1930,1930,32.81284123170998,14.36994977069229,52.81720899759773,21.07447040838611,21.07447040838611,65.0,10.0
qc60,250.0,9158,2998,1291,4869,1901,1901,32.73640532867438,14.096964402708014,53.1666302686176,20.75780738152435,20.75780738152435,65.0,10.0
qc60,260.0,9158,3001,1269,4888,1888,1888,32.7691635728325,13.856737278881852,53.37409914828565,20.615854990172526,20.615854990172526,65.0,10.0
qc60,270.0,9158,3000,1272,4886,1898,1898,32.75824415811312,13.889495523039965,53.35226031884691,20.725049137366238,20.725049137366238,65.0,10.0
qc60,280.0,9158,3014,1293,4851,1925,1925,32.91111596418432,14.118803232146757,52.97008080366892,21.019873334789256,21.019873334789256,65.0,10.0
qc60,290.0,9158,2988,1289,4881,1913,1913,32.627211181480675,14.075125573269272,53.29766324525006,20.888840358156802,20.888840358156802,65.0,10.0
qc60,300.0,9158,2999,1302,4857,1942,1942,32.747324743393754,14.217077964621096,53.03559729198515,21.205503385018563,21.205503385018563,65.0,10.0
qc60,310.0,9158,2999,1289,4870,1922,1922,32.747324743393754,14.075125573269272,53.17754968333697,20.987115090631143,20.987115090631143,65.0,10.0
qc60,320.0,9158,2984,1288,4886,1901,1901,32.58353352260319,14.064206158549903,53.35226031884691,20.75780738152435,20.75780738152435,65.0,10.0
qc60,330.0,9158,2982,1311,4865,1935,1935,32.56169469316445,14.315352697095436,53.12295260974012,21.129067481982965,21.129067481982965,65.0,10.0
qc60,340.0,9158,2963,1311,4884,1953,1953,32.3542258134964,14.315352697095436,53.33042148940817,21.325616946931646,21.325616946931646,65.0,10.0
qc60,350.0,9158,2945,1318,4895,1955,1955,32.15767634854772,14.391788600131033,53.450535051321246,21.347455776370385,21.347455776370385,65.0,10.0
qc60,360.0,9158,2953,1295,4910,1942,1942,32.24503166630269,14.140642061585499,53.61432627211182,21.205503385018563,21.205503385018563,65.0,10.0
qc60,370.0,9158,2982,1276,4900,1912,1912,32.56169469316445,13.93317318191745,53.505132124918106,20.87792094343743,20.87792094343743,65.0,10.0
qc60,380.0,9158,2966,1268,4924,1911,1911,32.38698405765451,13.84581786416248,53.76719807818301,20.86700152871806,20.86700152871806,65.0,10.0
qc60,390.0,9158,2946,1255,4957,1889,1889,32.16859576326709,13.703865472810657,54.12753876392225,20.626774404891897,20.626774404891897,65.0,10.0
qc60,400.0,9158,2924,1307,4927,1930,1930,31.928368639440926,14.271675038217952,53.799956322341124,21.07447040838611,21.07447040838611,65.0,10.0
qc60,410.0,9158,2969,1306,4883,1922,1922,32.419742301812626,14.26075562349858,53.3195020746888,20.987115090631143,20.987115090631143,65.0,10.0
qc60,420.0,9158,2972,1316,4870,1939,1939,32.452500545970736,14.36994977069229,53.17754968333697,21.17274514086045,21.17274514086045,65.0,10.0
qc60,430.0,9158,2985,1317,4856,1949,1949,32.59445293732256,14.380869185411662,53.02467787726578,21.28193928805416,21.28193928805416,65.0,10.0
qc60,440.0,9158,3004,1323,4831,1950,1950,32.80192181699061,14.446385673727889,52.751692509281504,21.292858702773533,21.292858702773533,65.0,10.0
qc60,450.0,9158,3008,1294,4856,1905,1905,32.84559947586809,14.129722646866128,53.02467787726578,20.801485040401836,20.801485040401836,65.0,10.0
qc60,460.0,9158,3040,1340,4778,1977,1977,33.19502074688797,14.632015723957196,52.172963529154835,21.58768290019655,21.58768290019655,65.0,10.0
qc60,470.0,9158,3024,1377,4757,2011,2011,33.02031011137803,15.036034068573924,51.94365582004804,21.958943000655164,21.958943000655164,65.0,10.0
qc60,480.0,9158,3050,1328,4780,1970,1970,33.304214894081674,14.500982747324743,52.19480235859358,21.511246997160953,21.511246997160953,65.0,10.0
qc60,490.0,9158,3039,1305,4814,1954,1954,33.184101332168595,14.24983620877921,52.5660624590522,21.336536361651014,21.336536361651014,65.0,10.0
qc60,500.0,9158,3074,1335,4749,2006,2006,33.56628084734658,14.577418650360341,51.856300502293074,21.90434592705831,21.90434592705831,65.0,10.0
qc60,510.0,9158,3058,1313,4787,1973,1973,33.391570211836644,14.337191526534177,52.27123826162918,21.544005241319066,21.544005241319066,65.0,10.0
qc60,520.0,9158,3055,1274,4829,1944,1944,33.358811967678534,13.911334352478708,52.72985367984276,21.227342214457305,21.227342214457305,65.0,10.0
qc60,530.0,9158,3054,1338,4766,2029,2029,33.34789255295916,14.610176894518453,52.04193055252239,22.155492465603842,22.155492465603842,65.0,10.0
qc60,540.0,9158,3019,1276,4863,1936,1936,32.96571303778118,13.93317318191745,53.101113780301375,21.139986896702336,21.139986896702336,65.0,10.0
qc60,550.0,9158,3027,1313,4818,1986,1986,33.05306835553614,14.337191526534177,52.60974011792968,21.68595763267089,21.68595763267089,65.0,10.0
qc60,560.0,9158,3034,1321,4803,1991,1991,33.12950425857174,14.424546844289146,52.44594889713911,21.740554706267744,21.740554706267744,65.0,10.0
qc60,570.0,9158,3029,1312,4817,1993,1993,33.07490718497488,14.326272111814808,52.59882070321031,21.762393535706487,21.762393535706487,65.0,10.0
qc60,580.0,9158,3021,1319,4818,1980,1980,32.98755186721991,14.402708014850404,52.60974011792968,21.62044114435466,21.62044114435466,65.0,10.0
qc60,590.0,9158,3009,1369,4780,2015,2015,32.856518890587466,14.948678750818956,52.19480235859358,22.00262065953265,22.00262065953265,65.0,10.0
qc_all,0.0,1298,1298,0,0,166,166,100.0,0.0,0.0,12.788906009244993,12.788906009244993,55.0,1.0
qc_all,10.0,1298,1298,0,0,159,159,100.0,0.0,0.0,12.249614791987673,12.249614791987673,55.0,1.0
qc_all,20.0,1298,1298,0,0,169,169,100.0,0.0,0.0,13.020030816640986,13.020030816640986,55.0,1.0
qc_all,30.0,1298,1298,0,0,183,183,100.0,0.0,0.0,14.098613251155625,14.098613251155625,55.0,1.0
qc_all,40.0,1298,1298,0,0,173,173,100.0,0.0,0.0,13.328197226502311,13.328197226502311,55.0,1.0
qc_all,50.0,1298,1298,0,0,166,166,100.0,0.0,0.0,12.788906009244993,12.788906009244993,55.0,1.0
qc_all,0.0,1298,903,42,353,167,167,69.56856702619415,3.235747303543914,27.19568567026194,12.865947611710324,12.865947611710324,55.0,2.5
qc_all,10.0,1298,914,40,344,168,168,70.41602465331279,3.0816640986132513,26.50231124807396,12.942989214175656,12.942989214175656,55.0,2.5
qc_all,20.0,1298,935,54,309,185,185,72.03389830508475,4.160246533127889,23.805855161787367,14.252696456086287,14.252696456086287,55.0,2.5
qc_all,30.0,1298,935,58,305,190,190,72.03389830508475,4.4684129429892145,23.49768875192604,14.637904468412943,14.637904468412943,55.0,2.5
qc_all,40.0,1298,929,62,307,189,189,71.57164869029276,4.776579352850539,23.651771956856702,14.560862865947612,14.560862865947612,55.0,2.5
qc_all,50.0,1298,921,59,318,185,185,70.9553158705701,4.545454545454546,24.499229583975346,14.252696456086287,14.252696456086287,55.0,2.5
qc_all,60.0,1298,913,55,330,174,174,70.33898305084746,4.237288135593221,25.423728813559322,13.405238828967642,13.405238828967642,55.0,2.5
qc_all,70.0,1298,931,61,306,179,179,71.72573189522342,4.699537750385208,23.57473035439137,13.7904468412943,13.7904468412943,55.0,2.5
qc_all,80.0,1298,919,51,328,161,161,70.80123266563945,3.9291217257318953,25.26964560862866,12.403697996918336,12.403697996918336,55.0,2.5
qc_all,90.0,1298,922,57,319,171,171,71.03235747303543,4.391371340523883,24.576271186440678,13.174114021571649,13.174114021571649,55.0,2.5
qc_all,100.0,1298,921,53,324,159,159,70.9553158705701,4.083204930662558,24.961479198767336,12.249614791987673,12.249614791987673,55.0,2.5
qc_all,110.0,1298,936,53,309,175,175,72.11093990755008,4.083204930662558,23.805855161787367,13.482280431432974,13.482280431432974,55.0,2.5
qc_all,120.0,1298,922,55,321,167,167,71.03235747303543,4.237288135593221,24.73035439137134,12.865947611710324,12.865947611710324,55.0,2.5
qc_all,130.0,1298,924,53,321,172,172,71.1864406779661,4.083204930662558,24.73035439137134,13.25115562403698,13.25115562403698,55.0,2.5
qc_all,140.0,1298,921,51,326,175,175,70.9553158705701,3.9291217257318953,25.115562403697997,13.482280431432974,13.482280431432974,55.0,2.5
qc_all,0.0,1298,819,68,411,170,170,63.09707241910632,5.238828967642527,31.664098613251156,13.097072419106317,13.097072419106317,55.0,3.0
qc_all,10.0,1298,811,69,418,175,175,62.48073959938367,5.315870570107858,32.20338983050848,13.482280431432974,13.482280431432974,55.0,3.0
qc_all,20.0,1298,825,65,408,183,183,63.559322033898304,5.007704160246533,31.432973805855163,14.098613251155625,14.098613251155625,55.0,3.0
qc_all,30.0,1298,815,71,412,182,182,62.78890600924499,5.469953775038521,31.741140215716488,14.021571648690292,14.021571648690292,55.0,3.0
qc_all,40.0,1298,806,80,412,183,183,62.09553158705701,6.163328197226503,31.741140215716488,14.098613251155625,14.098613251155625,55.0,3.0
qc_all,50.0,1298,817,68,413,177,177,62.942989214175654,5.238828967642527,31.818181818181817,13.636363636363637,13.636363636363637,55.0,3.0
qc_all,60.0,1298,807,73,418,180,180,62.17257318952234,5.624036979969183,32.20338983050848,13.86748844375963,13.86748844375963,55.0,3.0
qc_all,70.0,1298,813,81,404,182,182,62.63482280431433,6.240369799691834,31.124807395993837,14.021571648690292,14.021571648690292,55.0,3.0
qc_all,80.0,1298,830,78,390,182,182,63.94453004622496,6.00924499229584,30.046224961479197,14.021571648690292,14.021571648690292,55.0,3.0
qc_all,90.0,1298,830,66,402,174,174,63.94453004622496,5.084745762711864,30.970724191063173,13.405238828967642,13.405238828967642,55.0,3.0
qc_all,100.0,1298,828,70,400,173,173,63.7904468412943,5.3929121725731894,30.816640986132512,13.328197226502311,13.328197226502311,55.0,3.0
qc_all,110.0,1298,814,71,413,175,175,62.71186440677966,5.469953775038521,31.818181818181817,13.482280431432974,13.482280431432974,55.0,3.0
qc_all,120.0,1298,809,59,430,168,168,62.326656394453,4.545454545454546,33.12788906009245,12.942989214175656,12.942989214175656,55.0,3.0
qc_all,130.0,1298,827,53,418,159,159,63.71340523882897,4.083204930662558,32.20338983050848,12.249614791987673,12.249614791987673,55.0,3.0
qc_all,140.0,1298,822,60,416,153,153,63.32819722650231,4.622496147919877,32.04930662557781,11.787365177195685,11.787365177195685,55.0,3.0
qc_all,150.0,1298,820,64,414,168,168,63.17411402157165,4.9306625577812015,31.89522342064715,12.942989214175656,12.942989214175656,55.0,3.0
qc_all,160.0,1298,839,63,396,165,165,64.63790446841294,4.85362095531587,30.508474576271187,12.711864406779661,12.711864406779661,55.0,3.0
qc_all,170.0,1298,828,66,404,170,170,63.7904468412943,5.084745762711864,31.124807395993837,13.097072419106317,13.097072419106317,55.0,3.0
qc_all,0.0,1298,548,88,662,173,173,42.21879815100154,6.779661016949152,51.00154083204931,13.328197226502311,13.328197226502311,55.0,5.0
qc_all,10.0,1298,568,92,638,178,178,43.759630200308166,7.0878274268104775,49.152542372881356,13.713405238828967,13.713405238828967,55.0,5.0
qc_all,20.0,1298,578,93,627,170,170,44.53004622496148,7.164869029275809,48.30508474576271,13.097072419106317,13.097072419106317,55.0,5.0
qc_all,30.0,1298,586,105,607,185,185,45.14637904468413,8.089368258859784,46.76425269645608,14.252696456086287,14.252696456086287,55.0,5.0
qc_all,40.0,1298,581,98,619,182,182,44.761171032357474,7.550077041602465,47.68875192604006,14.021571648690292,14.021571648690292,55.0,5.0
qc_all,50.0,1298,573,105,620,177,177,44.14483821263482,8.089368258859784,47.76579352850539,13.636363636363637,13.636363636363637,55.0,5.0
qc_all,60.0,1298,570,92,636,164,164,43.91371340523883,7.0878274268104775,48.99845916795069,12.63482280431433,12.63482280431433,55.0,5.0
qc_all,70.0,1298,575,96,627,166,166,44.29892141756549,7.395993836671803,48.30508474576271,12.788906009244993,12.788906009244993,55.0,5.0
qc_all,80.0,1298,568,91,639,150,150,43.759630200308166,7.010785824345146,49.229583975346685,11.556240369799692,11.556240369799692,55.0,5.0
qc_all,90.0,1298,568,91,639,155,155,43.759630200308166,7.010785824345146,49.229583975346685,11.941448382126348,11.941448382126348,55.0,5.0
qc_all,100.0,1298,569,92,637,151,151,43.836671802773495,7.0878274268104775,49.07550077041603,11.633281972265022,11.633281972265022,55.0,5.0
qc_all,110.0,1298,571,94,633,159,159,43.99075500770416,7.24191063174114,48.7673343605547,12.249614791987673,12.249614791987673,55.0,5.0
qc_all,120.0,1298,556,99,643,164,164,42.835130970724194,7.627118644067797,49.537750385208014,12.63482280431433,12.63482280431433,55.0,5.0
qc_all,130.0,1298,552,103,643,170,170,42.526964560862865,7.935285053929122,49.537750385208014,13.097072419106317,13.097072419106317,55.0,5.0
qc_all,140.0,1298,557,108,633,177,177,42.91217257318952,8.320493066255779,48.7673343605547,13.636363636363637,13.636363636363637,55.0,5.0
qc_all,150.0,1298,542,105,651,170,170,41.75654853620955,8.089368258859784,50.154083204930664,13.097072419106317,13.097072419106317,55.0,5.0
qc_all,160.0,1298,534,96,668,149,149,41.1402157164869,7.395993836671803,51.463790446841294,11.47919876733436,11.47919876733436,55.0,5.0
qc_all,170.0,1298,541,111,646,176,176,41.67950693374422,8.551617873651772,49.76887519260401,13.559322033898304,13.559322033898304,55.0,5.0
qc_all,180.0,1298,535,111,652,177,177,41.217257318952235,8.551617873651772,50.23112480739599,13.636363636363637,13.636363636363637,55.0,5.0
qc_all,190.0,1298,543,114,641,182,182,41.833590138674886,8.782742681047766,49.38366718027735,14.021571648690292,14.021571648690292,55.0,5.0
qc_all,200.0,1298,547,97,654,164,164,42.14175654853621,7.473035439137134,50.38520801232666,12.63482280431433,12.63482280431433,55.0,5.0
qc_all,210.0,1298,535,93,670,159,159,41.217257318952235,7.164869029275809,51.61787365177196,12.249614791987673,12.249614791987673,55.0,5.0
qc_all,220.0,1298,547,102,649,162,162,42.14175654853621,7.858243451463791,50.0,12.480739599383668,12.480739599383668,55.0,5.0
qc_all,230.0,1298,539,83,676,137,137,41.52542372881356,6.3944530046224966,52.080123266563945,10.554699537750386,10.554699537750386,55.0,5.0
qc_all,240.0,1298,533,89,676,139,139,41.06317411402157,6.856702619414484,52.080123266563945,10.708782742681048,10.708782742681048,55.0,5.0
qc_all,250.0,1298,534,82,682,142,142,41.1402157164869,6.317411402157165,52.54237288135593,10.939907550077042,10.939907550077042,55.0,5.0
qc_all,260.0,1298,551,96,651,161,161,42.449922958397536,7.395993836671803,50.154083204930664,12.403697996918336,12.403697996918336,55.0,5.0
qc_all,270.0,1298,551,86,661,161,161,42.449922958397536,6.62557781201849,50.92449922958397,12.403697996918336,12.403697996918336,55.0,5.0
qc_all,280.0,1298,558,85,655,169,169,42.98921417565485,6.548536209553158,50.462249614791986,13.020030816640986,13.020030816640986,55.0,5.0
qc_all,290.0,1298,556,85,657,168,168,42.835130970724194,6.548536209553158,50.61633281972265,12.942989214175656,12.942989214175656,55.0,5.0
qc_all,0.0,1298,292,110,896,146,146,22.496147919876734,8.474576271186441,69.02927580893683,11.248073959938367,11.248073959938367,55.0,10.0
qc_all,10.0,1298,303,105,890,137,137,23.343605546995377,8.089368258859784,68.56702619414484,10.554699537750386,10.554699537750386,55.0,10.0
qc_all,20.0,1298,317,110,871,145,145,24.422187981510014,8.474576271186441,67.10323574730354,11.171032357473035,11.171032357473035,55.0,10.0
qc_all,30.0,1298,313,109,876,148,148,24.11402157164869,8.397534668721109,67.4884437596302,11.40215716486903,11.40215716486903,55.0,10.0
qc_all,40.0,1298,313,117,868,155,155,24.11402157164869,9.01386748844376,66.87211093990754,11.941448382126348,11.941448382126348,55.0,10.0
qc_all,50.0,1298,305,106,887,137,137,23.49768875192604,8.166409861325116,68.33590138674884,10.554699537750386,10.554699537750386,55.0,10.0
qc_all,60.0,1298,315,107,876,139,139,24.268104776579353,8.243451463790446,67.4884437596302,10.708782742681048,10.708782742681048,55.0,10.0
qc_all,70.0,1298,316,112,870,138,138,24.345146379044685,8.628659476117104,67.02619414483821,10.631741140215716,10.631741140215716,55.0,10.0
qc_all,80.0,1298,314,103,881,125,125,24.19106317411402,7.935285053929122,67.87365177195686,9.63020030816641,9.63020030816641,55.0,10.0
qc_all,90.0,1298,315,99,884,125,125,24.268104776579353,7.627118644067797,68.10477657935284,9.63020030816641,9.63020030816641,55.0,10.0
qc_all,100.0,1298,314,96,888,121,121,24.19106317411402,7.395993836671803,68.41294298921417,9.322033898305085,9.322033898305085,55.0,10.0
qc_all,110.0,1298,315,106,877,132,132,24.268104776579353,8.166409861325116,67.56548536209553,10.169491525423728,10.169491525423728,55.0,10.0
qc_all,120.0,1298,302,100,896,130,130,23.266563944530045,7.704160246533128,69.02927580893683,10.015408320493066,10.015408320493066,55.0,10.0
qc_all,130.0,1298,305,104,889,134,134,23.49768875192604,8.012326656394453,68.4899845916795,10.323574730354391,10.323574730354391,55.0,10.0
qc_all,140.0,1298,305,111,882,140,140,23.49768875192604,8.551617873651772,67.95069337442219,10.785824345146379,10.785824345146379,55.0,10.0
qc_all,150.0,1298,293,107,898,139,139,22.573189522342066,8.243451463790446,69.18335901386749,10.708782742681048,10.708782742681048,55.0,10.0
qc_all,160.0,1298,288,92,918,120,120,22.18798151001541,7.0878274268104775,70.72419106317412,9.244992295839754,9.244992295839754,55.0,10.0
qc_all,170.0,1298,291,102,905,133,133,22.4191063174114,7.858243451463791,69.7226502311248,10.24653312788906,10.24653312788906,55.0,10.0
qc_all,180.0,1298,289,111,898,138,138,22.26502311248074,8.551617873651772,69.18335901386749,10.631741140215716,10.631741140215716,55.0,10.0
qc_all,190.0,1298,303,129,866,152,152,23.343605546995377,9.938366718027735,66.71802773497689,11.710323574730355,11.710323574730355,55.0,10.0
qc_all,200.0,1298,306,116,876,145,145,23.57473035439137,8.936825885978429,67.4884437596302,11.171032357473035,11.171032357473035,55.0,10.0
qc_all,210.0,1298,296,120,882,149,149,22.80431432973806,9.244992295839754,67.95069337442219,11.47919876733436,11.47919876733436,55.0,10.0
qc_all,220.0,1298,309,122,867,158,158,23.805855161787367,9.399075500770415,66.79506933744221,12.172573189522343,12.172573189522343,55.0,10.0
qc_all,230.0,1298,306,101,891,136,136,23.57473035439137,7.781201848998459,68.64406779661017,10.477657935285054,10.477657935285054,55.0,10.0
qc_all,240.0,1298,310,98,890,127,127,23.882896764252695,7.550077041602465,68.56702619414484,9.784283513097073,9.784283513097073,55.0,10.0
qc_all,250.0,1298,304,104,890,136,136,23.42064714946071,8.012326656394453,68.56702619414484,10.477657935285054,10.477657935285054,55.0,10.0
qc_all,260.0,1298,317,109,872,143,143,24.422187981510014,8.397534668721109,67.18027734976887,11.016949152542374,11.016949152542374,55.0,10.0
qc_all,270.0,1298,306,109,883,140,140,23.57473035439137,8.397534668721109,68.02773497688752,10.785824345146379,10.785824345146379,55.0,10.0
qc_all,280.0,1298,305,109,884,146,146,23.49768875192604,8.397534668721109,68.10477657935284,11.248073959938367,11.248073959938367,55.0,10.0
qc_all,290.0,1298,303,113,882,149,149,23.343605546995377,8.705701078582434,67.95069337442219,11.47919876733436,11.47919876733436,55.0,10.0
qc_all,300.0,1298,297,115,886,153,153,22.88135593220339,8.859784283513097,68.25885978428352,11.787365177195685,11.787365177195685,55.0,10.0
qc_all,310.0,1298,305,126,867,164,164,23.49768875192604,9.70724191063174,66.79506933744221,12.63482280431433,12.63482280431433,55.0,10.0
qc_all,320.0,1298,300,114,884,149,149,23.112480739599384,8.782742681047766,68.10477657935284,11.47919876733436,11.47919876733436,55.0,10.0
qc_all,330.0,1298,318,124,856,159,159,24.499229583975346,9.553158705701078,65.94761171032357,12.249614791987673,12.249614791987673,55.0,10.0
qc_all,340.0,1298,314,105,879,146,146,24.19106317411402,8.089368258859784,67.7195685670262,11.248073959938367,11.248073959938367,55.0,10.0
qc_all,350.0,1298,314,120,864,157,157,24.19106317411402,9.244992295839754,66.56394453004623,12.09553158705701,12.09553158705701,55.0,10.0
qc_all,360.0,1298,298,103,897,133,133,22.95839753466872,7.935285053929122,69.10631741140216,10.24653312788906,10.24653312788906,55.0,10.0
qc_all,370.0,1298,301,99,898,129,129,23.189522342064716,7.627118644067797,69.18335901386749,9.938366718027735,9.938366718027735,55.0,10.0
qc_all,380.0,1298,298,99,901,127,127,22.95839753466872,7.627118644067797,69.41448382126349,9.784283513097073,9.784283513097073,55.0,10.0
qc_all,390.0,1298,300,97,901,125,125,23.112480739599384,7.473035439137134,69.41448382126349,9.63020030816641,9.63020030816641,55.0,10.0
qc_all,400.0,1298,297,99,902,128,128,22.88135593220339,7.627118644067797,69.49152542372882,9.861325115562403,9.861325115562403,55.0,10.0
qc_all,410.0,1298,302,105,891,133,133,23.266563944530045,8.089368258859784,68.64406779661017,10.24653312788906,10.24653312788906,55.0,10.0
qc_all,420.0,1298,300,107,891,136,136,23.112480739599384,8.243451463790446,68.64406779661017,10.477657935285054,10.477657935285054,55.0,10.0
qc_all,430.0,1298,299,107,892,133,133,23.035439137134052,8.243451463790446,68.7211093990755,10.24653312788906,10.24653312788906,55.0,10.0
qc_all,440.0,1298,303,109,886,133,133,23.343605546995377,8.397534668721109,68.25885978428352,10.24653312788906,10.24653312788906,55.0,10.0
qc_all,450.0,1298,298,107,893,128,128,22.95839753466872,8.243451463790446,68.79815100154083,9.861325115562403,9.861325115562403,55.0,10.0
qc_all,460.0,1298,294,107,897,128,128,22.650231124807394,8.243451463790446,69.10631741140216,9.861325115562403,9.861325115562403,55.0,10.0
qc_all,470.0,1298,298,117,883,146,146,22.95839753466872,9.01386748844376,68.02773497688752,11.248073959938367,11.248073959938367,55.0,10.0
qc_all,480.0,1298,291,114,893,141,141,22.4191063174114,8.782742681047766,68.79815100154083,10.862865947611711,10.862865947611711,55.0,10.0
qc_all,490.0,1298,280,103,915,128,128,21.571648690292758,7.935285053929122,70.49306625577812,9.861325115562403,9.861325115562403,55.0,10.0
qc_all,500.0,1298,282,106,910,127,127,21.725731895223422,8.166409861325116,70.10785824345146,9.784283513097073,9.784283513097073,55.0,10.0
qc_all,510.0,1298,279,91,928,119,119,21.494607087827426,7.010785824345146,71.49460708782743,9.167950693374422,9.167950693374422,55.0,10.0
qc_all,520.0,1298,281,97,920,120,120,21.64869029275809,7.473035439137134,70.87827426810478,9.244992295839754,9.244992295839754,55.0,10.0
qc_all,530.0,1298,278,97,923,120,120,21.417565485362097,7.473035439137134,71.10939907550078,9.244992295839754,9.244992295839754,55.0,10.0
qc_all,540.0,1298,268,104,926,128,128,20.647149460708782,8.012326656394453,71.34052388289676,9.861325115562403,9.861325115562403,55.0,10.0
qc_all,550.0,1298,267,103,928,129,129,20.57010785824345,7.935285053929122,71.49460708782743,9.938366718027735,9.938366718027735,55.0,10.0
qc_all,560.0,1298,273,105,920,131,131,21.03235747303544,8.089368258859784,70.87827426810478,10.092449922958398,10.092449922958398,55.0,10.0
qc_all,570.0,1298,285,107,906,134,134,21.956856702619415,8.243451463790446,69.79969183359015,10.323574730354391,10.323574730354391,55.0,10.0
qc_all,580.0,1298,293,103,902,135,135,22.573189522342066,7.935285053929122,69.49152542372882,10.400616332819723,10.400616332819723,55.0,10.0
qc_all,590.0,1298,293,103,902,136,136,22.573189522342066,7.935285053929122,69.49152542372882,10.477657935285054,10.477657935285054,55.0,10.0
qc_all,0.0,3796,3796,0,0,537,537,100.0,0.0,0.0,14.146469968387777,14.146469968387777,60.0,1.0
qc_all,10.0,3796,3796,0,0,545,545,100.0,0.0,0.0,14.357218124341411,14.357218124341411,60.0,1.0
qc_all,20.0,3796,3796,0,0,531,531,100.0,0.0,0.0,13.98840885142255,13.98840885142255,60.0,1.0
qc_all,30.0,3796,3796,0,0,561,561,100.0,0.0,0.0,14.778714436248682,14.778714436248682,60.0,1.0
qc_all,40.0,3796,3796,0,0,529,529,100.0,0.0,0.0,13.93572181243414,13.93572181243414,60.0,1.0
qc_all,50.0,3796,3796,0,0,538,538,100.0,0.0,0.0,14.172813487881982,14.172813487881982,60.0,1.0
qc_all,0.0,3796,2829,173,794,609,609,74.52581664910431,4.557428872497366,20.916754478398314,16.043203371970495,16.043203371970495,60.0,2.5
qc_all,10.0,3796,2873,158,765,630,630,75.68493150684931,4.1622760800842995,20.152792413066386,16.59641728134879,16.59641728134879,60.0,2.5
qc_all,20.0,3796,2893,167,736,657,657,76.2118018967334,4.399367755532139,19.38883034773446,17.307692307692307,17.307692307692307,60.0,2.5
qc_all,30.0,3796,2861,149,786,645,645,75.36880927291887,3.9251844046364592,20.70600632244468,16.991570073761853,16.991570073761853,60.0,2.5
qc_all,40.0,3796,2855,149,792,650,650,75.21074815595364,3.9251844046364592,20.864067439409904,17.123287671232877,17.123287671232877,60.0,2.5
qc_all,50.0,3796,2874,151,771,651,651,75.71127502634351,3.9778714436248683,20.31085353003161,17.14963119072708,17.14963119072708,60.0,2.5
qc_all,60.0,3796,2880,141,775,623,623,75.86933614330874,3.714436248682824,20.41622760800843,16.41201264488936,16.41201264488936,60.0,2.5
qc_all,70.0,3796,2902,158,736,639,639,76.44889357218125,4.1622760800842995,19.38883034773446,16.833508956796628,16.833508956796628,60.0,2.5
qc_all,80.0,3796,2879,144,773,620,620,75.84299262381454,3.793466807165437,20.36354056902002,16.332982086406744,16.332982086406744,60.0,2.5
qc_all,90.0,3796,2886,158,752,628,628,76.02739726027397,4.1622760800842995,19.810326659641728,16.54373024236038,16.54373024236038,60.0,2.5
qc_all,100.0,3796,2893,160,743,652,652,76.2118018967334,4.214963119072708,19.57323498419389,17.175974710221286,17.175974710221286,60.0,2.5
qc_all,110.0,3796,2899,149,748,626,626,76.36986301369863,3.9251844046364592,19.70495258166491,16.49104320337197,16.49104320337197,60.0,2.5
qc_all,120.0,3796,2878,155,763,615,615,75.81664910432033,4.083245521601686,20.100105374077977,16.20126448893572,16.20126448893572,60.0,2.5
qc_all,130.0,3796,2849,142,805,604,604,75.05268703898841,3.7407797681770285,21.206533192834563,15.911485774499473,15.911485774499473,60.0,2.5
qc_all,140.0,3796,2846,149,801,608,608,74.9736564805058,3.9251844046364592,21.101159114857744,16.01685985247629,16.01685985247629,60.0,2.5
qc_all,0.0,3796,2573,199,1024,614,614,67.78187565858799,5.242360379346681,26.975763962065333,16.174920969441516,16.174920969441516,60.0,3.0
qc_all,10.0,3796,2595,199,1002,638,638,68.36143308746048,5.242360379346681,26.396206533192835,16.807165437302423,16.807165437302423,60.0,3.0
qc_all,20.0,3796,2621,181,994,635,635,69.0463645943098,4.768177028451001,26.1854583772392,16.72813487881981,16.72813487881981,60.0,3.0
qc_all,30.0,3796,2597,187,1012,630,630,68.41412012644889,4.926238145416227,26.65964172813488,16.59641728134879,16.59641728134879,60.0,3.0
qc_all,40.0,3796,2626,189,981,634,634,69.17808219178082,4.978925184404637,25.842992623814542,16.701791359325608,16.701791359325608,60.0,3.0
qc_all,50.0,3796,2618,190,988,645,645,68.9673340358272,5.005268703898841,26.027397260273972,16.991570073761853,16.991570073761853,60.0,3.0
qc_all,60.0,3796,2605,203,988,653,653,68.62486828240253,5.347734457323498,26.027397260273972,17.20231822971549,17.20231822971549,60.0,3.0
qc_all,70.0,3796,2619,233,944,674,674,68.9936775553214,6.1380400421496315,24.868282402528976,17.755532139093784,17.755532139093784,60.0,3.0
qc_all,80.0,3796,2613,220,963,660,660,68.83561643835617,5.795574288724974,25.368809272918863,17.38672286617492,17.38672286617492,60.0,3.0
qc_all,90.0,3796,2602,220,974,645,645,68.54583772391992,5.795574288724974,25.658587987355112,16.991570073761853,16.991570073761853,60.0,3.0
qc_all,100.0,3796,2594,196,1006,622,622,68.33508956796628,5.163329820864067,26.50158061116965,16.385669125395154,16.385669125395154,60.0,3.0
qc_all,110.0,3796,2578,212,1006,619,619,67.91359325605902,5.584826132771338,26.50158061116965,16.30663856691254,16.30663856691254,60.0,3.0
qc_all,120.0,3796,2562,210,1024,602,602,67.49209694415174,5.53213909378293,26.975763962065333,15.858798735511064,15.858798735511064,60.0,3.0
qc_all,130.0,3796,2564,205,1027,621,621,67.54478398314015,5.400421496311908,27.054794520547944,16.35932560590095,16.35932560590095,60.0,3.0
qc_all,140.0,3796,2580,205,1011,610,610,67.96628029504741,5.400421496311908,26.633298208640674,16.0695468914647,16.0695468914647,60.0,3.0
qc_all,150.0,3796,2599,207,990,627,627,68.4668071654373,5.453108535300316,26.08008429926238,16.517386722866174,16.517386722866174,60.0,3.0
qc_all,160.0,3796,2587,204,1005,627,627,68.15068493150685,5.374077976817703,26.47523709167545,16.517386722866174,16.517386722866174,60.0,3.0
qc_all,170.0,3796,2593,212,991,652,652,68.30874604847207,5.584826132771338,26.106427818756586,17.175974710221286,17.175974710221286,60.0,3.0
qc_all,0.0,3796,1795,325,1676,617,617,47.286617492096944,8.561643835616438,44.15173867228662,16.25395152792413,16.25395152792413,60.0,5.0
qc_all,10.0,3796,1835,330,1631,629,629,48.34035827186512,8.69336143308746,42.96628029504742,16.570073761854584,16.570073761854584,60.0,5.0
qc_all,20.0,3796,1837,320,1639,641,641,48.39304531085353,8.429926238145416,43.17702845100106,16.886195995785037,16.886195995785037,60.0,5.0
qc_all,30.0,3796,1836,313,1647,629,629,48.366701791359326,8.245521601685985,43.38777660695469,16.570073761854584,16.570073761854584,60.0,5.0
qc_all,40.0,3796,1842,328,1626,651,651,48.524762908324554,8.640674394099051,42.834562697576395,17.14963119072708,17.14963119072708,60.0,5.0
qc_all,50.0,3796,1846,337,1613,660,660,48.63013698630137,8.877766069546892,42.49209694415174,17.38672286617492,17.38672286617492,60.0,5.0
qc_all,60.0,3796,1863,310,1623,621,621,49.07797681770285,8.166491043203372,42.75553213909378,16.35932560590095,16.35932560590095,60.0,5.0
qc_all,70.0,3796,1874,346,1576,655,655,49.36775553213909,9.114857744994731,41.51738672286618,17.2550052687039,17.2550052687039,60.0,5.0
qc_all,80.0,3796,1857,320,1619,629,629,48.91991570073762,8.429926238145416,42.65015806111697,16.570073761854584,16.570073761854584,60.0,5.0
qc_all,90.0,3796,1874,329,1593,646,646,49.36775553213909,8.667017913593256,41.96522655426765,17.017913593256058,17.017913593256058,60.0,5.0
qc_all,100.0,3796,1872,333,1591,653,653,49.31506849315068,8.772391991570073,41.91253951527924,17.20231822971549,17.20231822971549,60.0,5.0
qc_all,110.0,3796,1861,336,1599,656,656,49.02528977871444,8.851422550052687,42.12328767123287,17.281348788198102,17.281348788198102,60.0,5.0
qc_all,120.0,3796,1838,310,1648,608,608,48.419388830347735,8.166491043203372,43.41412012644889,16.01685985247629,16.01685985247629,60.0,5.0
qc_all,130.0,3796,1839,314,1643,613,613,48.44573234984194,8.27186512118019,43.28240252897787,16.148577449947314,16.148577449947314,60.0,5.0
qc_all,140.0,3796,1833,321,1642,624,624,48.28767123287671,8.456269757639621,43.256059009483664,16.438356164383563,16.438356164383563,60.0,5.0
qc_all,150.0,3796,1819,326,1651,615,615,47.91886195995785,8.587987355110643,43.49315068493151,16.20126448893572,16.20126448893572,60.0,5.0
qc_all,160.0,3796,1835,310,1651,610,610,48.34035827186512,8.166491043203372,43.49315068493151,16.0695468914647,16.0695468914647,60.0,5.0
qc_all,170.0,3796,1841,334,1621,635,635,48.49841938883035,8.798735511064278,42.70284510010537,16.72813487881981,16.72813487881981,60.0,5.0
qc_all,180.0,3796,1813,332,1651,626,626,47.76080084299262,8.74604847207587,43.49315068493151,16.49104320337197,16.49104320337197,60.0,5.0
qc_all,190.0,3796,1787,328,1681,613,613,47.075869336143306,8.640674394099051,44.28345626975764,16.148577449947314,16.148577449947314,60.0,5.0
qc_all,200.0,3796,1814,319,1663,599,599,47.78714436248683,8.403582718651212,43.80927291886196,15.779768177028451,15.779768177028451,60.0,5.0
qc_all,210.0,3796,1805,333,1658,623,623,47.55005268703899,8.772391991570073,43.67755532139094,16.41201264488936,16.41201264488936,60.0,5.0
qc_all,220.0,3796,1812,308,1676,584,584,47.73445732349842,8.113804004214963,44.15173867228662,15.384615384615385,15.384615384615385,60.0,5.0
qc_all,230.0,3796,1799,305,1692,588,588,47.39199157007376,8.03477344573235,44.57323498419389,15.489989462592202,15.489989462592202,60.0,5.0
qc_all,240.0,3796,1792,318,1686,595,595,47.20758693361433,8.377239199157007,44.41517386722866,15.674394099051634,15.674394099051634,60.0,5.0
qc_all,250.0,3796,1804,317,1675,604,604,47.52370916754479,8.350895679662804,44.125395152792414,15.911485774499473,15.911485774499473,60.0,5.0
qc_all,260.0,3796,1832,314,1650,601,601,48.26132771338251,8.27186512118019,43.4668071654373,15.832455216016859,15.832455216016859,60.0,5.0
qc_all,270.0,3796,1823,327,1646,608,608,48.02423603793467,8.614330874604848,43.36143308746048,16.01685985247629,16.01685985247629,60.0,5.0
qc_all,280.0,3796,1804,309,1683,592,592,47.52370916754479,8.140147523709167,44.336143308746045,15.59536354056902,15.59536354056902,60.0,5.0
qc_all,290.0,3796,1793,308,1695,599,599,47.233930453108535,8.113804004214963,44.6522655426765,15.779768177028451,15.779768177028451,60.0,5.0
qc_all,0.0,3796,992,433,2371,594,594,26.13277133825079,11.406743940990516,62.46048472075869,15.64805057955743,15.64805057955743,60.0,10.0
qc_all,10.0,3796,1008,446,2342,606,606,26.55426765015806,11.749209694415175,61.69652265542676,15.964172813487883,15.964172813487883,60.0,10.0
qc_all,20.0,3796,1030,429,2337,585,585,27.133825079030558,11.301369863013699,61.564805057955745,15.41095890410959,15.41095890410959,60.0,10.0
qc_all,30.0,3796,1039,437,2320,602,602,27.370916754478397,11.512118018967334,61.11696522655427,15.858798735511064,15.858798735511064,60.0,10.0
qc_all,40.0,3796,1047,445,2304,599,599,27.581664910432032,11.72286617492097,60.695468914646995,15.779768177028451,15.779768177028451,60.0,10.0
qc_all,50.0,3796,1054,448,2294,605,605,27.766069546891465,11.801896733403582,60.432033719704954,15.937829293993678,15.937829293993678,60.0,10.0
qc_all,60.0,3796,1062,411,2323,569,569,27.9768177028451,10.827186512118018,61.19599578503688,14.989462592202319,14.989462592202319,60.0,10.0
qc_all,70.0,3796,1070,423,2303,580,580,28.187565858798735,11.143308746048472,60.66912539515279,15.279241306638568,15.279241306638568,60.0,10.0
qc_all,80.0,3796,1067,415,2314,571,571,28.108535300316124,10.932560590094837,60.95890410958904,15.042149631190727,15.042149631190727,60.0,10.0
qc_all,90.0,3796,1077,414,2305,575,575,28.371970495258168,10.906217070600633,60.7218124341412,15.147523709167546,15.147523709167546,60.0,10.0
qc_all,100.0,3796,1077,411,2308,565,565,28.371970495258168,10.827186512118018,60.800842992623814,14.8840885142255,14.8840885142255,60.0,10.0
qc_all,110.0,3796,1061,417,2318,578,578,27.950474183350895,10.985247629083245,61.06427818756586,15.226554267650158,15.226554267650158,60.0,10.0
qc_all,120.0,3796,1042,405,2349,547,547,27.44994731296101,10.669125395152792,61.880927291886195,14.409905163329821,14.409905163329821,60.0,10.0
qc_all,130.0,3796,1024,398,2374,536,536,26.975763962065333,10.484720758693362,62.53951527924131,14.120126448893572,14.120126448893572,60.0,10.0
qc_all,140.0,3796,1021,415,2360,552,552,26.89673340358272,10.932560590094837,62.17070600632245,14.541622760800843,14.541622760800843,60.0,10.0
qc_all,150.0,3796,1016,411,2369,543,543,26.7650158061117,10.827186512118018,62.40779768177028,14.304531085353004,14.304531085353004,60.0,10.0
qc_all,160.0,3796,1022,398,2376,537,537,26.923076923076923,10.484720758693362,62.59220231822972,14.146469968387777,14.146469968387777,60.0,10.0
qc_all,170.0,3796,1024,413,2359,558,558,26.975763962065333,10.879873551106428,62.14436248682824,14.69968387776607,14.69968387776607,60.0,10.0
qc_all,180.0,3796,1017,404,2375,541,541,26.7913593256059,10.642781875658589,62.56585879873551,14.251844046364594,14.251844046364594,60.0,10.0
qc_all,190.0,3796,1007,415,2374,554,554,26.527924130663855,10.932560590094837,62.53951527924131,14.594309799789253,14.594309799789253,60.0,10.0
qc_all,200.0,3796,1023,401,2372,546,546,26.949420442571128,10.563751317175974,62.4868282402529,14.383561643835616,14.383561643835616,60.0,10.0
qc_all,210.0,3796,1016,423,2357,577,577,26.7650158061117,11.143308746048472,62.09167544783983,15.200210748155953,15.200210748155953,60.0,10.0
qc_all,220.0,3796,1016,392,2388,537,537,26.7650158061117,10.326659641728135,62.90832455216017,14.146469968387777,14.146469968387777,60.0,10.0
qc_all,230.0,3796,1001,394,2401,540,540,26.36986301369863,10.379346680716544,63.25079030558483,14.22550052687039,14.22550052687039,60.0,10.0
qc_all,240.0,3796,1003,397,2396,539,539,26.42255005268704,10.458377239199157,63.119072708113805,14.199157007376185,14.199157007376185,60.0,10.0
qc_all,250.0,3796,1014,393,2389,530,530,26.71232876712329,10.35300316122234,62.93466807165437,13.962065331928345,13.962065331928345,60.0,10.0
qc_all,260.0,3796,1039,380,2377,515,515,27.370916754478397,10.010537407797681,62.61854583772392,13.566912539515279,13.566912539515279,60.0,10.0
qc_all,270.0,3796,1035,379,2382,529,529,27.265542676501582,9.984193888303478,62.750263435194945,13.93572181243414,13.93572181243414,60.0,10.0
qc_all,280.0,3796,1019,382,2395,522,522,26.84404636459431,10.06322444678609,63.0927291886196,13.75131717597471,13.75131717597471,60.0,10.0
qc_all,290.0,3796,1015,391,2390,536,536,26.738672286617494,10.30031612223393,62.961011591148576,14.120126448893572,14.120126448893572,60.0,10.0
qc_all,300.0,3796,999,375,2422,519,519,26.31717597471022,9.87881981032666,63.80400421496312,13.672286617492096,13.672286617492096,60.0,10.0
qc_all,310.0,3796,1024,401,2371,544,544,26.975763962065333,10.563751317175974,62.46048472075869,14.330874604847208,14.330874604847208,60.0,10.0
qc_all,320.0,3796,1007,410,2379,557,557,26.527924130663855,10.800842992623815,62.67123287671233,14.673340358271865,14.673340358271865,60.0,10.0
qc_all,330.0,3796,994,395,2407,536,536,26.1854583772392,10.405690200210747,63.40885142255005,14.120126448893572,14.120126448893572,60.0,10.0
qc_all,340.0,3796,990,410,2396,561,561,26.08008429926238,10.800842992623815,63.119072708113805,14.778714436248682,14.778714436248682,60.0,10.0
qc_all,350.0,3796,992,422,2382,567,567,26.13277133825079,11.116965226554267,62.750263435194945,14.93677555321391,14.93677555321391,60.0,10.0
qc_all,360.0,3796,997,406,2393,544,544,26.26448893572181,10.695468914646996,63.04004214963119,14.330874604847208,14.330874604847208,60.0,10.0
qc_all,370.0,3796,1001,447,2348,592,592,26.36986301369863,11.775553213909378,61.85458377239199,15.59536354056902,15.59536354056902,60.0,10.0
qc_all,380.0,3796,986,418,2392,563,563,25.974710221285562,11.01159114857745,63.013698630136986,14.831401475237092,14.831401475237092,60.0,10.0
qc_all,390.0,3796,985,432,2379,576,576,25.94836670179136,11.380400421496311,62.67123287671233,15.173867228661749,15.173867228661749,60.0,10.0
qc_all,400.0,3796,984,446,2366,578,578,25.922023182297156,11.749209694415175,62.32876712328767,15.226554267650158,15.226554267650158,60.0,10.0
qc_all,410.0,3796,988,445,2363,578,578,26.027397260273972,11.72286617492097,62.249736564805055,15.226554267650158,15.226554267650158,60.0,10.0
qc_all,420.0,3796,993,416,2387,543,543,26.159114857744996,10.95890410958904,62.88198103266596,14.304531085353004,14.304531085353004,60.0,10.0
qc_all,430.0,3796,1007,408,2381,532,532,26.527924130663855,10.748155953635406,62.72391991570074,14.014752370916755,14.014752370916755,60.0,10.0
qc_all,440.0,3796,1007,414,2375,543,543,26.527924130663855,10.906217070600633,62.56585879873551,14.304531085353004,14.304531085353004,60.0,10.0
qc_all,450.0,3796,991,405,2400,532,532,26.106427818756586,10.669125395152792,63.224446786090624,14.014752370916755,14.014752370916755,60.0,10.0
qc_all,460.0,3796,1003,422,2371,544,544,26.42255005268704,11.116965226554267,62.46048472075869,14.330874604847208,14.330874604847208,60.0,10.0
qc_all,470.0,3796,1009,439,2348,580,580,26.580611169652265,11.564805057955743,61.85458377239199,15.279241306638568,15.279241306638568,60.0,10.0
qc_all,480.0,3796,989,429,2378,564,564,26.053740779768177,11.301369863013699,62.644889357218126,14.857744994731297,14.857744994731297,60.0,10.0
qc_all,490.0,3796,977,403,2416,537,537,25.737618545837723,10.616438356164384,63.64594309799789,14.146469968387777,14.146469968387777,60.0,10.0
qc_all,500.0,3796,985,410,2401,543,543,25.94836670179136,10.800842992623815,63.25079030558483,14.304531085353004,14.304531085353004,60.0,10.0
qc_all,510.0,3796,983,401,2412,536,536,25.89567966280295,10.563751317175974,63.540569020021074,14.120126448893572,14.120126448893572,60.0,10.0
qc_all,520.0,3796,990,392,2414,528,528,26.08008429926238,10.326659641728135,63.593256059009484,13.909378292939937,13.909378292939937,60.0,10.0
qc_all,530.0,3796,994,397,2405,548,548,26.1854583772392,10.458377239199157,63.35616438356164,14.436248682824026,14.436248682824026,60.0,10.0
qc_all,540.0,3796,983,384,2429,534,534,25.89567966280295,10.1159114857745,63.98840885142255,14.067439409905163,14.067439409905163,60.0,10.0
qc_all,550.0,3796,988,391,2417,549,549,26.027397260273972,10.30031612223393,63.6722866174921,14.46259220231823,14.46259220231823,60.0,10.0
qc_all,560.0,3796,989,402,2405,559,559,26.053740779768177,10.590094836670179,63.35616438356164,14.726027397260275,14.726027397260275,60.0,10.0
qc_all,570.0,3796,984,406,2406,561,561,25.922023182297156,10.695468914646996,63.382507903055846,14.778714436248682,14.778714436248682,60.0,10.0
qc_all,580.0,3796,981,415,2400,564,564,25.842992623814542,10.932560590094837,63.224446786090624,14.857744994731297,14.857744994731297,60.0,10.0
qc_all,590.0,3796,978,422,2396,573,573,25.763962065331928,11.116965226554267,63.119072708113805,15.094836670179136,15.094836670179136,60.0,10.0
qc_all,0.0,9071,9071,0,0,1572,1572,100.0,0.0,0.0,17.329952596185645,17.329952596185645,65.0,1.0
qc_all,10.0,9071,9071,0,0,1543,1543,100.0,0.0,0.0,17.01025245287179,17.01025245287179,65.0,1.0
qc_all,20.0,9071,9071,0,0,1528,1528,100.0,0.0,0.0,16.844890309778414,16.844890309778414,65.0,1.0
qc_all,30.0,9071,9071,0,0,1549,1549,100.0,0.0,0.0,17.07639731010914,17.07639731010914,65.0,1.0
qc_all,40.0,9071,9071,0,0,1522,1522,100.0,0.0,0.0,16.778745452541067,16.778745452541067,65.0,1.0
qc_all,50.0,9071,9071,0,0,1585,1585,100.0,0.0,0.0,17.47326645353324,17.47326645353324,65.0,1.0
qc_all,0.0,9071,7318,403,1350,1976,1976,80.67467754382096,4.442729577775328,14.882592878403704,21.783706316833864,21.783706316833864,65.0,2.5
qc_all,10.0,9071,7348,379,1344,2017,2017,81.00540183000771,4.178150148825929,14.816448021166355,22.235696174622422,22.235696174622422,65.0,2.5
qc_all,20.0,9071,7343,407,1321,2049,2049,80.95028111564326,4.486826149266895,14.562892735089846,22.588468746554955,22.588468746554955,65.0,2.5
qc_all,30.0,9071,7374,373,1324,1983,1983,81.2920295447029,4.112005291588579,14.595965163708522,21.860875316944107,21.860875316944107,65.0,2.5
qc_all,40.0,9071,7351,370,1350,1997,1997,81.0384742586264,4.078932862969904,14.882592878403704,22.01521331716459,22.01521331716459,65.0,2.5
qc_all,50.0,9071,7347,389,1335,2011,2011,80.99437768713483,4.288391577554845,14.717230735310329,22.169551317385075,22.169551317385075,65.0,2.5
qc_all,60.0,9071,7340,367,1364,1965,1965,80.91720868702458,4.045860434351229,15.036930878624187,21.662440745232058,21.662440745232058,65.0,2.5
qc_all,70.0,9071,7351,362,1358,1900,1900,81.0384742586264,3.990739719986771,14.970786021386838,20.945871458494103,20.945871458494103,65.0,2.5
qc_all,80.0,9071,7352,380,1339,1959,1959,81.04949840149928,4.18917429169882,14.761327306801896,21.596295887994707,21.596295887994707,65.0,2.5
qc_all,90.0,9071,7288,394,1389,1943,1943,80.34395325763423,4.343512291919303,15.312534450446478,21.419909602028444,21.419909602028444,65.0,2.5
qc_all,100.0,9071,7257,398,1416,1966,1966,80.00220482857458,4.38760886341087,15.610186308014551,21.67346488810495,21.67346488810495,65.0,2.5
qc_all,110.0,9071,7295,380,1396,1931,1931,80.42112225774446,4.18917429169882,15.38970345055672,21.287619887553742,21.287619887553742,65.0,2.5
qc_all,120.0,9071,7296,381,1394,1915,1915,80.43214640061736,4.200198434571712,15.367655164810936,21.111233601587475,21.111233601587475,65.0,2.5
qc_all,130.0,9071,7335,369,1367,1941,1941,80.86208797266012,4.067908720097012,15.070003307242862,21.397861316282658,21.397861316282658,65.0,2.5
qc_all,140.0,9071,7323,386,1362,1979,1979,80.72979825818543,4.25531914893617,15.014882592878404,21.81677874545254,21.81677874545254,65.0,2.5
qc_all,0.0,9071,6696,526,1849,1950,1950,73.81766067688237,5.798699151140998,20.38364017197663,21.497078602138682,21.497078602138682,65.0,3.0
qc_all,10.0,9071,6733,511,1827,1955,1955,74.22555396317937,5.633337008047624,20.141109028773013,21.552199316503142,21.552199316503142,65.0,3.0
qc_all,20.0,9071,6765,537,1769,1998,1998,74.5783265351119,5.919964722742807,19.501708742145297,22.026237460037482,22.026237460037482,65.0,3.0
qc_all,30.0,9071,6767,506,1798,2016,2016,74.60037482085768,5.578216293683166,19.821408885459157,22.22467203174953,22.22467203174953,65.0,3.0
qc_all,40.0,9071,6787,487,1797,2026,2026,74.8208576783155,5.368757579098225,19.810384742586265,22.334913460478447,22.334913460478447,65.0,3.0
qc_all,50.0,9071,6819,488,1764,2084,2084,75.17363025024804,5.379781721971117,19.44658802778084,22.974313747106162,22.974313747106162,65.0,3.0
qc_all,60.0,9071,6829,496,1746,2079,2079,75.28387167897696,5.4679748649542494,19.248153456068792,22.919193032741703,22.919193032741703,65.0,3.0
qc_all,70.0,9071,6841,509,1721,2057,2057,75.41616139345166,5.611288722301841,18.9725498842465,22.67666188953809,22.67666188953809,65.0,3.0
qc_all,80.0,9071,6834,485,1752,2024,2024,75.33899239334141,5.346709293352442,19.31429831330614,22.312865174732664,22.312865174732664,65.0,3.0
qc_all,90.0,9071,6824,499,1748,2017,2017,75.2287509646125,5.501047293572925,19.270201741814574,22.235696174622422,22.235696174622422,65.0,3.0
qc_all,100.0,9071,6806,516,1749,1996,1996,75.03031639290045,5.688457722412083,19.281225884687466,22.0041891742917,22.0041891742917,65.0,3.0
qc_all,110.0,9071,6792,553,1726,2010,2010,74.87597839267997,6.096351008709073,19.027670598610957,22.15852717451218,22.15852717451218,65.0,3.0
qc_all,120.0,9071,6729,553,1789,2002,2002,74.1814573916878,6.096351008709073,19.722191599603132,22.07033403152905,22.07033403152905,65.0,3.0
qc_all,130.0,9071,6747,561,1763,2026,2026,74.37989196339984,6.184544151692206,19.43556388490795,22.334913460478447,22.334913460478447,65.0,3.0
qc_all,140.0,9071,6751,538,1782,1996,1996,74.42398853489141,5.930988865615698,19.64502259949289,22.0041891742917,22.0041891742917,65.0,3.0
qc_all,150.0,9071,6739,511,1821,1930,1930,74.29169882041671,5.633337008047624,20.07496417153566,21.27659574468085,21.27659574468085,65.0,3.0
qc_all,160.0,9071,6706,515,1850,1944,1944,73.9279021056113,5.677433579539191,20.39466431484952,21.430933744901335,21.430933744901335,65.0,3.0
qc_all,170.0,9071,6687,550,1834,2006,2006,73.71844339102634,6.063278580090398,20.218278028883255,22.114430603020615,22.114430603020615,65.0,3.0
qc_all,0.0,9071,5055,913,3103,2077,2077,55.727042222467205,10.06504244295006,34.20791533458274,22.89714474699592,22.89714474699592,65.0,5.0
qc_all,10.0,9071,5061,915,3095,2098,2098,55.79318707970455,10.087090728695843,34.1197221915996,23.128651747326646,23.128651747326646,65.0,5.0
qc_all,20.0,9071,5050,924,3097,2062,2062,55.67192150810275,10.18630801455187,34.14177047734539,22.73178260390255,22.73178260390255,65.0,5.0
qc_all,30.0,9071,5063,892,3116,2034,2034,55.815235365450334,9.833535442619336,34.35122919193033,22.42310660346158,22.42310660346158,65.0,5.0
qc_all,40.0,9071,5034,918,3119,2044,2044,55.49553522213648,10.120163157314519,34.384301620549,22.533348032190496,22.533348032190496,65.0,5.0
qc_all,50.0,9071,5011,935,3125,2077,2077,55.24197993605997,10.307573586153676,34.45044647778635,22.89714474699592,22.89714474699592,65.0,5.0
qc_all,60.0,9071,5017,903,3151,2034,2034,55.308124793297324,9.954801014221145,34.737074192481536,22.42310660346158,22.42310660346158,65.0,5.0
qc_all,70.0,9071,5070,913,3088,2029,2029,55.89240436556058,10.06504244295006,34.04255319148936,22.367985889097124,22.367985889097124,65.0,5.0
qc_all,80.0,9071,5070,905,3096,2044,2044,55.89240436556058,9.976849299966927,34.1307463344725,22.533348032190496,22.533348032190496,65.0,5.0
qc_all,90.0,9071,5030,899,3142,2028,2028,55.45143865064491,9.910704442729578,34.63785690662551,22.356961746224233,22.356961746224233,65.0,5.0
qc_all,100.0,9071,5031,902,3138,2040,2040,55.4624627935178,9.943776871348252,34.59376033513394,22.48925146069893,22.48925146069893,65.0,5.0
qc_all,110.0,9071,5078,886,3107,2026,2026,55.98059750854371,9.767390585381987,34.2520119060743,22.334913460478447,22.334913460478447,65.0,5.0
qc_all,120.0,9071,5053,893,3125,2037,2037,55.70499393672142,9.844559585492227,34.45044647778635,22.456179032080257,22.456179032080257,65.0,5.0
qc_all,130.0,9071,5097,913,3061,2068,2068,56.19005622312865,10.06504244295006,33.74490133392129,22.797927461139896,22.797927461139896,65.0,5.0
qc_all,140.0,9071,5107,897,3067,2032,2032,56.30029765185757,9.888656156983794,33.81104619115864,22.401058317715798,22.401058317715798,65.0,5.0
qc_all,150.0,9071,5106,895,3070,2026,2026,56.28927350898468,9.866607871238012,33.84411861977731,22.334913460478447,22.334913460478447,65.0,5.0
qc_all,160.0,9071,5137,891,3043,2022,2022,56.63102193804432,9.822511299746445,33.546466762209235,22.290816888986882,22.290816888986882,65.0,5.0
qc_all,170.0,9071,5122,914,3035,2064,2064,56.465659794950945,10.076066585822952,33.458273619226105,22.75383088964833,22.75383088964833,65.0,5.0
qc_all,180.0,9071,5133,897,3041,2009,2009,56.58692536655275,9.888656156983794,33.52441847646345,22.14750303163929,22.14750303163929,65.0,5.0
qc_all,190.0,9071,5121,879,3071,1993,1993,56.45463565207805,9.690221585271745,33.8551427626502,21.971116745673022,21.971116745673022,65.0,5.0
qc_all,200.0,9071,5140,891,3040,2019,2019,56.664094366662994,9.822511299746445,33.51339433359056,22.257744460368205,22.257744460368205,65.0,5.0
qc_all,210.0,9071,5123,898,3050,2060,2060,56.476683937823836,9.899680299856685,33.62363576231948,22.709734318156762,22.709734318156762,65.0,5.0
qc_all,220.0,9071,5102,840,3129,1973,1973,56.24517693749311,9.260280013228972,34.494543049277915,21.75063388821519,21.75063388821519,65.0,5.0
qc_all,230.0,9071,5115,908,3048,2064,2064,56.3884907948407,10.009921728585603,33.6015874765737,22.75383088964833,22.75383088964833,65.0,5.0
qc_all,240.0,9071,5078,912,3081,2026,2026,55.98059750854371,10.05401830007717,33.96538419137912,22.334913460478447,22.334913460478447,65.0,5.0
qc_all,250.0,9071,5075,919,3077,2060,2060,55.947525079925036,10.13118730018741,33.92128761988755,22.709734318156762,22.709734318156762,65.0,5.0
qc_all,260.0,9071,5084,892,3095,2050,2050,56.04674236578106,9.833535442619336,34.1197221915996,22.599492889427847,22.599492889427847,65.0,5.0
qc_all,270.0,9071,5075,884,3112,2025,2025,55.947525079925036,9.745342299636203,34.30713262043876,22.323889317605556,22.323889317605556,65.0,5.0
qc_all,280.0,9071,5091,876,3104,2039,2039,56.1239113658913,9.65714915665307,34.21893947745563,22.47822731782604,22.47822731782604,65.0,5.0
qc_all,290.0,9071,5057,885,3129,2058,2058,55.74909050821299,9.756366442509094,34.494543049277915,22.68768603241098,22.68768603241098,65.0,5.0
qc_all,0.0,9071,2973,1336,4762,1977,1977,32.77477676110682,14.728254878183222,52.49696836070996,21.79473045970676,21.79473045970676,65.0,10.0
qc_all,10.0,9071,2981,1365,4725,2021,2021,32.86296990408996,15.047955021497078,52.08907507441297,22.27979274611399,22.27979274611399,65.0,10.0
qc_all,20.0,9071,2972,1319,4780,1976,1976,32.76375261823393,14.540844449344064,52.695402932422006,21.783706316833864,21.783706316833864,65.0,10.0
qc_all,30.0,9071,2994,1292,4785,1941,1941,33.00628376143755,14.243192591775989,52.75052364678646,21.397861316282658,21.397861316282658,65.0,10.0
qc_all,40.0,9071,2992,1309,4770,1943,1943,32.98423547569176,14.430603020615147,52.58516150369309,21.419909602028444,21.419909602028444,65.0,10.0
qc_all,50.0,9071,2994,1297,4780,1923,1923,33.00628376143755,14.298313306140448,52.695402932422006,21.19942674457061,21.19942674457061,65.0,10.0
qc_all,60.0,9071,2996,1300,4775,1923,1923,33.02833204718333,14.331385734759122,52.64028221805754,21.19942674457061,21.19942674457061,65.0,10.0
qc_all,70.0,9071,3017,1314,4740,1944,1944,33.259839047514056,14.485723734979606,52.254437217506336,21.430933744901335,21.430933744901335,65.0,10.0
qc_all,80.0,9071,3050,1339,4682,1982,1982,33.62363576231948,14.761327306801896,51.615036930878624,21.849851174071215,21.849851174071215,65.0,10.0
qc_all,90.0,9071,3030,1328,4713,1990,1990,33.40315290486165,14.640061735200089,51.956785359938266,21.93804431705435,21.93804431705435,65.0,10.0
qc_all,100.0,9071,3028,1319,4724,1962,1962,33.38110461911587,14.540844449344064,52.07805093154007,21.629368316613384,21.629368316613384,65.0,10.0
qc_all,110.0,9071,3035,1305,4731,1939,1939,33.458273619226105,14.38650644912358,52.155219931650315,21.375813030536875,21.375813030536875,65.0,10.0
qc_all,120.0,9071,3032,1292,4747,1920,1920,33.42520119060743,14.243192591775989,52.33160621761658,21.166354315951935,21.166354315951935,65.0,10.0
qc_all,130.0,9071,3049,1349,4673,1986,1986,33.61261161944659,14.871568735530813,51.5158196450226,21.893947745562784,21.893947745562784,65.0,10.0
qc_all,140.0,9071,3041,1320,4710,1952,1952,33.52441847646345,14.551868592216955,51.92371293131959,21.519126887884468,21.519126887884468,65.0,10.0
qc_all,150.0,9071,3044,1312,4715,1942,1942,33.55749090508213,14.463675449233822,51.97883364568405,21.408885459155552,21.408885459155552,65.0,10.0
qc_all,160.0,9071,3051,1295,4725,1916,1916,33.63465990519237,14.276265020394664,52.08907507441297,21.122257744460367,21.122257744460367,65.0,10.0
qc_all,170.0,9071,3040,1328,4703,1948,1948,33.51339433359056,14.640061735200089,51.84654393120935,21.4750303163929,21.4750303163929,65.0,10.0
qc_all,180.0,9071,3025,1318,4728,1914,1914,33.348032190497186,14.529820306471171,52.12214750303164,21.100209458714584,21.100209458714584,65.0,10.0
qc_all,190.0,9071,3010,1293,4768,1887,1887,33.18267004740382,14.254216734648882,52.563113217947304,20.80255760114651,20.80255760114651,65.0,10.0
qc_all,200.0,9071,2999,1280,4792,1880,1880,33.06140447580201,14.11090287730129,52.8276926468967,20.72538860103627,20.72538860103627,65.0,10.0
qc_all,210.0,9071,2991,1330,4750,1947,1947,32.97321133281887,14.662110020945871,52.364678646235255,21.46400617352001,21.46400617352001,65.0,10.0
qc_all,220.0,9071,2969,1269,4833,1858,1858,32.730680189615256,13.989637305699482,53.27968250468526,20.482857457832655,20.482857457832655,65.0,10.0
qc_all,230.0,9071,2972,1293,4806,1886,1886,32.76375261823393,14.254216734648882,52.982030647117185,20.79153345827362,20.79153345827362,65.0,10.0
qc_all,240.0,9071,2984,1317,4770,1932,1932,32.89604233270863,14.51879616359828,52.58516150369309,21.298644030426633,21.298644030426633,65.0,10.0
qc_all,250.0,9071,2975,1284,4812,1894,1894,32.796825046852604,14.154999448792857,53.04817550435454,20.879726601256753,20.879726601256753,65.0,10.0
qc_all,260.0,9071,2979,1265,4827,1884,1884,32.840921618344176,13.945540734207915,53.21353764744791,20.769485172527837,20.769485172527837,65.0,10.0
qc_all,270.0,9071,2975,1266,4830,1889,1889,32.796825046852604,13.956564877080806,53.24661007606659,20.824605886892293,20.824605886892293,65.0,10.0
qc_all,280.0,9071,2992,1282,4797,1914,1914,32.98423547569176,14.132951163047073,52.882813361261164,21.100209458714584,21.100209458714584,65.0,10.0
qc_all,290.0,9071,2969,1287,4815,1911,1911,32.730680189615256,14.18807187741153,53.08124793297321,21.06713703009591,21.06713703009591,65.0,10.0
qc_all,300.0,9071,2978,1300,4793,1940,1940,32.829897475471284,14.331385734759122,52.8387167897696,21.386837173409766,21.386837173409766,65.0,10.0
qc_all,310.0,9071,2976,1284,4811,1918,1918,32.8078491897255,14.154999448792857,53.03715136148165,21.144306030206153,21.144306030206153,65.0,10.0
qc_all,320.0,9071,2962,1284,4825,1898,1898,32.65351118950502,14.154999448792857,53.191489361702125,20.923823172748317,20.923823172748317,65.0,10.0
qc_all,330.0,9071,2964,1302,4805,1925,1925,32.6755594752508,14.353434020504906,52.97100650424429,21.221475030316395,21.221475030316395,65.0,10.0
qc_all,340.0,9071,2944,1302,4825,1944,1944,32.45507661779297,14.353434020504906,53.191489361702125,21.430933744901335,21.430933744901335,65.0,10.0
qc_all,350.0,9071,2928,1316,4827,1954,1954,32.2786903318267,14.507772020725389,53.21353764744791,21.54117517363025,21.54117517363025,65.0,10.0
qc_all,360.0,9071,2936,1289,4846,1936,1936,32.36688347480983,14.210120163157315,53.422996362032855,21.3427406019182,21.3427406019182,65.0,10.0
qc_all,370.0,9071,2969,1275,4827,1911,1911,32.730680189615256,14.055782162936831,53.21353764744791,21.06713703009591,21.06713703009591,65.0,10.0
qc_all,380.0,9071,2950,1264,4857,1906,1906,32.521221475030316,13.934516591335024,53.54426193363466,21.01201631573145,21.01201631573145,65.0,10.0
qc_all,390.0,9071,2932,1253,4886,1886,1886,32.32278690331827,13.813251019733215,53.86396207694852,20.79153345827362,20.79153345827362,65.0,10.0
qc_all,400.0,9071,2912,1302,4857,1926,1926,32.102304045860436,14.353434020504906,53.54426193363466,21.232499173189286,21.232499173189286,65.0,10.0
qc_all,410.0,9071,2952,1295,4824,1906,1906,32.5432697607761,14.276265020394664,53.180465218829234,21.01201631573145,21.01201631573145,65.0,10.0
qc_all,420.0,9071,2956,1305,4810,1922,1922,32.58736633226766,14.38650644912358,53.02612721860876,21.188402601697717,21.188402601697717,65.0,10.0
qc_all,430.0,9071,2970,1311,4790,1941,1941,32.74170433248815,14.45265130636093,52.80564436115092,21.397861316282658,21.397861316282658,65.0,10.0
qc_all,440.0,9071,2986,1315,4770,1937,1937,32.918090618454414,14.496747877852497,52.58516150369309,21.353764744791093,21.353764744791093,65.0,10.0
qc_all,450.0,9071,2989,1284,4798,1892,1892,32.95116304707309,14.154999448792857,52.893837504134055,20.85767831551097,20.85767831551097,65.0,10.0
qc_all,460.0,9071,3020,1330,4721,1965,1965,33.29291147613273,14.662110020945871,52.044978502921396,21.662440745232058,21.662440745232058,65.0,10.0
qc_all,470.0,9071,3004,1370,4697,2004,2004,33.11652519016646,15.103075735861538,51.780399073972,22.092382317274833,22.092382317274833,65.0,10.0
qc_all,480.0,9071,3028,1319,4724,1959,1959,33.38110461911587,14.540844449344064,52.07805093154007,21.596295887994707,21.596295887994707,65.0,10.0
qc_all,490.0,9071,3018,1296,4757,1943,1943,33.27086319038695,14.287289163267555,52.441847646345494,21.419909602028444,21.419909602028444,65.0,10.0
qc_all,500.0,9071,3051,1327,4693,1995,1995,33.63465990519237,14.629037592327197,51.736302502480434,21.99316503141881,21.99316503141881,65.0,10.0
qc_all,510.0,9071,3035,1298,4738,1957,1957,33.458273619226105,14.30933744901334,52.23238893176055,21.574247602248924,21.574247602248924,65.0,10.0
qc_all,520.0,9071,3037,1263,4771,1932,1932,33.48032190497189,13.923492448462133,52.59618564656598,21.298644030426633,21.298644030426633,65.0,10.0
qc_all,530.0,9071,3040,1331,4700,2021,2021,33.51339433359056,14.673134163818762,51.81347150259067,22.27979274611399,22.27979274611399,65.0,10.0
qc_all,540.0,9071,2996,1268,4807,1924,1924,33.02833204718333,13.97861316282659,52.993054789990076,21.2104508874435,21.2104508874435,65.0,10.0
qc_all,550.0,9071,3004,1302,4765,1971,1971,33.11652519016646,14.353434020504906,52.53004078932863,21.72858560246941,21.72858560246941,65.0,10.0
qc_all,560.0,9071,3013,1312,4746,1981,1981,33.21574247602249,14.463675449233822,52.32058207474369,21.838827031198324,21.838827031198324,65.0,10.0
qc_all,570.0,9071,3007,1302,4762,1981,1981,33.14959761878514,14.353434020504906,52.49696836070996,21.838827031198324,21.838827031198324,65.0,10.0
qc_all,580.0,9071,3002,1314,4755,1974,1974,33.09447690442068,14.485723734979606,52.41979936059971,21.761658031088082,21.761658031088082,65.0,10.0
qc_all,590.0,9071,2991,1359,4721,2002,2002,32.97321133281887,14.981810164259729,52.044978502921396,22.07033403152905,22.07033403152905,65.0,10.0
startup10,0.0,991,991,0,0,113,113,100.0,0.0,0.0,11.402623612512613,11.402623612512613,55.0,1.0
startup10,10.0,991,991,0,0,109,109,100.0,0.0,0.0,10.99899091826438,10.99899091826438,55.0,1.0
startup10,20.0,991,991,0,0,107,107,100.0,0.0,0.0,10.797174571140262,10.797174571140262,55.0,1.0
startup10,30.0,991,991,0,0,123,123,100.0,0.0,0.0,12.411705348133198,12.411705348133198,55.0,1.0
startup10,40.0,991,991,0,0,119,119,100.0,0.0,0.0,12.008072653884964,12.008072653884964,55.0,1.0
startup10,50.0,991,991,0,0,113,113,100.0,0.0,0.0,11.402623612512613,11.402623612512613,55.0,1.0
startup10,0.0,991,701,35,255,128,128,70.73662966700303,3.5317860746720484,25.731584258324926,12.916246215943492,12.916246215943492,55.0,2.5
startup10,10.0,991,706,28,257,120,120,71.24117053481332,2.825428859737639,25.93340060544904,12.108980827447024,12.108980827447024,55.0,2.5
startup10,20.0,991,716,36,239,128,128,72.2502522704339,3.632694248234107,24.117053481331986,12.916246215943492,12.916246215943492,55.0,2.5
startup10,30.0,991,719,43,229,131,131,72.55297679112009,4.339051463168516,23.107971745711403,13.218970736629666,13.218970736629666,55.0,2.5
startup10,40.0,991,715,46,230,138,138,72.14934409687184,4.641775983854692,23.20887991927346,13.925327951564077,13.925327951564077,55.0,2.5
startup10,50.0,991,712,40,239,130,130,71.84661957618567,4.036326942482341,24.117053481331986,13.118062563067609,13.118062563067609,55.0,2.5
startup10,60.0,991,715,40,236,131,131,72.14934409687184,4.036326942482341,23.814328960645813,13.218970736629666,13.218970736629666,55.0,2.5
startup10,70.0,991,721,40,230,130,130,72.7547931382442,4.036326942482341,23.20887991927346,13.118062563067609,13.118062563067609,55.0,2.5
startup10,80.0,991,712,34,245,114,114,71.84661957618567,3.43087790110999,24.72250252270434,11.503531786074673,11.503531786074673,55.0,2.5
startup10,90.0,991,716,30,245,115,115,72.2502522704339,3.027245206861756,24.72250252270434,11.60443995963673,11.60443995963673,55.0,2.5
startup10,100.0,991,719,39,233,123,123,72.55297679112009,3.9354187689202824,23.511604439959637,12.411705348133198,12.411705348133198,55.0,2.5
startup10,110.0,991,735,35,221,126,126,74.16750756811302,3.5317860746720484,22.300706357214935,12.714429868819375,12.714429868819375,55.0,2.5
startup10,120.0,991,711,40,240,128,128,71.74571140262361,4.036326942482341,24.217961654894047,12.916246215943492,12.916246215943492,55.0,2.5
startup10,130.0,991,714,40,237,129,129,72.04843592330978,4.036326942482341,23.91523713420787,13.01715438950555,13.01715438950555,55.0,2.5
startup10,140.0,991,711,37,243,125,125,71.74571140262361,3.7336024217961654,24.520686175580224,12.613521695257315,12.613521695257315,55.0,2.5
startup10,0.0,991,649,42,300,120,120,65.48940464177598,4.238143289606458,30.272452068617557,12.108980827447024,12.108980827447024,55.0,3.0
startup10,10.0,991,638,45,308,131,131,64.37941473259335,4.540867810292633,31.079717457114025,13.218970736629666,13.218970736629666,55.0,3.0
startup10,20.0,991,646,41,304,131,131,65.18668012108981,4.137235116044399,30.67608476286579,13.218970736629666,13.218970736629666,55.0,3.0
startup10,30.0,991,637,48,306,132,132,64.27850655903129,4.843592330978809,30.87790110998991,13.319878910191726,13.319878910191726,55.0,3.0
startup10,40.0,991,626,57,308,139,139,63.16851664984864,5.751765893037336,31.079717457114025,14.026236125126136,14.026236125126136,55.0,3.0
startup10,50.0,991,638,44,309,128,128,64.37941473259335,4.439959636730575,31.180625630676087,12.916246215943492,12.916246215943492,55.0,3.0
startup10,60.0,991,632,49,310,130,130,63.77396569122099,4.944500504540867,31.281533804238144,13.118062563067609,13.118062563067609,55.0,3.0
startup10,70.0,991,630,58,303,134,134,63.57214934409687,5.852674066599395,30.575176589303734,13.521695257315843,13.521695257315843,55.0,3.0
startup10,80.0,991,637,57,297,134,134,64.27850655903129,5.751765893037336,29.96972754793138,13.521695257315843,13.521695257315843,55.0,3.0
startup10,90.0,991,633,56,302,136,136,63.87487386478305,5.650857719475278,30.474268415741676,13.72351160443996,13.72351160443996,55.0,3.0
startup10,100.0,991,636,55,300,133,133,64.17759838546922,5.549949545913219,30.272452068617557,13.420787083753783,13.420787083753783,55.0,3.0
startup10,110.0,991,623,55,313,133,133,62.865792129162465,5.549949545913219,31.58425832492432,13.420787083753783,13.420787083753783,55.0,3.0
startup10,120.0,991,623,46,322,125,125,62.865792129162465,4.641775983854692,32.49243188698284,12.613521695257315,12.613521695257315,55.0,3.0
startup10,130.0,991,635,40,316,116,116,64.07669021190716,4.036326942482341,31.886982845610493,11.70534813319879,11.70534813319879,55.0,3.0
startup10,140.0,991,637,44,310,108,108,64.27850655903129,4.439959636730575,31.281533804238144,10.898082744702322,10.898082744702322,55.0,3.0
startup10,150.0,991,639,46,306,125,125,64.4803229061554,4.641775983854692,30.87790110998991,12.613521695257315,12.613521695257315,55.0,3.0
startup10,160.0,991,655,39,297,118,118,66.09485368314833,3.9354187689202824,29.96972754793138,11.907164480322907,11.907164480322907,55.0,3.0
startup10,170.0,991,652,40,299,118,118,65.79212916246216,4.036326942482341,30.1715438950555,11.907164480322907,11.907164480322907,55.0,3.0
startup10,0.0,991,432,70,489,135,135,43.59233097880929,7.063572149344097,49.34409687184662,13.6226034308779,13.6226034308779,55.0,5.0
startup10,10.0,991,444,64,483,130,130,44.803229061553985,6.458123107971746,48.73864783047427,13.118062563067609,13.118062563067609,55.0,5.0
startup10,20.0,991,444,68,479,125,125,44.803229061553985,6.86175580221998,48.33501513622603,12.613521695257315,12.613521695257315,55.0,5.0
startup10,30.0,991,458,82,451,141,141,46.215943491422806,8.274470232088799,45.5095862764884,14.228052472250253,14.228052472250253,55.0,5.0
startup10,40.0,991,457,77,457,144,144,46.115035317860745,7.769929364278506,46.115035317860745,14.530776992936428,14.530776992936428,55.0,5.0
startup10,50.0,991,452,78,461,130,130,45.61049445005045,7.870837537840565,46.51866801210898,13.118062563067609,13.118062563067609,55.0,5.0
startup10,60.0,991,454,73,464,129,129,45.81231079717457,7.366296670030272,46.82139253279516,13.01715438950555,13.01715438950555,55.0,5.0
startup10,70.0,991,449,74,468,130,130,45.30776992936428,7.467204843592331,47.22502522704339,13.118062563067609,13.118062563067609,55.0,5.0
startup10,80.0,991,444,72,475,116,116,44.803229061553985,7.265388496468214,47.9313824419778,11.70534813319879,11.70534813319879,55.0,5.0
startup10,90.0,991,440,68,483,116,116,44.399596367305755,6.86175580221998,48.73864783047427,11.70534813319879,11.70534813319879,55.0,5.0
startup10,100.0,991,445,72,474,120,120,44.904137235116046,7.265388496468214,47.83047426841574,12.108980827447024,12.108980827447024,55.0,5.0
startup10,110.0,991,450,71,470,123,123,45.40867810292634,7.164480322906155,47.426841574167504,12.411705348133198,12.411705348133198,55.0,5.0
startup10,120.0,991,432,70,489,121,121,43.59233097880929,7.063572149344097,49.34409687184662,12.209889001009081,12.209889001009081,55.0,5.0
startup10,130.0,991,431,75,485,125,125,43.491422805247225,7.568113017154389,48.940464177598386,12.613521695257315,12.613521695257315,55.0,5.0
startup10,140.0,991,435,79,477,131,131,43.895055499495456,7.971745711402623,48.13319878910192,13.218970736629666,13.218970736629666,55.0,5.0
startup10,150.0,991,425,81,485,131,131,42.88597376387487,8.173562058526741,48.940464177598386,13.218970736629666,13.218970736629666,55.0,5.0
startup10,160.0,991,413,68,510,111,111,41.675075681130174,6.86175580221998,51.46316851664985,11.200807265388496,11.200807265388496,55.0,5.0
startup10,170.0,991,419,76,496,128,128,42.28052472250252,7.669021190716448,50.05045408678103,12.916246215943492,12.916246215943492,55.0,5.0
startup10,180.0,991,414,78,499,131,131,41.77598385469223,7.870837537840565,50.35317860746721,13.218970736629666,13.218970736629666,55.0,5.0
startup10,190.0,991,421,82,488,131,131,42.48234106962664,8.274470232088799,49.24318869828456,13.218970736629666,13.218970736629666,55.0,5.0
startup10,200.0,991,428,69,494,122,122,43.18869828456105,6.962663975782038,49.848637739656915,12.31079717457114,12.31079717457114,55.0,5.0
startup10,210.0,991,421,66,504,116,116,42.48234106962664,6.659939455095863,50.8577194752775,11.70534813319879,11.70534813319879,55.0,5.0
startup10,220.0,991,428,70,493,120,120,43.18869828456105,7.063572149344097,49.747729566094854,12.108980827447024,12.108980827447024,55.0,5.0
startup10,230.0,991,421,60,510,104,104,42.48234106962664,6.054490413723512,51.46316851664985,10.494450050454088,10.494450050454088,55.0,5.0
startup10,240.0,991,424,61,506,105,105,42.78506559031282,6.15539858728557,51.059535822401614,10.595358224016145,10.595358224016145,55.0,5.0
startup10,250.0,991,421,64,506,116,116,42.48234106962664,6.458123107971746,51.059535822401614,11.70534813319879,11.70534813319879,55.0,5.0
startup10,260.0,991,438,68,485,124,124,44.19778002018163,6.86175580221998,48.940464177598386,12.512613521695258,12.512613521695258,55.0,5.0
startup10,270.0,991,430,70,491,135,135,43.390514631685164,7.063572149344097,49.54591321897074,13.6226034308779,13.6226034308779,55.0,5.0
startup10,280.0,991,437,65,489,134,134,44.09687184661958,6.559031281533804,49.34409687184662,13.521695257315843,13.521695257315843,55.0,5.0
startup10,290.0,991,432,63,496,127,127,43.59233097880929,6.357214934409687,50.05045408678103,12.815338042381432,12.815338042381432,55.0,5.0
startup10,0.0,991,223,91,677,117,117,22.50252270433905,9.182643794147326,68.31483350151362,11.806256306760847,11.806256306760847,55.0,10.0
startup10,10.0,991,232,88,671,112,112,23.41069626639758,8.87991927346115,67.70938446014127,11.301715438950556,11.301715438950556,55.0,10.0
startup10,20.0,991,238,90,663,115,115,24.01614530776993,9.081735620585267,66.9021190716448,11.60443995963673,11.60443995963673,55.0,10.0
startup10,30.0,991,238,92,661,119,119,24.01614530776993,9.283551967709384,66.70030272452068,12.008072653884964,12.008072653884964,55.0,10.0
startup10,40.0,991,242,100,649,130,130,24.419778002018163,10.090817356205852,65.48940464177598,13.118062563067609,13.118062563067609,55.0,10.0
startup10,50.0,991,240,90,661,113,113,24.217961654894047,9.081735620585267,66.70030272452068,11.402623612512613,11.402623612512613,55.0,10.0
startup10,60.0,991,251,94,646,117,117,25.32795156407669,9.4853683148335,65.18668012108981,11.806256306760847,11.806256306760847,55.0,10.0
startup10,70.0,991,247,94,650,115,115,24.924318869828458,9.4853683148335,65.59031281533804,11.60443995963673,11.60443995963673,55.0,10.0
startup10,80.0,991,248,86,657,103,103,25.025227043390515,8.678102926337033,66.29667003027245,10.393541876892028,10.393541876892028,55.0,10.0
startup10,90.0,991,245,80,666,98,98,24.72250252270434,8.072653884964682,67.20484359233097,9.889001009081735,9.889001009081735,55.0,10.0
startup10,100.0,991,245,77,669,98,98,24.72250252270434,7.769929364278506,67.50756811301716,9.889001009081735,9.889001009081735,55.0,10.0
startup10,110.0,991,249,78,664,100,100,25.126135216952573,7.870837537840565,67.00302724520687,10.090817356205852,10.090817356205852,55.0,10.0
startup10,120.0,991,235,71,685,94,94,23.713420787083752,7.164480322906155,69.1220988900101,9.4853683148335,9.4853683148335,55.0,10.0
startup10,130.0,991,242,76,673,101,101,24.419778002018163,7.669021190716448,67.91120080726539,10.191725529767911,10.191725529767911,55.0,10.0
startup10,140.0,991,245,84,662,106,106,24.72250252270434,8.476286579212916,66.80121089808274,10.696266397578205,10.696266397578205,55.0,10.0
startup10,150.0,991,237,78,676,102,102,23.91523713420787,7.870837537840565,68.21392532795156,10.292633703329969,10.292633703329969,55.0,10.0
startup10,160.0,991,232,70,689,91,91,23.41069626639758,7.063572149344097,69.52573158425832,9.182643794147326,9.182643794147326,55.0,10.0
startup10,170.0,991,236,74,681,100,100,23.814328960645813,7.467204843592331,68.71846619576186,10.090817356205852,10.090817356205852,55.0,10.0
startup10,180.0,991,237,86,668,106,106,23.91523713420787,8.678102926337033,67.4066599394551,10.696266397578205,10.696266397578205,55.0,10.0
startup10,190.0,991,243,92,656,109,109,24.520686175580224,9.283551967709384,66.19576185671039,10.99899091826438,10.99899091826438,55.0,10.0
startup10,200.0,991,247,85,659,110,110,24.924318869828458,8.577194752774975,66.49848637739657,11.099899091826439,11.099899091826439,55.0,10.0
startup10,210.0,991,241,81,669,107,107,24.318869828456105,8.173562058526741,67.50756811301716,10.797174571140262,10.797174571140262,55.0,10.0
startup10,220.0,991,249,89,653,121,121,25.126135216952573,8.98082744702321,65.89303733602422,12.209889001009081,12.209889001009081,55.0,10.0
startup10,230.0,991,248,76,667,105,105,25.025227043390515,7.669021190716448,67.30575176589304,10.595358224016145,10.595358224016145,55.0,10.0
startup10,240.0,991,251,72,668,97,97,25.32795156407669,7.265388496468214,67.4066599394551,9.788092835519677,9.788092835519677,55.0,10.0
startup10,250.0,991,246,77,668,103,103,24.823410696266397,7.769929364278506,67.4066599394551,10.393541876892028,10.393541876892028,55.0,10.0
startup10,260.0,991,258,80,653,107,107,26.0343087790111,8.072653884964682,65.89303733602422,10.797174571140262,10.797174571140262,55.0,10.0
startup10,270.0,991,247,86,658,111,111,24.924318869828458,8.678102926337033,66.39757820383451,11.200807265388496,11.200807265388496,55.0,10.0
startup10,280.0,991,249,82,660,111,111,25.126135216952573,8.274470232088799,66.59939455095862,11.200807265388496,11.200807265388496,55.0,10.0
startup10,290.0,991,248,79,664,106,106,25.025227043390515,7.971745711402623,67.00302724520687,10.696266397578205,10.696266397578205,55.0,10.0
startup10,300.0,991,247,85,659,116,116,24.924318869828458,8.577194752774975,66.49848637739657,11.70534813319879,11.70534813319879,55.0,10.0
startup10,310.0,991,248,84,659,114,114,25.025227043390515,8.476286579212916,66.49848637739657,11.503531786074673,11.503531786074673,55.0,10.0
startup10,320.0,991,242,79,670,104,104,24.419778002018163,7.971745711402623,67.60847628657922,10.494450050454088,10.494450050454088,55.0,10.0
startup10,330.0,991,261,87,643,115,115,26.337033299697275,8.779011099899092,64.88395560040364,11.60443995963673,11.60443995963673,55.0,10.0
startup10,340.0,991,258,77,656,109,109,26.0343087790111,7.769929364278506,66.19576185671039,10.99899091826438,10.99899091826438,55.0,10.0
startup10,350.0,991,253,84,654,113,113,25.529767911200807,8.476286579212916,65.99394550958628,11.402623612512613,11.402623612512613,55.0,10.0
startup10,360.0,991,241,76,674,101,101,24.318869828456105,7.669021190716448,68.01210898082745,10.191725529767911,10.191725529767911,55.0,10.0
startup10,370.0,991,238,73,680,99,99,24.01614530776993,7.366296670030272,68.6175580221998,9.989909182643794,9.989909182643794,55.0,10.0
startup10,380.0,991,234,74,683,97,97,23.612512613521695,7.467204843592331,68.92028254288597,9.788092835519677,9.788092835519677,55.0,10.0
startup10,390.0,991,234,67,690,90,90,23.612512613521695,6.760847628657921,69.62663975782039,9.081735620585267,9.081735620585267,55.0,10.0
startup10,400.0,991,234,76,681,98,98,23.612512613521695,7.669021190716448,68.71846619576186,9.889001009081735,9.889001009081735,55.0,10.0
startup10,410.0,991,239,80,672,103,103,24.117053481331986,8.072653884964682,67.81029263370333,10.393541876892028,10.393541876892028,55.0,10.0
startup10,420.0,991,235,80,676,103,103,23.713420787083752,8.072653884964682,68.21392532795156,10.393541876892028,10.393541876892028,55.0,10.0
startup10,430.0,991,232,79,680,100,100,23.41069626639758,7.971745711402623,68.6175580221998,10.090817356205852,10.090817356205852,55.0,10.0
startup10,440.0,991,233,82,676,102,102,23.511604439959637,8.274470232088799,68.21392532795156,10.292633703329969,10.292633703329969,55.0,10.0
startup10,450.0,991,230,87,674,105,105,23.20887991927346,8.779011099899092,68.01210898082745,10.595358224016145,10.595358224016145,55.0,10.0
startup10,460.0,991,221,78,692,97,97,22.300706357214935,7.870837537840565,69.82845610494451,9.788092835519677,9.788092835519677,55.0,10.0
startup10,470.0,991,222,87,682,110,110,22.401614530776992,8.779011099899092,68.81937436932391,11.099899091826439,11.099899091826439,55.0,10.0
startup10,480.0,991,214,85,692,108,108,21.594349142280524,8.577194752774975,69.82845610494451,10.898082744702322,10.898082744702322,55.0,10.0
startup10,490.0,991,211,81,699,99,99,21.291624621594348,8.173562058526741,70.53481331987891,9.989909182643794,9.989909182643794,55.0,10.0
startup10,500.0,991,216,81,694,99,99,21.796165489404643,8.173562058526741,70.03027245206862,9.989909182643794,9.989909182643794,55.0,10.0
startup10,510.0,991,216,73,702,95,95,21.796165489404643,7.366296670030272,70.83753784056509,9.58627648839556,9.58627648839556,55.0,10.0
startup10,520.0,991,217,74,700,94,94,21.8970736629667,7.467204843592331,70.63572149344097,9.4853683148335,9.4853683148335,55.0,10.0
startup10,530.0,991,214,71,706,91,91,21.594349142280524,7.164480322906155,71.24117053481332,9.182643794147326,9.182643794147326,55.0,10.0
startup10,540.0,991,214,81,696,103,103,21.594349142280524,8.173562058526741,70.23208879919274,10.393541876892028,10.393541876892028,55.0,10.0
startup10,550.0,991,209,85,697,106,106,21.089808274470233,8.577194752774975,70.3329969727548,10.696266397578205,10.696266397578205,55.0,10.0
startup10,560.0,991,215,84,692,106,106,21.695257315842582,8.476286579212916,69.82845610494451,10.696266397578205,10.696266397578205,55.0,10.0
startup10,570.0,991,219,86,686,110,110,22.098890010090816,8.678102926337033,69.22300706357215,11.099899091826439,11.099899091826439,55.0,10.0
startup10,580.0,991,224,86,681,113,113,22.60343087790111,8.678102926337033,68.71846619576186,11.402623612512613,11.402623612512613,55.0,10.0
startup10,590.0,991,219,83,689,111,111,22.098890010090816,8.375378405650858,69.52573158425832,11.200807265388496,11.200807265388496,55.0,10.0
startup10,0.0,3235,3235,0,0,424,424,100.0,0.0,0.0,13.106646058732611,13.106646058732611,60.0,1.0
startup10,10.0,3235,3235,0,0,437,437,100.0,0.0,0.0,13.508500772797527,13.508500772797527,60.0,1.0
startup10,20.0,3235,3235,0,0,416,416,100.0,0.0,0.0,12.85935085007728,12.85935085007728,60.0,1.0
startup10,30.0,3235,3235,0,0,441,441,100.0,0.0,0.0,13.632148377125192,13.632148377125192,60.0,1.0
startup10,40.0,3235,3235,0,0,429,429,100.0,0.0,0.0,13.261205564142195,13.261205564142195,60.0,1.0
startup10,50.0,3235,3235,0,0,443,443,100.0,0.0,0.0,13.693972179289027,13.693972179289027,60.0,1.0
startup10,0.0,3235,2415,139,681,490,490,74.65224111282843,4.296754250386399,21.051004636785162,15.146831530139103,15.146831530139103,60.0,2.5
startup10,10.0,3235,2456,129,650,509,509,75.91962905718702,3.987635239567233,20.09273570324575,15.734157650695519,15.734157650695519,60.0,2.5
startup10,20.0,3235,2472,134,629,532,532,76.41421947449768,4.142194744976816,19.443585780525503,16.4451313755796,16.4451313755796,60.0,2.5
startup10,30.0,3235,2450,120,665,528,528,75.73415765069552,3.7094281298299845,20.556414219474497,16.32148377125193,16.32148377125193,60.0,2.5
startup10,40.0,3235,2441,118,676,533,533,75.45595054095827,3.6476043276661514,20.89644513137558,16.476043276661514,16.476043276661514,60.0,2.5
startup10,50.0,3235,2457,121,657,532,532,75.95054095826893,3.7403400309119013,20.309119010819167,16.4451313755796,16.4451313755796,60.0,2.5
startup10,60.0,3235,2476,115,644,514,514,76.53786707882534,3.554868624420402,19.90726429675425,15.8887171561051,15.8887171561051,60.0,2.5
startup10,70.0,3235,2488,130,617,534,534,76.90880989180835,4.01854714064915,19.072642967542503,16.506955177743432,16.506955177743432,60.0,2.5
startup10,80.0,3235,2482,111,642,514,514,76.72333848531684,3.4312210200927358,19.845440494590417,15.8887171561051,15.8887171561051,60.0,2.5
startup10,90.0,3235,2478,119,638,511,511,76.59969088098919,3.678516228748068,19.72179289026275,15.795981452859351,15.795981452859351,60.0,2.5
startup10,100.0,3235,2486,128,621,541,541,76.84698608964452,3.956723338485317,19.19629057187017,16.723338485316848,16.723338485316848,60.0,2.5
startup10,110.0,3235,2482,114,639,506,506,76.72333848531684,3.523956723338485,19.75270479134467,15.641421947449768,15.641421947449768,60.0,2.5
startup10,120.0,3235,2462,126,647,511,511,76.10510046367851,3.894899536321484,20.0,15.795981452859351,15.795981452859351,60.0,2.5
startup10,130.0,3235,2432,116,687,498,498,75.17774343122102,3.5857805255023183,21.23647604327666,15.394126738794435,15.394126738794435,60.0,2.5
startup10,140.0,3235,2430,118,687,491,491,75.11591962905719,3.6476043276661514,21.23647604327666,15.17774343122102,15.17774343122102,60.0,2.5
startup10,0.0,3235,2216,158,861,500,500,68.50077279752705,4.884080370942813,26.61514683153014,15.45595054095827,15.45595054095827,60.0,3.0
startup10,10.0,3235,2233,161,841,527,527,69.02627511591963,4.976816074188562,25.99690880989181,16.290571870170016,16.290571870170016,60.0,3.0
startup10,20.0,3235,2244,138,853,511,511,69.36630602782071,4.265842349304482,26.367851622874806,15.795981452859351,15.795981452859351,60.0,3.0
startup10,30.0,3235,2233,147,855,510,510,69.02627511591963,4.544049459041731,26.42967542503864,15.765069551777435,15.765069551777435,60.0,3.0
startup10,40.0,3235,2253,151,831,524,524,69.64451313755796,4.667697063369397,25.687789799072643,16.197836166924265,16.197836166924265,60.0,3.0
startup10,50.0,3235,2240,159,836,529,529,69.24265842349304,4.91499227202473,25.842349304482227,16.35239567233385,16.35239567233385,60.0,3.0
startup10,60.0,3235,2224,170,841,539,539,68.74806800618238,5.255023183925811,25.99690880989181,16.661514683153015,16.661514683153015,60.0,3.0
startup10,70.0,3235,2232,191,812,548,548,68.99536321483771,5.904173106646058,25.100463678516228,16.939721792890264,16.939721792890264,60.0,3.0
startup10,80.0,3235,2234,184,817,549,549,69.05718701700154,5.687789799072643,25.25502318392581,16.97063369397218,16.97063369397218,60.0,3.0
startup10,90.0,3235,2221,180,834,527,527,68.65533230293663,5.564142194744977,25.780525502318394,16.290571870170016,16.290571870170016,60.0,3.0
startup10,100.0,3235,2221,167,847,514,514,68.65533230293663,5.162287480680062,26.182380216383308,15.8887171561051,15.8887171561051,60.0,3.0
startup10,110.0,3235,2216,174,845,507,507,68.50077279752705,5.378670788253477,26.120556414219475,15.672333848531684,15.672333848531684,60.0,3.0
startup10,120.0,3235,2206,173,856,490,490,68.19165378670789,5.347758887171561,26.460587326120557,15.146831530139103,15.146831530139103,60.0,3.0
startup10,130.0,3235,2203,172,860,506,506,68.09891808346214,5.316846986089645,26.584234930448222,15.641421947449768,15.641421947449768,60.0,3.0
startup10,140.0,3235,2217,164,854,498,498,68.53168469860897,5.069551777434312,26.398763523956724,15.394126738794435,15.394126738794435,60.0,3.0
startup10,150.0,3235,2230,165,840,518,518,68.93353941267388,5.1004636785162285,25.965996908809892,16.012364760432767,16.012364760432767,60.0,3.0
startup10,160.0,3235,2211,163,861,520,520,68.34621329211747,5.038639876352396,26.61514683153014,16.0741885625966,16.0741885625966,60.0,3.0
startup10,170.0,3235,2227,165,843,537,537,68.84080370942813,5.1004636785162285,26.058732612055643,16.59969088098918,16.59969088098918,60.0,3.0
startup10,0.0,3235,1538,271,1426,506,506,47.54250386398763,8.377125193199381,44.08037094281298,15.641421947449768,15.641421947449768,60.0,5.0
startup10,10.0,3235,1578,264,1393,506,506,48.778979907264294,8.160741885625965,43.06027820710974,15.641421947449768,15.641421947449768,60.0,5.0
startup10,20.0,3235,1568,260,1407,518,518,48.469860896445134,8.0370942812983,43.49304482225657,16.012364760432767,16.012364760432767,60.0,5.0
startup10,30.0,3235,1579,261,1395,523,523,48.809891808346215,8.068006182380216,43.12210200927357,16.16692426584235,16.16692426584235,60.0,5.0
startup10,40.0,3235,1591,273,1371,542,542,49.18083462132921,8.438948995363214,42.38021638330758,16.754250386398763,16.754250386398763,60.0,5.0
startup10,50.0,3235,1596,275,1364,548,548,49.33539412673879,8.500772797527048,42.16383307573416,16.939721792890264,16.939721792890264,60.0,5.0
startup10,60.0,3235,1616,262,1357,523,523,49.953632148377125,8.098918083462133,41.947449768160745,16.16692426584235,16.16692426584235,60.0,5.0
startup10,70.0,3235,1616,300,1319,555,555,49.953632148377125,9.273570324574962,40.77279752704791,17.15610510046368,17.15610510046368,60.0,5.0
startup10,80.0,3235,1604,274,1357,528,528,49.58268933539413,8.469860896445132,41.947449768160745,16.32148377125193,16.32148377125193,60.0,5.0
startup10,90.0,3235,1614,281,1340,542,542,49.891808346213296,8.686244204018546,41.42194744976816,16.754250386398763,16.754250386398763,60.0,5.0
startup10,100.0,3235,1606,284,1345,549,549,49.64451313755796,8.778979907264297,41.57650695517774,16.97063369397218,16.97063369397218,60.0,5.0
startup10,110.0,3235,1592,286,1357,549,549,49.211746522411126,8.84080370942813,41.947449768160745,16.97063369397218,16.97063369397218,60.0,5.0
startup10,120.0,3235,1568,260,1407,509,509,48.469860896445134,8.0370942812983,43.49304482225657,15.734157650695519,15.734157650695519,60.0,5.0
startup10,130.0,3235,1563,259,1413,503,503,48.31530139103555,8.006182380216384,43.678516228748066,15.548686244204019,15.548686244204019,60.0,5.0
startup10,140.0,3235,1568,260,1407,508,508,48.469860896445134,8.0370942812983,43.49304482225657,15.7032457496136,15.7032457496136,60.0,5.0
startup10,150.0,3235,1554,256,1425,490,490,48.0370942812983,7.913446676970634,44.04945904173107,15.146831530139103,15.146831530139103,60.0,5.0
startup10,160.0,3235,1570,254,1411,500,500,48.53168469860896,7.8516228748068,43.61669242658424,15.45595054095827,15.45595054095827,60.0,5.0
startup10,170.0,3235,1581,270,1384,519,519,48.871715610510044,8.346213292117465,42.78207109737249,16.043276661514682,16.043276661514682,60.0,5.0
startup10,180.0,3235,1557,270,1408,514,514,48.12982998454405,8.346213292117465,43.523956723338486,15.8887171561051,15.8887171561051,60.0,5.0
startup10,190.0,3235,1531,262,1442,492,492,47.32612055641422,8.098918083462133,44.574961360123645,15.208655332302937,15.208655332302937,60.0,5.0
startup10,200.0,3235,1553,262,1420,495,495,48.00618238021638,8.098918083462133,43.89489953632148,15.301391035548686,15.301391035548686,60.0,5.0
startup10,210.0,3235,1552,268,1415,507,507,47.975270479134466,8.284389489953632,43.7403400309119,15.672333848531684,15.672333848531684,60.0,5.0
startup10,220.0,3235,1560,252,1423,488,488,48.222565687789796,7.789799072642968,43.98763523956723,15.08500772797527,15.08500772797527,60.0,5.0
startup10,230.0,3235,1558,249,1428,492,492,48.16074188562597,7.697063369397218,44.14219474497681,15.208655332302937,15.208655332302937,60.0,5.0
startup10,240.0,3235,1551,254,1430,488,488,47.94435857805255,7.8516228748068,44.20401854714065,15.08500772797527,15.08500772797527,60.0,5.0
startup10,250.0,3235,1564,264,1407,502,502,48.34621329211747,8.160741885625965,43.49304482225657,15.517774343122102,15.517774343122102,60.0,5.0
startup10,260.0,3235,1577,256,1402,492,492,48.74806800618238,7.913446676970634,43.338485316846985,15.208655332302937,15.208655332302937,60.0,5.0
startup10,270.0,3235,1568,272,1395,506,506,48.469860896445134,8.408037094281298,43.12210200927357,15.641421947449768,15.641421947449768,60.0,5.0
startup10,280.0,3235,1548,256,1431,487,487,47.8516228748068,7.913446676970634,44.23493044822256,15.054095826893354,15.054095826893354,60.0,5.0
startup10,290.0,3235,1533,257,1445,488,488,47.38794435857805,7.94435857805255,44.667697063369395,15.08500772797527,15.08500772797527,60.0,5.0
startup10,0.0,3235,848,359,2028,495,495,26.213292117465222,11.097372488408038,62.689335394126736,15.301391035548686,15.301391035548686,60.0,10.0
startup10,10.0,3235,864,374,1997,508,508,26.707882534775887,11.561051004636786,61.73106646058733,15.7032457496136,15.7032457496136,60.0,10.0
startup10,20.0,3235,878,359,1998,490,490,27.14064914992272,11.097372488408038,61.76197836166924,15.146831530139103,15.146831530139103,60.0,10.0
startup10,30.0,3235,891,364,1980,502,502,27.542503863987637,11.25193199381762,61.205564142194746,15.517774343122102,15.517774343122102,60.0,10.0
startup10,40.0,3235,907,369,1959,498,498,28.037094281298298,11.406491499227203,60.5564142194745,15.394126738794435,15.394126738794435,60.0,10.0
startup10,50.0,3235,914,368,1953,500,500,28.253477588871714,11.375579598145286,60.370942812982996,15.45595054095827,15.45595054095827,60.0,10.0
startup10,60.0,3235,927,343,1965,471,471,28.655332302936632,10.602782071097373,60.741885625966,14.55950540958269,14.55950540958269,60.0,10.0
startup10,70.0,3235,925,356,1954,484,484,28.5935085007728,11.004636785162287,60.40185471406492,14.961360123647605,14.961360123647605,60.0,10.0
startup10,80.0,3235,925,345,1965,471,471,28.5935085007728,10.664605873261205,60.741885625966,14.55950540958269,14.55950540958269,60.0,10.0
startup10,90.0,3235,932,342,1961,472,472,28.80989180834621,10.571870170015456,60.618238021638334,14.590417310664606,14.590417310664606,60.0,10.0
startup10,100.0,3235,924,340,1971,469,469,28.56259659969088,10.510046367851622,60.92735703245749,14.497681607418857,14.497681607418857,60.0,10.0
startup10,110.0,3235,910,343,1982,477,477,28.12982998454405,10.602782071097373,61.267387944358575,14.744976816074189,14.744976816074189,60.0,10.0
startup10,120.0,3235,895,335,2005,455,455,27.666151468315302,10.35548686244204,61.97836166924266,14.064914992272024,14.064914992272024,60.0,10.0
startup10,130.0,3235,874,324,2037,443,443,27.017001545595054,10.015455950540959,62.96754250386399,13.693972179289027,13.693972179289027,60.0,10.0
startup10,140.0,3235,874,338,2023,456,456,27.017001545595054,10.44822256568779,62.53477588871716,14.09582689335394,14.09582689335394,60.0,10.0
startup10,150.0,3235,873,324,2038,435,435,26.986089644513136,10.015455950540959,62.9984544049459,13.446676970633694,13.446676970633694,60.0,10.0
startup10,160.0,3235,883,331,2021,448,448,27.295208655332303,10.231839258114373,62.47295208655332,13.848531684698608,13.848531684698608,60.0,10.0
startup10,170.0,3235,884,338,2013,466,466,27.32612055641422,10.44822256568779,62.22565687789799,14.404945904173106,14.404945904173106,60.0,10.0
startup10,180.0,3235,880,337,2018,451,451,27.202472952086552,10.417310664605873,62.38021638330758,13.94126738794436,13.94126738794436,60.0,10.0
startup10,190.0,3235,869,330,2036,451,451,26.86244204018547,10.200927357032457,62.936630602782074,13.94126738794436,13.94126738794436,60.0,10.0
startup10,200.0,3235,883,323,2029,445,445,27.295208655332303,9.984544049459041,62.72024729520866,13.75579598145286,13.75579598145286,60.0,10.0
startup10,210.0,3235,885,333,2017,459,459,27.357032457496135,10.293663060278208,62.349304482225655,14.188562596599692,14.188562596599692,60.0,10.0
startup10,220.0,3235,890,321,2024,444,444,27.51159196290572,9.922720247295208,62.56568778979907,13.724884080370943,13.724884080370943,60.0,10.0
startup10,230.0,3235,882,328,2025,449,449,27.264296754250385,10.139103554868624,62.596599690880986,13.879443585780525,13.879443585780525,60.0,10.0
startup10,240.0,3235,876,322,2037,438,438,27.078825347758887,9.953632148377125,62.96754250386399,13.539412673879443,13.539412673879443,60.0,10.0
startup10,250.0,3235,889,319,2027,436,436,27.4806800618238,9.860896445131376,62.65842349304482,13.47758887171561,13.47758887171561,60.0,10.0
startup10,260.0,3235,903,306,2026,426,426,27.913446676970633,9.45904173106646,62.62751159196291,13.168469860896446,13.168469860896446,60.0,10.0
startup10,270.0,3235,897,312,2026,436,436,27.727975270479135,9.64451313755796,62.62751159196291,13.47758887171561,13.47758887171561,60.0,10.0
startup10,280.0,3235,885,309,2041,423,423,27.357032457496135,9.55177743431221,63.091190108191654,13.075734157650695,13.075734157650695,60.0,10.0
startup10,290.0,3235,881,314,2040,431,431,27.23338485316847,9.706336939721792,63.06027820710974,13.323029366306027,13.323029366306027,60.0,10.0
startup10,300.0,3235,869,303,2063,413,413,26.86244204018547,9.36630602782071,63.77125193199382,12.76661514683153,12.76661514683153,60.0,10.0
startup10,310.0,3235,891,309,2035,422,422,27.542503863987637,9.55177743431221,62.90571870170015,13.044822256568779,13.044822256568779,60.0,10.0
startup10,320.0,3235,876,321,2038,434,434,27.078825347758887,9.922720247295208,62.9984544049459,13.415765069551778,13.415765069551778,60.0,10.0
startup10,330.0,3235,870,322,2043,434,434,26.89335394126739,9.953632148377125,63.15301391035549,13.415765069551778,13.415765069551778,60.0,10.0
startup10,340.0,3235,864,329,2042,452,452,26.707882534775887,10.17001545595054,63.12210200927357,13.972179289026275,13.972179289026275,60.0,10.0
startup10,350.0,3235,862,336,2037,453,453,26.646058732612055,10.386398763523957,62.96754250386399,14.003091190108192,14.003091190108192,60.0,10.0
startup10,360.0,3235,863,332,2040,442,442,26.676970633693973,10.262751159196291,63.06027820710974,13.66306027820711,13.66306027820711,60.0,10.0
startup10,370.0,3235,867,367,2001,482,482,26.800618238021638,11.34466769706337,61.854714064914994,14.89953632148377,14.89953632148377,60.0,10.0
startup10,380.0,3235,854,349,2032,458,458,26.398763523956724,10.788253477588873,62.8129829984544,14.157650695517775,14.157650695517775,60.0,10.0
startup10,390.0,3235,849,360,2026,475,475,26.24420401854714,11.128284389489954,62.62751159196291,14.683153013910356,14.683153013910356,60.0,10.0
startup10,400.0,3235,848,367,2020,476,476,26.213292117465222,11.34466769706337,62.442040185471406,14.714064914992273,14.714064914992273,60.0,10.0
startup10,410.0,3235,846,359,2030,469,469,26.15146831530139,11.097372488408038,62.75115919629057,14.497681607418857,14.497681607418857,60.0,10.0
startup10,420.0,3235,845,338,2052,445,445,26.120556414219475,10.44822256568779,63.431221020092735,13.75579598145286,13.75579598145286,60.0,10.0
startup10,430.0,3235,858,330,2047,436,436,26.52241112828439,10.200927357032457,63.276661514683155,13.47758887171561,13.47758887171561,60.0,10.0
startup10,440.0,3235,866,334,2035,441,441,26.769706336939723,10.324574961360124,62.90571870170015,13.632148377125192,13.632148377125192,60.0,10.0
startup10,450.0,3235,851,331,2053,440,440,26.306027820710973,10.231839258114373,63.46213292117465,13.601236476043276,13.601236476043276,60.0,10.0
startup10,460.0,3235,861,348,2026,457,457,26.61514683153014,10.757341576506954,62.62751159196291,14.126738794435857,14.126738794435857,60.0,10.0
startup10,470.0,3235,873,361,2001,480,480,26.986089644513136,11.15919629057187,61.854714064914994,14.837712519319938,14.837712519319938,60.0,10.0
startup10,480.0,3235,852,345,2038,459,459,26.33693972179289,10.664605873261205,62.9984544049459,14.188562596599692,14.188562596599692,60.0,10.0
startup10,490.0,3235,841,324,2070,436,436,25.99690880989181,10.015455950540959,63.98763523956723,13.47758887171561,13.47758887171561,60.0,10.0
startup10,500.0,3235,849,332,2054,448,448,26.24420401854714,10.262751159196291,63.49304482225657,13.848531684698608,13.848531684698608,60.0,10.0
startup10,510.0,3235,846,331,2058,449,449,26.15146831530139,10.231839258114373,63.61669242658424,13.879443585780525,13.879443585780525,60.0,10.0
startup10,520.0,3235,853,325,2057,446,446,26.367851622874806,10.046367851622875,63.585780525502315,13.786707882534776,13.786707882534776,60.0,10.0
startup10,530.0,3235,860,325,2050,454,454,26.584234930448222,10.046367851622875,63.3693972179289,14.034003091190108,14.034003091190108,60.0,10.0
startup10,540.0,3235,858,316,2061,446,446,26.52241112828439,9.768160741885627,63.70942812982999,13.786707882534776,13.786707882534776,60.0,10.0
startup10,550.0,3235,859,328,2048,461,461,26.553323029366307,10.139103554868624,63.30757341576507,14.250386398763524,14.250386398763524,60.0,10.0
startup10,560.0,3235,856,329,2050,458,458,26.460587326120557,10.17001545595054,63.3693972179289,14.157650695517775,14.157650695517775,60.0,10.0
startup10,570.0,3235,850,331,2054,462,462,26.27511591962906,10.231839258114373,63.49304482225657,14.28129829984544,14.28129829984544,60.0,10.0
startup10,580.0,3235,841,344,2050,472,472,25.99690880989181,10.63369397217929,63.3693972179289,14.590417310664606,14.590417310664606,60.0,10.0
startup10,590.0,3235,832,349,2054,476,476,25.71870170015456,10.788253477588873,63.49304482225657,14.714064914992273,14.714064914992273,60.0,10.0
startup10,0.0,8140,8140,0,0,1347,1347,100.0,0.0,0.0,16.547911547911546,16.547911547911546,65.0,1.0
startup10,10.0,8140,8140,0,0,1332,1332,100.0,0.0,0.0,16.363636363636363,16.363636363636363,65.0,1.0
startup10,20.0,8140,8140,0,0,1336,1336,100.0,0.0,0.0,16.412776412776413,16.412776412776413,65.0,1.0
startup10,30.0,8140,8140,0,0,1350,1350,100.0,0.0,0.0,16.584766584766584,16.584766584766584,65.0,1.0
startup10,40.0,8140,8140,0,0,1318,1318,100.0,0.0,0.0,16.191646191646193,16.191646191646193,65.0,1.0
startup10,50.0,8140,8140,0,0,1357,1357,100.0,0.0,0.0,16.67076167076167,16.67076167076167,65.0,1.0
startup10,0.0,8140,6610,348,1182,1728,1728,81.2039312039312,4.275184275184275,14.52088452088452,21.22850122850123,21.22850122850123,65.0,2.5
startup10,10.0,8140,6634,325,1181,1758,1758,81.4987714987715,3.9926289926289926,14.50859950859951,21.597051597051596,21.597051597051596,65.0,2.5
startup10,20.0,8140,6621,341,1178,1778,1778,81.33906633906633,4.1891891891891895,14.471744471744472,21.84275184275184,21.84275184275184,65.0,2.5
startup10,30.0,8140,6654,322,1164,1721,1721,81.74447174447174,3.9557739557739557,14.2997542997543,21.142506142506143,21.142506142506143,65.0,2.5
startup10,40.0,8140,6620,329,1191,1737,1737,81.32678132678133,4.041769041769042,14.631449631449632,21.33906633906634,21.33906633906634,65.0,2.5
startup10,50.0,8140,6602,344,1194,1757,1757,81.1056511056511,4.226044226044226,14.668304668304668,21.584766584766584,21.584766584766584,65.0,2.5
startup10,60.0,8140,6589,329,1222,1724,1724,80.94594594594595,4.041769041769042,15.012285012285012,21.17936117936118,21.17936117936118,65.0,2.5
startup10,70.0,8140,6591,326,1223,1661,1661,80.97051597051598,4.004914004914005,15.024570024570025,20.405405405405407,20.405405405405407,65.0,2.5
startup10,80.0,8140,6610,343,1187,1714,1714,81.2039312039312,4.2137592137592135,14.582309582309582,21.056511056511056,21.056511056511056,65.0,2.5
startup10,90.0,8140,6559,343,1238,1703,1703,80.57739557739558,4.2137592137592135,15.208845208845208,20.921375921375923,20.921375921375923,65.0,2.5
startup10,100.0,8140,6537,347,1256,1714,1714,80.3071253071253,4.262899262899263,15.42997542997543,21.056511056511056,21.056511056511056,65.0,2.5
startup10,110.0,8140,6565,329,1246,1685,1685,80.65110565110565,4.041769041769042,15.307125307125308,20.7002457002457,20.7002457002457,65.0,2.5
startup10,120.0,8140,6579,332,1229,1689,1689,80.82309582309583,4.078624078624078,15.098280098280098,20.74938574938575,20.74938574938575,65.0,2.5
startup10,130.0,8140,6614,329,1197,1712,1712,81.25307125307125,4.041769041769042,14.705159705159705,21.03194103194103,21.03194103194103,65.0,2.5
startup10,140.0,8140,6609,339,1192,1737,1737,81.19164619164619,4.164619164619165,14.643734643734645,21.33906633906634,21.33906633906634,65.0,2.5
startup10,0.0,8140,6041,458,1641,1696,1696,74.21375921375922,5.6265356265356266,20.159705159705158,20.835380835380835,20.835380835380835,65.0,3.0
startup10,10.0,8140,6074,454,1612,1717,1717,74.61916461916462,5.577395577395578,19.803439803439804,21.093366093366093,21.093366093366093,65.0,3.0
startup10,20.0,8140,6103,474,1563,1766,1766,74.97542997542998,5.823095823095823,19.201474201474202,21.695331695331696,21.695331695331696,65.0,3.0
startup10,30.0,8140,6103,435,1602,1763,1763,74.97542997542998,5.343980343980344,19.68058968058968,21.65847665847666,21.65847665847666,65.0,3.0
startup10,40.0,8140,6113,425,1602,1768,1768,75.0982800982801,5.221130221130221,19.68058968058968,21.71990171990172,21.71990171990172,65.0,3.0
startup10,50.0,8140,6139,425,1576,1805,1805,75.41769041769042,5.221130221130221,19.36117936117936,22.174447174447174,22.174447174447174,65.0,3.0
startup10,60.0,8140,6163,429,1548,1807,1807,75.71253071253071,5.27027027027027,19.01719901719902,22.1990171990172,22.1990171990172,65.0,3.0
startup10,70.0,8140,6159,436,1545,1779,1779,75.66339066339066,5.356265356265356,18.98034398034398,21.855036855036854,21.855036855036854,65.0,3.0
startup10,80.0,8140,6167,418,1555,1776,1776,75.76167076167076,5.135135135135135,19.103194103194102,21.818181818181817,21.818181818181817,65.0,3.0
startup10,90.0,8140,6162,445,1533,1783,1783,75.7002457002457,5.466830466830467,18.832923832923832,21.904176904176904,21.904176904176904,65.0,3.0
startup10,100.0,8140,6138,464,1538,1760,1760,75.4054054054054,5.7002457002457,18.894348894348894,21.62162162162162,21.62162162162162,65.0,3.0
startup10,110.0,8140,6128,490,1522,1752,1752,75.28255528255528,6.019656019656019,18.6977886977887,21.523341523341525,21.523341523341525,65.0,3.0
startup10,120.0,8140,6070,489,1581,1759,1759,74.57002457002457,6.007371007371007,19.422604422604422,21.60933660933661,21.60933660933661,65.0,3.0
startup10,130.0,8140,6093,492,1555,1774,1774,74.85257985257985,6.044226044226044,19.103194103194102,21.793611793611795,21.793611793611795,65.0,3.0
startup10,140.0,8140,6091,473,1576,1752,1752,74.82800982800983,5.8108108108108105,19.36117936117936,21.523341523341525,21.523341523341525,65.0,3.0
startup10,150.0,8140,6079,454,1607,1696,1696,74.68058968058968,5.577395577395578,19.742014742014742,20.835380835380835,20.835380835380835,65.0,3.0
startup10,160.0,8140,6042,451,1647,1696,1696,74.22604422604422,5.54054054054054,20.233415233415233,20.835380835380835,20.835380835380835,65.0,3.0
startup10,170.0,8140,6020,470,1650,1740,1740,73.95577395577395,5.773955773955774,20.27027027027027,21.375921375921376,21.375921375921376,65.0,3.0
startup10,0.0,8140,4595,802,2743,1820,1820,56.44963144963145,9.852579852579852,33.697788697788695,22.35872235872236,22.35872235872236,65.0,5.0
startup10,10.0,8140,4605,795,2740,1833,1833,56.57248157248157,9.766584766584767,33.66093366093366,22.51842751842752,22.51842751842752,65.0,5.0
startup10,20.0,8140,4587,814,2739,1812,1812,56.351351351351354,10.0,33.648648648648646,22.26044226044226,22.26044226044226,65.0,5.0
startup10,30.0,8140,4599,793,2748,1795,1795,56.4987714987715,9.742014742014742,33.75921375921376,22.051597051597053,22.051597051597053,65.0,5.0
startup10,40.0,8140,4572,808,2760,1789,1789,56.16707616707617,9.926289926289927,33.90663390663391,21.97788697788698,21.97788697788698,65.0,5.0
startup10,50.0,8140,4551,823,2766,1828,1828,55.90909090909091,10.11056511056511,33.98034398034398,22.457002457002456,22.457002457002456,65.0,5.0
startup10,60.0,8140,4560,799,2781,1796,1796,56.01965601965602,9.815724815724815,34.16461916461917,22.063882063882065,22.063882063882065,65.0,5.0
startup10,70.0,8140,4601,808,2731,1785,1785,56.52334152334152,9.926289926289927,33.55036855036855,21.92874692874693,21.92874692874693,65.0,5.0
startup10,80.0,8140,4615,806,2719,1803,1803,56.695331695331696,9.901719901719902,33.402948402948404,22.14987714987715,22.14987714987715,65.0,5.0
startup10,90.0,8140,4572,799,2769,1792,1792,56.16707616707617,9.815724815724815,34.01719901719902,22.014742014742016,22.014742014742016,65.0,5.0
startup10,100.0,8140,4560,795,2785,1794,1794,56.01965601965602,9.766584766584767,34.21375921375921,22.03931203931204,22.03931203931204,65.0,5.0
startup10,110.0,8140,4585,774,2781,1773,1773,56.32678132678133,9.50859950859951,34.16461916461917,21.781326781326783,21.781326781326783,65.0,5.0
startup10,120.0,8140,4572,783,2785,1793,1793,56.16707616707617,9.61916461916462,34.21375921375921,22.027027027027028,22.027027027027028,65.0,5.0
startup10,130.0,8140,4611,799,2730,1821,1821,56.646191646191646,9.815724815724815,33.53808353808354,22.37100737100737,22.37100737100737,65.0,5.0
startup10,140.0,8140,4625,791,2724,1789,1789,56.81818181818182,9.717444717444717,33.464373464373466,21.97788697788698,21.97788697788698,65.0,5.0
startup10,150.0,8140,4623,788,2729,1772,1772,56.793611793611795,9.68058968058968,33.52579852579853,21.76904176904177,21.76904176904177,65.0,5.0
startup10,160.0,8140,4631,786,2723,1766,1766,56.891891891891895,9.656019656019655,33.452088452088454,21.695331695331696,21.695331695331696,65.0,5.0
startup10,170.0,8140,4621,786,2733,1779,1779,56.76904176904177,9.656019656019655,33.57493857493858,21.855036855036854,21.855036855036854,65.0,5.0
startup10,180.0,8140,4639,777,2724,1747,1747,56.99017199017199,9.545454545454545,33.464373464373466,21.461916461916463,21.461916461916463,65.0,5.0
startup10,190.0,8140,4620,766,2754,1732,1732,56.75675675675676,9.41031941031941,33.83292383292383,21.277641277641276,21.277641277641276,65.0,5.0
startup10,200.0,8140,4626,780,2734,1758,1758,56.83046683046683,9.582309582309582,33.58722358722359,21.597051597051596,21.597051597051596,65.0,5.0
startup10,210.0,8140,4607,796,2737,1802,1802,56.597051597051596,9.77886977886978,33.62407862407862,22.137592137592137,22.137592137592137,65.0,5.0
startup10,220.0,8140,4581,747,2812,1731,1731,56.27764127764128,9.176904176904177,34.54545454545455,21.265356265356264,21.265356265356264,65.0,5.0
startup10,230.0,8140,4605,796,2739,1784,1784,56.57248157248157,9.77886977886978,33.648648648648646,21.916461916461916,21.916461916461916,65.0,5.0
startup10,240.0,8140,4586,800,2754,1770,1770,56.33906633906634,9.828009828009828,33.83292383292383,21.744471744471745,21.744471744471745,65.0,5.0
startup10,250.0,8140,4590,803,2747,1798,1798,56.38820638820639,9.864864864864865,33.746928746928745,22.088452088452087,22.088452088452087,65.0,5.0
startup10,260.0,8140,4601,796,2743,1799,1799,56.52334152334152,9.77886977886978,33.697788697788695,22.1007371007371,22.1007371007371,65.0,5.0
startup10,270.0,8140,4594,785,2761,1773,1773,56.437346437346434,9.643734643734645,33.91891891891892,21.781326781326783,21.781326781326783,65.0,5.0
startup10,280.0,8140,4606,782,2752,1793,1793,56.584766584766584,9.606879606879607,33.80835380835381,22.027027027027028,22.027027027027028,65.0,5.0
startup10,290.0,8140,4587,787,2766,1805,1805,56.351351351351354,9.668304668304668,33.98034398034398,22.174447174447174,22.174447174447174,65.0,5.0
startup10,0.0,8140,2704,1186,4250,1758,1758,33.21867321867322,14.57002457002457,52.21130221130221,21.597051597051596,21.597051597051596,65.0,10.0
startup10,10.0,8140,2710,1205,4225,1786,1786,33.29238329238329,14.803439803439803,51.90417690417691,21.94103194103194,21.94103194103194,65.0,10.0
startup10,20.0,8140,2702,1179,4259,1758,1758,33.19410319410319,14.484029484029485,52.32186732186732,21.597051597051596,21.597051597051596,65.0,10.0
startup10,30.0,8140,2724,1162,4254,1734,1734,33.464373464373466,14.275184275184275,52.26044226044226,21.3022113022113,21.3022113022113,65.0,10.0
startup10,40.0,8140,2729,1173,4238,1724,1724,33.52579852579853,14.41031941031941,52.06388206388206,21.17936117936118,21.17936117936118,65.0,10.0
startup10,50.0,8140,2729,1170,4241,1722,1722,33.52579852579853,14.373464373464374,52.1007371007371,21.154791154791155,21.154791154791155,65.0,10.0
startup10,60.0,8140,2735,1170,4235,1709,1709,33.5995085995086,14.373464373464374,52.027027027027025,20.995085995085994,20.995085995085994,65.0,10.0
startup10,70.0,8140,2745,1176,4219,1716,1716,33.72235872235872,14.447174447174447,51.83046683046683,21.08108108108108,21.08108108108108,65.0,10.0
startup10,80.0,8140,2773,1197,4170,1751,1751,34.06633906633907,14.705159705159705,51.22850122850123,21.511056511056513,21.511056511056513,65.0,10.0
startup10,90.0,8140,2752,1179,4209,1751,1751,33.80835380835381,14.484029484029485,51.70761670761671,21.511056511056513,21.511056511056513,65.0,10.0
startup10,100.0,8140,2746,1179,4215,1736,1736,33.73464373464373,14.484029484029485,51.78132678132678,21.326781326781326,21.326781326781326,65.0,10.0
startup10,110.0,8140,2740,1159,4241,1712,1712,33.66093366093366,14.238329238329237,52.1007371007371,21.03194103194103,21.03194103194103,65.0,10.0
startup10,120.0,8140,2748,1145,4247,1701,1701,33.75921375921376,14.066339066339067,52.174447174447174,20.896805896805898,20.896805896805898,65.0,10.0
startup10,130.0,8140,2763,1208,4169,1773,1773,33.943488943488944,14.84029484029484,51.21621621621622,21.781326781326783,21.781326781326783,65.0,10.0
startup10,140.0,8140,2760,1185,4195,1746,1746,33.90663390663391,14.557739557739557,51.535626535626534,21.44963144963145,21.44963144963145,65.0,10.0
startup10,150.0,8140,2765,1168,4207,1713,1713,33.96805896805897,14.34889434889435,51.68304668304668,21.044226044226043,21.044226044226043,65.0,10.0
startup10,160.0,8140,2760,1153,4227,1695,1695,33.90663390663391,14.164619164619165,51.92874692874693,20.823095823095823,20.823095823095823,65.0,10.0
startup10,170.0,8140,2747,1170,4223,1710,1710,33.746928746928745,14.373464373464374,51.87960687960688,21.007371007371006,21.007371007371006,65.0,10.0
startup10,180.0,8140,2737,1166,4237,1683,1683,33.62407862407862,14.324324324324325,52.05159705159705,20.675675675675677,20.675675675675677,65.0,10.0
startup10,190.0,8140,2718,1141,4281,1652,1652,33.39066339066339,14.017199017199017,52.59213759213759,20.294840294840295,20.294840294840295,65.0,10.0
startup10,200.0,8140,2705,1136,4299,1655,1655,33.23095823095823,13.955773955773957,52.813267813267814,20.331695331695332,20.331695331695332,65.0,10.0
startup10,210.0,8140,2699,1165,4276,1696,1696,33.157248157248155,14.312039312039312,52.53071253071253,20.835380835380835,20.835380835380835,65.0,10.0
startup10,220.0,8140,2669,1117,4354,1619,1619,32.78869778869779,13.722358722358722,53.48894348894349,19.889434889434888,19.889434889434888,65.0,10.0
startup10,230.0,8140,2682,1146,4312,1646,1646,32.94840294840295,14.07862407862408,52.972972972972975,20.22113022113022,20.22113022113022,65.0,10.0
startup10,240.0,8140,2698,1165,4277,1687,1687,33.14496314496314,14.312039312039312,52.54299754299754,20.724815724815723,20.724815724815723,65.0,10.0
startup10,250.0,8140,2694,1122,4324,1646,1646,33.09582309582309,13.783783783783784,53.12039312039312,20.22113022113022,20.22113022113022,65.0,10.0
startup10,260.0,8140,2698,1114,4328,1651,1651,33.14496314496314,13.685503685503685,53.16953316953317,20.282555282555283,20.282555282555283,65.0,10.0
startup10,270.0,8140,2693,1115,4332,1652,1652,33.08353808353808,13.697788697788697,53.21867321867322,20.294840294840295,20.294840294840295,65.0,10.0
startup10,280.0,8140,2716,1125,4299,1671,1671,33.36609336609337,13.82063882063882,52.813267813267814,20.528255528255528,20.528255528255528,65.0,10.0
startup10,290.0,8140,2709,1118,4313,1658,1658,33.28009828009828,13.734643734643734,52.98525798525799,20.36855036855037,20.36855036855037,65.0,10.0
startup10,300.0,8140,2723,1129,4288,1682,1682,33.452088452088454,13.86977886977887,52.67813267813268,20.663390663390665,20.663390663390665,65.0,10.0
startup10,310.0,8140,2724,1118,4298,1665,1665,33.464373464373466,13.734643734643734,52.8009828009828,20.454545454545453,20.454545454545453,65.0,10.0
startup10,320.0,8140,2709,1121,4310,1657,1657,33.28009828009828,13.771498771498772,52.94840294840295,20.356265356265357,20.356265356265357,65.0,10.0
startup10,330.0,8140,2711,1134,4295,1673,1673,33.304668304668304,13.931203931203932,52.764127764127764,20.552825552825553,20.552825552825553,65.0,10.0
startup10,340.0,8140,2687,1129,4324,1682,1682,33.00982800982801,13.86977886977887,53.12039312039312,20.663390663390665,20.663390663390665,65.0,10.0
startup10,350.0,8140,2674,1135,4331,1684,1684,32.85012285012285,13.943488943488944,53.206388206388205,20.68796068796069,20.68796068796069,65.0,10.0
startup10,360.0,8140,2680,1131,4329,1692,1692,32.923832923832926,13.894348894348894,53.18181818181818,20.786240786240786,20.786240786240786,65.0,10.0
startup10,370.0,8140,2711,1108,4321,1659,1659,33.304668304668304,13.611793611793612,53.08353808353808,20.380835380835382,20.380835380835382,65.0,10.0
startup10,380.0,8140,2706,1113,4321,1671,1671,33.24324324324324,13.673218673218674,53.08353808353808,20.528255528255528,20.528255528255528,65.0,10.0
startup10,390.0,8140,2688,1106,4346,1659,1659,33.022113022113025,13.587223587223587,53.39066339066339,20.380835380835382,20.380835380835382,65.0,10.0
startup10,400.0,8140,2659,1126,4355,1661,1661,32.665847665847664,13.832923832923832,53.5012285012285,20.405405405405407,20.405405405405407,65.0,10.0
startup10,410.0,8140,2690,1108,4342,1637,1637,33.04668304668305,13.611793611793612,53.34152334152334,20.110565110565112,20.110565110565112,65.0,10.0
startup10,420.0,8140,2690,1127,4323,1661,1661,33.04668304668305,13.845208845208845,53.108108108108105,20.405405405405407,20.405405405405407,65.0,10.0
startup10,430.0,8140,2698,1126,4316,1670,1670,33.14496314496314,13.832923832923832,53.022113022113025,20.515970515970515,20.515970515970515,65.0,10.0
startup10,440.0,8140,2718,1129,4293,1668,1668,33.39066339066339,13.86977886977887,52.73955773955774,20.49140049140049,20.49140049140049,65.0,10.0
startup10,450.0,8140,2721,1121,4298,1655,1655,33.42751842751843,13.771498771498772,52.8009828009828,20.331695331695332,20.331695331695332,65.0,10.0
startup10,460.0,8140,2746,1152,4242,1707,1707,33.73464373464373,14.152334152334152,52.11302211302211,20.970515970515972,20.970515970515972,65.0,10.0
startup10,470.0,8140,2737,1174,4229,1727,1727,33.62407862407862,14.422604422604422,51.95331695331695,21.216216216216218,21.216216216216218,65.0,10.0
startup10,480.0,8140,2764,1136,4240,1704,1704,33.95577395577396,13.955773955773957,52.08845208845209,20.933660933660935,20.933660933660935,65.0,10.0
startup10,490.0,8140,2754,1112,4274,1679,1679,33.83292383292383,13.660933660933662,52.5061425061425,20.626535626535627,20.626535626535627,65.0,10.0
startup10,500.0,8140,2777,1130,4233,1718,1718,34.11547911547912,13.882063882063882,52.002457002457,21.105651105651106,21.105651105651106,65.0,10.0
startup10,510.0,8140,2756,1124,4260,1707,1707,33.85749385749386,13.808353808353809,52.334152334152336,20.970515970515972,20.970515970515972,65.0,10.0
startup10,520.0,8140,2759,1101,4280,1688,1688,33.894348894348894,13.525798525798526,52.57985257985258,20.737100737100736,20.737100737100736,65.0,10.0
startup10,530.0,8140,2764,1149,4227,1747,1747,33.95577395577396,14.115479115479115,51.92874692874693,21.461916461916463,21.461916461916463,65.0,10.0
startup10,540.0,8140,2738,1102,4300,1688,1688,33.63636363636363,13.538083538083539,52.825552825552826,20.737100737100736,20.737100737100736,65.0,10.0
startup10,550.0,8140,2745,1148,4247,1738,1738,33.72235872235872,14.103194103194102,52.174447174447174,21.35135135135135,21.35135135135135,65.0,10.0
startup10,560.0,8140,2750,1157,4233,1746,1746,33.78378378378378,14.213759213759214,52.002457002457,21.44963144963145,21.44963144963145,65.0,10.0
startup10,570.0,8140,2742,1135,4263,1736,1736,33.68550368550368,13.943488943488944,52.37100737100737,21.326781326781326,21.326781326781326,65.0,10.0
startup10,580.0,8140,2730,1152,4258,1743,1743,33.53808353808354,14.152334152334152,52.30958230958231,21.412776412776413,21.412776412776413,65.0,10.0
startup10,590.0,8140,2711,1198,4231,1767,1767,33.304668304668304,14.717444717444717,51.977886977886975,21.707616707616708,21.707616707616708,65.0,10.0
