policy,offset_sec,true_auc,display_auc,hidden_auc,overdisplay_auc,normotensive_display_discordance_min,hypotensive_display_discordance_min,anesthesia_hours,Hidden deficit percent,Overdisplay deficit percent,Net AUC bias percent,Absolute discordance min per hour,threshold,interval_min
original,0.0,65826.83333333333,63081.08333333333,32142.916666666664,29397.166666666664,1864.3333333333333,2280.333333333333,9656.147222222222,48.829504685272724,44.658333354432465,-4.17117133084026,0.42922571200326326,55.0,1.0
original,10.0,65826.83333333333,62249.75,32465.916666666664,28888.833333333332,1884.3333333333333,2199.333333333333,9656.147222222222,49.320186043685325,43.88610521038786,-5.4340808332974575,0.4229084926614105,55.0,1.0
original,20.0,65826.83333333333,63400.33333333333,32130.5,29704.0,1849.6666666666665,2208.1666666666665,9656.147222222222,48.8106420633936,45.124455325968896,-3.686186737424708,0.42023316753029805,55.0,1.0
original,30.0,65826.83333333333,63251.416666666664,32412.666666666664,29837.25,1848.3333333333333,2226.6666666666665,9656.147222222222,49.23929198072721,45.32688037553075,-3.9124116051964593,0.4220109642303277,55.0,1.0
original,40.0,65826.83333333333,61971.416666666664,32727.333333333332,28871.916666666664,1863.0,2228.6666666666665,9656.147222222222,49.71731386136859,43.86040647051228,-5.856907390856309,0.42373698044394864,55.0,1.0
original,50.0,65826.83333333333,61388.58333333333,32702.749999999996,28264.5,1865.0,2185.833333333333,9656.147222222222,49.679968401943476,42.937657135767836,-6.742311266175649,0.41950824072057724,55.0,1.0
original,0.0,65826.83333333333,63671.25,44558.416666666664,42402.83333333333,2743.6666666666665,3506.0,9656.147222222222,67.690354237507,64.41572712242474,-3.2746271150822417,0.6472215597835921,55.0,2.5
original,10.0,65826.83333333333,64426.416666666664,44616.08333333333,43215.666666666664,2753.5,3543.333333333333,9656.147222222222,67.77795782368386,65.65053258422984,-2.1274252394540185,0.6521061856681394,55.0,2.5
original,20.0,65826.83333333333,62892.25,45052.5,42117.916666666664,2721.833333333333,3377.6666666666665,9656.147222222222,68.44093467456281,63.98289957742663,-4.4580350971361655,0.6316701536988671,55.0,2.5
original,30.0,65826.83333333333,63089.666666666664,45364.25,42627.08333333333,2654.833333333333,3523.6666666666665,9656.147222222222,68.91452573798426,64.75639366924835,-4.158132068735896,0.6398514705514305,55.0,2.5
original,40.0,65826.83333333333,61361.916666666664,44677.416666666664,40212.5,2673.833333333333,3318.333333333333,9656.147222222222,67.87113158008006,61.0883099850365,-6.782821595043558,0.620554609283148,55.0,2.5
original,50.0,65826.83333333333,59909.583333333336,44852.75,38935.5,2696.6666666666665,3290.333333333333,9656.147222222222,68.1374869923866,59.148371611374294,-8.989115381012292,0.6200195442569256,55.0,2.5
original,60.0,65826.83333333333,60319.0,44774.416666666664,39266.58333333333,2713.333333333333,3239.6666666666665,9656.147222222222,68.0184879013371,59.65133266322498,-8.36715523811211,0.6164984711811388,55.0,2.5
original,70.0,65826.83333333333,61862.5,44698.916666666664,40734.58333333333,2703.5,3304.333333333333,9656.147222222222,67.90379303272981,61.88142626740362,-6.02236676532619,0.6221770645239517,55.0,2.5
original,80.0,65826.83333333333,60432.416666666664,44747.58333333333,39353.166666666664,2727.1666666666665,3229.833333333333,9656.147222222222,67.97772438291376,59.782864637267984,-8.194859745645768,0.6169127150724079,55.0,2.5
original,90.0,65826.83333333333,61002.916666666664,45126.25,40302.33333333333,2731.5,3257.6666666666665,9656.147222222222,68.55297105283813,61.22477915541028,-7.3281918974278435,0.6202439263646963,55.0,2.5
original,100.0,65826.83333333333,58770.83333333333,45081.58333333333,38025.58333333333,2741.833333333333,3197.833333333333,9656.147222222222,68.48511625198438,57.76608323353445,-10.719033018449924,0.615117658210242,55.0,2.5
original,110.0,65826.83333333333,61586.416666666664,44995.08333333333,40754.666666666664,2694.333333333333,3325.5,9656.147222222222,68.35371087271908,61.911935608832266,-6.441775263886811,0.6234197961977589,55.0,2.5
original,120.0,65826.83333333333,62996.0,44856.75,42025.916666666664,2704.6666666666665,3487.5,9656.147222222222,68.14356354171679,63.843138942832326,-4.300424598884439,0.6412668038465997,55.0,2.5
original,130.0,65826.83333333333,60599.83333333333,45833.666666666664,40606.666666666664,2701.5,3403.333333333333,9656.147222222222,69.62763412083724,61.68710328361534,-7.940530837221903,0.6322224788872258,55.0,2.5
original,140.0,65826.83333333333,62862.33333333333,45056.916666666664,42092.416666666664,2685.5,3462.0,9656.147222222222,68.44764419778154,63.944161575446685,-4.503482622334864,0.6366410803940955,55.0,2.5
original,0.0,65826.83333333333,64848.08333333333,46430.416666666664,45451.666666666664,2875.6666666666665,3687.1666666666665,9656.147222222222,70.53417932403453,69.04732365980438,-1.4868556642301394,0.6796534044375302,55.0,3.0
original,10.0,65826.83333333333,59223.416666666664,47234.75,40631.33333333333,2876.1666666666665,3433.1666666666665,9656.147222222222,71.75607211851298,61.724575337818166,-10.0314967806948,0.6534006978283552,55.0,3.0
original,20.0,65826.83333333333,61183.5,46618.58333333333,41975.25,2832.0,3496.5,9656.147222222222,70.82003033210874,63.7661693179833,-7.053861014125438,0.6553856164740193,55.0,3.0
original,30.0,65826.83333333333,62086.666666666664,46806.666666666664,43066.5,2846.5,3473.5,9656.147222222222,71.10575474540524,65.42392793212495,-5.681826813280295,0.6545053482050726,55.0,3.0
original,40.0,65826.83333333333,60049.33333333333,47482.58333333333,41705.08333333333,2842.6666666666665,3607.6666666666665,9656.147222222222,72.13256498742913,63.35574904864025,-8.776815938788893,0.6680027949955886,55.0,3.0
original,50.0,65826.83333333333,62203.916666666664,47325.25,43702.33333333333,2854.6666666666665,3687.9999999999995,9656.147222222222,71.89355404710845,66.38984608606926,-5.503707961039187,0.6775649248190487,55.0,3.0
original,60.0,65826.83333333333,61629.75,46892.83333333333,42695.75,2869.5,3671.6666666666665,9656.147222222222,71.23665374555969,64.86070776608324,-6.375945979476448,0.6774095833598228,55.0,3.0
original,70.0,65826.83333333333,64531.5,46633.75,45338.416666666664,2844.333333333333,3699.0,9656.147222222222,70.84307058165237,68.87528135689347,-1.967789224758893,0.6776339654675936,55.0,3.0
original,80.0,65826.83333333333,62822.416666666664,46833.08333333333,43828.666666666664,2833.1666666666665,3574.333333333333,9656.147222222222,71.14588528994003,66.581763769081,-4.564121520859017,0.6635669333265827,55.0,3.0
original,90.0,65826.83333333333,61767.25,47049.5,42989.916666666664,2820.333333333333,3638.333333333333,9656.147222222222,71.47465192765868,65.3075873314074,-6.167064596251269,0.6688658031023991,55.0,3.0
original,100.0,65826.83333333333,60930.333333333336,46952.916666666664,42056.416666666664,2871.333333333333,3553.333333333333,9656.147222222222,71.3279285802902,63.889472631475,-7.438455948815189,0.6653447300266122,55.0,3.0
original,110.0,65826.83333333333,60153.58333333333,47109.75,41436.5,2868.1666666666665,3508.333333333333,9656.147222222222,71.56617995194463,62.94773408007374,-8.618445871870895,0.6603565431692477,55.0,3.0
original,120.0,65826.83333333333,60907.83333333333,47235.58333333333,42316.58333333333,2872.333333333333,3628.0,9656.147222222222,71.75733806629009,64.28470152749259,-7.472636538797502,0.6731808436364515,55.0,3.0
original,130.0,65826.83333333333,60724.08333333333,47310.83333333333,42208.08333333333,2896.6666666666665,3530.6666666666665,9656.147222222222,71.87165315056423,64.11987512691127,-7.751778023652969,0.6656208926207916,55.0,3.0
original,140.0,65826.83333333333,62675.33333333333,46805.75,43654.25,2889.0,3613.1666666666665,9656.147222222222,71.10436220285041,66.31680089932931,-4.787561303521107,0.6733707054199498,55.0,3.0
original,150.0,65826.83333333333,61479.916666666664,47372.916666666664,43026.0,2876.833333333333,3619.6666666666665,9656.147222222222,71.96596625995984,65.3624028701568,-6.60356338980304,0.6727838599073187,55.0,3.0
original,160.0,65826.83333333333,62081.416666666664,47031.166666666664,43285.75,2883.6666666666665,3586.6666666666665,9656.147222222222,71.44680107656198,65.75699879228583,-5.6898022842761655,0.6700740144519337,55.0,3.0
original,170.0,65826.83333333333,59145.666666666664,47221.25,40540.08333333333,2875.1666666666665,3434.6666666666665,9656.147222222222,71.73556376452359,61.58595405622327,-10.149609708300309,0.6534524783147638,55.0,3.0
original,0.0,65826.83333333333,64605.416666666664,51703.58333333333,50482.166666666664,3231.5,4324.0,9656.147222222222,78.54484366810901,76.68934401118085,-1.8554996569281488,0.7824549301207953,55.0,5.0
original,10.0,65826.83333333333,66346.5,51390.5,51910.166666666664,3205.5,4361.833333333333,9656.147222222222,78.06922708824416,78.85867212205761,0.7894450338134725,0.7836804016324661,55.0,5.0
original,20.0,65826.83333333333,63733.5,52056.83333333333,49963.5,3215.0,4234.5,9656.147222222222,79.08147893083115,75.90141811469994,-3.180060816131206,0.7714774670021659,55.0,5.0
original,30.0,65826.83333333333,61627.25,52239.83333333333,48040.25,3131.5,4263.5,9656.147222222222,79.35948106268721,72.97973723987938,-6.379743822807814,0.7658333939836253,55.0,5.0
original,40.0,65826.83333333333,61197.25,51691.666666666664,47062.08333333333,3145.333333333333,4162.166666666666,9656.147222222222,78.52674061489616,71.49376773909323,-7.032972875802921,0.7567718088621151,55.0,5.0
original,50.0,65826.83333333333,59303.25,51879.666666666664,45356.08333333333,3184.1666666666665,4032.333333333333,9656.147222222222,78.81233843341494,68.90211944976846,-9.910218983646478,0.7473477603357447,55.0,5.0
original,60.0,65826.83333333333,60350.916666666664,51630.416666666664,46154.5,3185.5,4092.833333333333,9656.147222222222,78.43369345327766,70.11502401502933,-8.31866943824833,0.7537512804882784,55.0,5.0
original,70.0,65826.83333333333,61541.75,51997.08333333333,47712.0,3198.333333333333,4098.166666666666,9656.147222222222,78.99071047521147,72.48108041047091,-6.509630064740563,0.7556326381611252,55.0,5.0
original,80.0,65826.83333333333,59841.08333333333,51689.166666666664,45703.416666666664,3229.333333333333,3938.9999999999995,9656.147222222222,78.52294277156479,69.42976648327303,-9.093176288291756,0.74235957347838,55.0,5.0
original,90.0,65826.83333333333,59370.666666666664,52367.916666666664,45911.75,3246.833333333333,3984.4999999999995,9656.147222222222,79.5540572360309,69.74625342755361,-9.807803808477288,0.7488839147658672,55.0,5.0
original,100.0,65826.83333333333,57289.58333333333,52270.166666666664,43732.916666666664,3277.5,3972.9999999999995,9656.147222222222,79.40556156177445,66.43630636948964,-12.969255192284809,0.7508688334115314,55.0,5.0
original,110.0,65826.83333333333,59976.0,52103.166666666664,46252.33333333333,3228.1666666666665,4111.5,9656.147222222222,79.15186562723915,70.26364628406348,-8.888219343175647,0.7601030201544037,55.0,5.0
original,120.0,65826.83333333333,61500.166666666664,52254.08333333333,47927.416666666664,3245.833333333333,4309.666666666666,9656.147222222222,79.381128769676,72.80832791085702,-6.572800858818968,0.7824549301207951,55.0,5.0
original,130.0,65826.83333333333,59623.08333333333,52913.666666666664,46709.916666666664,3236.0,4112.0,9656.147222222222,80.3831264352683,70.95877820848133,-9.424348226786949,0.7609660282612142,55.0,5.0
original,140.0,65826.83333333333,62242.916666666664,52208.08333333333,48624.166666666664,3219.0,4201.833333333333,9656.147222222222,79.31124845237885,73.86678684730897,-5.444461605069864,0.7685087191147378,55.0,5.0
original,150.0,65826.83333333333,63198.5,52116.5,49488.166666666664,3249.333333333333,4257.333333333333,9656.147222222222,79.17212079167311,75.17932150262936,-3.992799289043721,0.7773977026148857,55.0,5.0
original,160.0,65826.83333333333,63059.666666666664,52421.0,49653.83333333333,3300.833333333333,4231.833333333333,9656.147222222222,79.6346981094336,75.43099192072128,-4.2037061887122995,0.7800902879081345,55.0,5.0
original,170.0,65826.83333333333,61151.0,52277.08333333333,47601.25,3251.833333333333,4025.6666666666665,9656.147222222222,79.41606892832456,72.31283595089135,-7.103232977433208,0.7536649796775975,55.0,5.0
original,180.0,65826.83333333333,64281.166666666664,52373.58333333333,50827.916666666664,3229.833333333333,4343.666666666666,9656.147222222222,79.56266568091533,77.21458574390888,-2.348079937006435,0.7843190276315058,55.0,5.0
original,190.0,65826.83333333333,60536.166666666664,52266.666666666664,46976.0,3243.833333333333,4039.6666666666665,9656.147222222222,79.40024458111054,71.3629953337165,-8.037249247394042,0.754286345514501,55.0,5.0
original,200.0,65826.83333333333,59942.08333333333,52313.5,46428.75,3230.333333333333,4079.833333333333,9656.147222222222,79.47139084618482,70.53164742848028,-8.939743417704534,0.7570479714562945,55.0,5.0
original,210.0,65826.83333333333,59915.83333333333,52349.25,46438.25,3270.6666666666665,3979.5,9656.147222222222,79.52570000582337,70.54607923313948,-8.979620772683885,0.750834313087259,55.0,5.0
original,220.0,65826.83333333333,61317.75,52197.33333333333,47688.25,3249.0,4078.1666666666665,9656.147222222222,79.29491772605397,72.44500089882293,-6.849916827231036,0.7588085079941879,55.0,5.0
original,230.0,65826.83333333333,59620.58333333333,52668.0,46461.75,3275.1666666666665,4087.833333333333,9656.147222222222,80.00992503057265,70.58177896045433,-9.428146070118316,0.7625194428534731,55.0,5.0
original,240.0,65826.83333333333,61654.25,52501.5,48328.916666666664,3263.833333333333,4060.6666666666665,9656.147222222222,79.75698866470361,73.41826154987454,-6.3387271148290525,0.7585323454000086,55.0,5.0
original,250.0,65826.83333333333,59009.416666666664,52627.416666666664,45810.0,3255.5,3956.4999999999995,9656.147222222222,79.94827337382678,69.59168120396698,-10.356592169859805,0.7468817359580671,55.0,5.0
original,260.0,65826.83333333333,63117.25,52134.08333333333,49424.5,3199.833333333333,4149.666666666666,9656.147222222222,79.19883228977038,75.08260309245723,-4.116229197313145,0.76112136972044,55.0,5.0
original,270.0,65826.83333333333,64252.33333333333,52132.83333333333,50558.33333333333,3178.5,4247.0,9656.147222222222,79.1969333681047,76.80505163800983,-2.3918817300948705,0.7689920036545517,55.0,5.0
original,280.0,65826.83333333333,63301.416666666664,52452.08333333333,49926.666666666664,3181.6666666666665,4303.5,9656.147222222222,79.68191796152026,75.84546322295112,-3.8364547385691212,0.7751711416993147,55.0,5.0
original,290.0,65826.83333333333,64196.58333333333,52660.08333333333,51029.83333333333,3184.833333333333,4346.666666666666,9656.147222222222,79.99789852668998,77.52132489030562,-2.476573636384352,0.779969466773181,55.0,5.0
original,0.0,65826.83333333333,65638.0,56698.416666666664,56509.58333333333,3534.0,5019.166666666666,9656.147222222222,86.13268145462463,85.84581768832872,-0.28686376629590543,0.8857742606681466,55.0,10.0
original,10.0,65826.83333333333,65549.16666666667,56969.0,56691.33333333333,3508.6666666666665,4955.166666666666,9656.147222222222,86.54373469785625,86.1219208985191,-0.42181379933713503,0.8765228137631381,55.0,10.0
original,20.0,65826.83333333333,64869.666666666664,56908.25,55951.08333333333,3497.0,4873.833333333333,9656.147222222222,86.45144710490403,84.99737948810136,-1.454067616802668,0.8668916432911331,55.0,10.0
original,30.0,65826.83333333333,60084.33333333333,57186.83333333333,51444.33333333333,3501.5,4779.833333333333,9656.147222222222,86.87465344679602,78.15100731464625,-8.723646132149756,0.8576229362239884,55.0,10.0
original,40.0,65826.83333333333,52800.33333333333,56965.416666666664,43938.916666666664,3496.5,4515.166666666666,9656.147222222222,86.53829112241462,66.74924865999428,-19.78904246242034,0.8296959938876012,55.0,10.0
original,50.0,65826.83333333333,53035.25,57291.83333333333,44500.25,3531.1666666666665,4487.666666666666,9656.147222222222,87.03416286671343,67.60199108266386,-19.432171784049558,0.8304381808594582,55.0,10.0
original,60.0,65826.83333333333,55783.08333333333,57111.08333333333,47067.33333333333,3476.6666666666665,4662.666666666666,9656.147222222222,86.7595787938556,71.5017432100891,-15.2578355837665,0.8429172780839378,55.0,10.0
original,70.0,65826.83333333333,57212.666666666664,57498.416666666664,48884.25,3500.833333333333,4614.166666666666,9656.147222222222,87.34799132066203,74.26188914854885,-13.086102172113193,0.8403972944120512,55.0,10.0
original,80.0,65826.83333333333,54926.5,57372.33333333333,46472.0,3526.0,4444.666666666666,9656.147222222222,87.15645342198344,70.59735011811293,-16.5591033038705,0.8254499940020936,55.0,10.0
original,90.0,65826.83333333333,55632.166666666664,57607.25,47412.58333333333,3552.1666666666665,4473.0,9656.147222222222,87.51332410035423,72.02622537415087,-15.487098726203344,0.8310940670206342,55.0,10.0
original,100.0,65826.83333333333,53077.166666666664,57382.83333333333,44633.166666666664,3580.333333333333,4294.833333333333,9656.147222222222,87.17240436397518,67.80390975311487,-19.368494610860314,0.8155599210980454,55.0,10.0
original,110.0,65826.83333333333,55949.0,57406.58333333333,47528.75,3524.6666666666665,4513.5,9656.147222222222,87.20848387562316,72.20269849428172,-15.005785381341441,0.8324403596672586,55.0,10.0
original,120.0,65826.83333333333,59347.58333333333,57357.916666666664,50878.666666666664,3540.833333333333,4825.833333333333,9656.147222222222,87.13455252543922,77.29168196353564,-9.842870561903581,0.8664601392377279,55.0,10.0
original,130.0,65826.83333333333,56775.666666666664,57768.58333333333,48717.416666666664,3514.1666666666665,4642.833333333333,9656.147222222222,87.7584115900051,74.00844640356895,-13.749965186436127,0.8447468552703762,55.0,10.0
original,140.0,65826.83333333333,67062.08333333333,56812.58333333333,58047.83333333333,3512.6666666666665,5053.333333333333,9656.147222222222,86.3061163000904,88.18263069011877,1.8765143900283827,0.8871032931526348,55.0,10.0
original,150.0,65826.83333333333,70137.08333333333,56697.666666666664,61007.916666666664,3533.6666666666665,5100.166666666666,9656.147222222222,86.13154210162521,92.67940378923488,6.547861687609664,0.894128179142072,55.0,10.0
original,160.0,65826.83333333333,64582.25,57365.5,56120.916666666664,3564.0,4787.5,9656.147222222222,87.14607265021104,85.25537964507888,-1.890693005132145,0.8648894644833329,55.0,10.0
original,170.0,65826.83333333333,58007.08333333333,57476.416666666664,49656.666666666664,3553.333333333333,4456.166666666666,9656.147222222222,87.314570299346,75.4352961431635,-11.87927415618251,0.8294716117798304,55.0,10.0
original,180.0,65826.83333333333,61672.416666666664,57316.08333333333,53161.666666666664,3490.333333333333,4821.0,9656.147222222222,87.07100194702768,80.75987249373989,-6.31112945328779,0.8607297654085062,55.0,10.0
original,190.0,65826.83333333333,60465.83333333333,56727.666666666664,51366.666666666664,3483.6666666666665,4643.666666666666,9656.147222222222,86.17711622160162,78.03302098181845,-8.14409523978317,0.8416745464101307,55.0,10.0
original,200.0,65826.83333333333,60734.166666666664,56993.75,51901.08333333333,3481.333333333333,4723.333333333333,9656.147222222222,86.58133334683679,78.84487329128699,-7.736460055549785,0.8496832616413321,55.0,10.0
original,210.0,65826.83333333333,64841.5,56451.33333333333,55466.0,3483.1666666666665,4863.0,9656.147222222222,85.75732793870787,84.26047128703847,-1.4968566516693982,0.8643371392949741,55.0,10.0
original,220.0,65826.83333333333,68189.5,56587.166666666664,58949.83333333333,3455.1666666666665,5181.333333333333,9656.147222222222,85.96367742637881,89.55289256407595,3.5892151376971473,0.8944043417362515,55.0,10.0
original,230.0,65826.83333333333,64620.666666666664,56994.916666666664,55788.75,3508.833333333333,4910.166666666666,9656.147222222222,86.58310567372475,84.75077286111794,-1.8323328126068108,0.8718798301484978,55.0,10.0
original,240.0,65826.83333333333,62238.5,57194.916666666664,53606.58333333333,3508.1666666666665,4729.833333333333,9656.147222222222,86.88693314023409,81.43576201194549,-5.451171128288609,0.853135294068574,55.0,10.0
original,250.0,65826.83333333333,62213.83333333333,56566.5,52953.5,3479.5,4545.0,9656.147222222222,85.93228192150617,80.44363873901474,-5.488643182491436,0.8310250263720894,55.0,10.0
original,260.0,65826.83333333333,65792.75,56733.83333333333,56699.75,3457.0,4806.833333333333,9656.147222222222,86.18648423515234,86.13470697106804,-0.05177726408429463,0.8558106191996865,55.0,10.0
original,270.0,65826.83333333333,67633.5,56681.25,58487.916666666664,3476.1666666666665,4967.666666666666,9656.147222222222,86.10660293041592,88.85117771121705,2.74457478080115,0.874451594306793,55.0,10.0
original,280.0,65826.83333333333,65772.83333333333,56590.75,56536.75,3462.1666666666665,4889.666666666666,9656.147222222222,85.96912100182044,85.88708758586291,-0.08203341595752493,0.8649239848076052,55.0,10.0
original,290.0,65826.83333333333,63463.416666666664,56934.916666666664,54571.5,3417.833333333333,4984.333333333333,9656.147222222222,86.49195743377194,82.9016029430754,-3.5903544906965466,0.8701365537727406,55.0,10.0
original,300.0,65826.83333333333,64133.75,56942.83333333333,55249.75,3437.1666666666665,4783.0,9656.147222222222,86.50398393765461,83.93195783887523,-2.572026098779366,0.8512884567199995,55.0,10.0
original,310.0,65826.83333333333,68293.58333333333,56250.75,58717.5,3428.833333333333,5005.166666666666,9656.147222222222,85.45261430875455,89.19994632381426,3.747332015059715,0.8734332447407567,55.0,10.0
original,320.0,65826.83333333333,62437.166666666664,56930.5,53540.83333333333,3463.833333333333,4744.0,9656.147222222222,86.4852479105532,81.33587873233054,-5.149369178222656,0.85001120472192,55.0,10.0
original,330.0,65826.83333333333,65074.666666666664,56909.666666666664,56157.5,3357.833333333333,4991.833333333333,9656.147222222222,86.45359921612513,85.31095475249455,-1.1426444636305828,0.8646996026998345,55.0,10.0
original,340.0,65826.83333333333,68992.75,56626.08333333333,59792.0,3379.833333333333,4996.333333333333,9656.147222222222,86.02279718757042,90.83225938763574,4.80946220006533,0.8674439684794919,55.0,10.0
original,350.0,65826.83333333333,65552.58333333333,56661.5,56387.25,3395.333333333333,4785.0,9656.147222222222,86.07659996809812,85.65997655464717,-0.41662341345094833,0.8471632779694455,55.0,10.0
original,360.0,65826.83333333333,65381.416666666664,56626.666666666664,56181.25,3462.1666666666665,4766.666666666666,9656.147222222222,86.0236833510144,85.34703426414254,-0.6766490868718648,0.8521859851510825,55.0,10.0
original,370.0,65826.83333333333,65277.58333333333,56840.416666666664,56291.166666666664,3461.5,4769.833333333333,9656.147222222222,86.34839895584626,85.51401277594496,-0.8343861799013068,0.8524448875831255,55.0,10.0
original,380.0,65826.83333333333,63728.83333333333,56661.416666666664,54563.416666666664,3493.1666666666665,4626.333333333333,9656.147222222222,86.0764733733204,82.8893232496373,-3.187150123683098,0.840863318789729,55.0,10.0
original,390.0,65826.83333333333,60694.58333333333,57168.666666666664,52036.416666666664,3502.5,4587.166666666666,9656.147222222222,86.84705578525474,79.05046321029164,-7.796592574963098,0.8377737497673473,55.0,10.0
original,400.0,65826.83333333333,61859.5,57214.416666666664,53247.08333333333,3511.5,4830.666666666666,9656.147222222222,86.91655631821875,80.88963214089493,-6.0269241773238305,0.863922895403705,55.0,10.0
original,410.0,65826.83333333333,64361.25,56995.83333333333,55530.25,3476.833333333333,4935.666666666666,9656.147222222222,86.58449821627958,84.35807586065461,-2.2264223556249787,0.8712066838251856,55.0,10.0
original,420.0,65826.83333333333,62374.0,57303.58333333333,53850.75,3485.833333333333,4941.833333333333,9656.147222222222,87.05201273037085,81.80668471064233,-5.2453280197285235,0.8727773585795807,55.0,10.0
original,430.0,65826.83333333333,60203.5,57751.58333333333,52128.25,3495.6666666666665,4682.166666666666,9656.147222222222,87.73258625535179,79.18997065533053,-8.54261560002126,0.8469043755374023,55.0,10.0
original,440.0,65826.83333333333,58260.33333333333,57607.58333333333,50041.08333333333,3476.6666666666665,4623.333333333333,9656.147222222222,87.51383047946506,76.01927785275002,-11.494552626715043,0.8388438798197925,55.0,10.0
original,450.0,65826.83333333333,57728.0,57678.25,49579.416666666664,3494.333333333333,4627.666666666666,9656.147222222222,87.62118285096504,75.31794278422426,-12.30324006674076,0.841122221221772,55.0,10.0
original,460.0,65826.83333333333,61560.5,57438.08333333333,53171.75,3527.6666666666665,4827.666666666666,9656.147222222222,87.25633670159839,80.77519046184307,-6.481146239755311,0.8652864482124656,55.0,10.0
original,470.0,65826.83333333333,65466.0,57173.416666666664,56812.58333333333,3481.333333333333,4845.5,9656.147222222222,86.85427168758434,86.3061163000904,-0.5481553874939478,0.8623349604871737,55.0,10.0
original,480.0,65826.83333333333,68491.5,57243.75,59908.416666666664,3515.0,5124.333333333333,9656.147222222222,86.96111767997347,91.00911229209973,4.047994612126268,0.894697764492567,55.0,10.0
original,490.0,65826.83333333333,59860.583333333336,57611.166666666664,51644.916666666664,3546.333333333333,4618.666666666666,9656.147222222222,87.51927405490669,78.45572094459959,-9.063553110307083,0.8455753430529142,55.0,10.0
original,500.0,65826.83333333333,60316.666666666664,57596.166666666664,52086.0,3526.333333333333,4690.333333333333,9656.147222222222,87.49648699491848,79.12578710303043,-8.370699891888057,0.8509259933151392,55.0,10.0
original,510.0,65826.83333333333,53546.083333333336,58176.166666666664,45895.416666666664,3584.333333333333,4216.5,9656.147222222222,88.3775866477956,69.72144085112201,-18.656145796673588,0.807861888785296,55.0,10.0
original,520.0,65826.83333333333,53371.416666666664,58149.08333333333,45693.666666666664,3584.0,4142.5,9656.147222222222,88.33644334503913,69.4149548942807,-18.921488450758428,0.8001638564725464,55.0,10.0
original,530.0,65826.83333333333,53819.166666666664,58172.0,46164.33333333333,3580.1666666666665,4354.0,9656.147222222222,88.37125690891,70.12996219879938,-18.24129471011062,0.8216700184942637,55.0,10.0
original,540.0,65826.83333333333,60604.75,57860.58333333333,52638.5,3547.0,4568.666666666666,9656.147222222222,87.89817222459939,79.96511047926252,-7.933061745336874,0.8404663350605961,55.0,10.0
original,550.0,65826.83333333333,56000.83333333333,58575.25,48749.25,3542.1666666666665,4503.666666666666,9656.147222222222,88.98384903825948,74.05680560865504,-14.927043429604444,0.8332343271255241,55.0,10.0
original,560.0,65826.83333333333,58420.75,57982.666666666664,50576.58333333333,3515.1666666666665,4608.833333333333,9656.147222222222,88.08363357394781,76.8327758943288,-11.250857679618992,0.8413293431674066,55.0,10.0
original,570.0,65826.83333333333,59887.25,57891.58333333333,51952.0,3462.1666666666665,4666.666666666666,9656.147222222222,87.94526548190834,78.92222270046916,-9.023042781439173,0.8418298878693565,55.0,10.0
original,580.0,65826.83333333333,59843.33333333333,58191.33333333333,52207.83333333333,3459.333333333333,4855.666666666666,9656.147222222222,88.40062689733924,79.31086866804571,-9.089758229293526,0.861109488975503,55.0,10.0
original,590.0,65826.83333333333,63682.58333333333,58156.666666666664,56012.416666666664,3481.0,4794.333333333333,9656.147222222222,88.34796346981094,85.09055324449756,-3.2574102253133854,0.8570015703870849,55.0,10.0
original,0.0,120110.5,117077.83333333333,48780.666666666664,45748.0,3670.6666666666665,4058.833333333333,9656.147222222222,40.61315760625978,38.08826039355427,-2.5248972127055267,0.8004745393909982,60.0,1.0
original,10.0,120110.5,115533.58333333333,49324.33333333333,44747.416666666664,3662.333333333333,3993.833333333333,9656.147222222222,41.065796356965734,37.25520805147482,-3.81058830549092,0.7928800680510659,60.0,1.0
original,20.0,120110.5,117043.66666666666,48808.83333333333,45742.0,3638.0,4087.4999999999995,9656.147222222222,40.636608234361965,38.083264993485166,-2.5533432408768117,0.8000602954997292,60.0,1.0
original,30.0,120110.5,117160.91666666666,49061.916666666664,46112.33333333333,3623.0,4142.666666666666,9656.147222222222,40.84731698449899,38.391592186639244,-2.4557247978597565,0.8042199945745556,60.0,1.0
original,40.0,120110.5,115605.91666666666,49569.0,45064.416666666664,3670.5,4060.833333333333,9656.147222222222,41.269497670894715,37.5191316884591,-3.7503659824356266,0.8006644011744964,60.0,1.0
original,50.0,120110.5,114774.0,49536.416666666664,44199.916666666664,3652.333333333333,3986.5,9656.147222222222,41.24236987329722,36.799377795169164,-4.442992078128057,0.7910850111889001,60.0,1.0
original,0.0,120110.5,117707.5,71099.41666666666,68696.41666666666,5882.666666666666,6821.166666666666,9656.147222222222,59.19500515497534,57.194347427299576,-2.0006577276757653,1.3156213385083133,60.0,2.5
original,10.0,120110.5,118581.33333333333,71012.83333333333,69483.66666666666,5831.333333333333,6826.5,9656.147222222222,59.12291875675593,57.849785544699806,-1.2731332120561245,1.3108575337587196,60.0,2.5
original,20.0,120110.5,116829.75,71384.33333333333,68103.58333333333,5835.833333333333,6765.5,9656.147222222222,59.43221727770123,56.70077414824959,-2.73144312945163,1.3050063387945445,60.0,2.5
original,30.0,120110.5,117477.83333333333,71715.0,69082.33333333333,5857.666666666666,6836.333333333333,9656.147222222222,59.70751932595402,57.51564878452203,-2.191870541431991,1.3146029889422772,60.0,2.5
original,40.0,120110.5,114608.58333333333,71182.83333333333,65680.91666666666,5962.666666666666,6593.5,9656.147222222222,59.26445509204718,54.68374260923621,-4.580712482810972,1.3003288348556317,60.0,2.5
original,50.0,120110.5,112704.08333333333,71401.5,63995.08333333333,5923.833333333333,6530.666666666666,9656.147222222222,59.44650967234338,53.28017395093129,-6.166335721412093,1.2898001359525437,60.0,2.5
original,60.0,120110.5,113463.83333333333,71231.08333333333,64584.416666666664,5971.166666666666,6605.166666666666,9656.147222222222,59.30462643426955,53.77083324660763,-5.533793187661922,1.302417314474113,60.0,2.5
original,70.0,120110.5,115041.83333333333,71171.66666666666,66103.0,5897.5,6630.333333333333,9656.147222222222,59.25515809747412,55.035155127986314,-4.2200029694878225,1.297394607292476,60.0,2.5
original,80.0,120110.5,113642.08333333333,71369.91666666666,64901.5,5970.666666666666,6623.5,9656.147222222222,59.42021444142407,54.03482626414843,-5.385388177275652,1.3042641518226874,60.0,2.5
original,90.0,120110.5,114157.25,71889.75,65936.5,5957.0,6686.333333333333,9656.147222222222,59.85301035296664,54.8965327760687,-4.95647757689794,1.3093558996528694,60.0,2.5
original,100.0,120110.5,111332.33333333333,71819.33333333333,63041.166666666664,5953.833333333333,6480.666666666666,9656.147222222222,59.79438378271119,52.48597472050042,-7.3084090622107745,1.2877289164961987,60.0,2.5
original,110.0,120110.5,114790.25,71647.33333333333,66327.08333333333,5913.333333333333,6682.333333333333,9656.147222222222,59.651182314063576,55.221719444456006,-4.42946286960757,1.3044194932819133,60.0,2.5
original,120.0,120110.5,117023.08333333333,71478.5,68391.08333333333,5914.166666666666,6724.333333333333,9656.147222222222,59.51061730656354,56.94013706822745,-2.5704802383360916,1.3088553549509194,60.0,2.5
original,130.0,120110.5,113958.33333333333,72791.91666666666,66639.75,5944.0,6723.166666666666,9656.147222222222,60.604124257801494,55.482035292501486,-5.122088965300013,1.3118241028383473,60.0,2.5
original,140.0,120110.5,116302.16666666667,71761.08333333333,67952.75,5908.666666666666,6717.333333333333,9656.147222222222,59.745886773706985,56.57519534095687,-3.1706914327501163,1.3075608427907035,60.0,2.5
original,0.0,120110.5,118938.33333333333,74933.58333333333,73761.41666666666,6416.166666666666,7283.833333333333,9656.147222222222,62.387204560245216,61.411297652300725,-0.9759069079444941,1.418785327596439,60.0,3.0
original,10.0,120110.5,111761.0,75850.25,67500.75,6352.5,7082.0,9656.147222222222,63.15039068191374,56.198875202417774,-6.951515479495964,1.3912898893134569,60.0,3.0
original,20.0,120110.5,114750.0,74932.91666666666,69572.41666666666,6336.0,7354.666666666666,9656.147222222222,62.38664951579309,57.92367583738862,-4.462973678404469,1.4178187585168112,60.0,3.0
original,30.0,120110.5,115702.08333333333,75199.41666666666,70791.0,6346.0,7397.0,9656.147222222222,62.60852853552908,58.93822771531215,-3.6703008202169434,1.4232384494275812,60.0,3.0
original,40.0,120110.5,113858.25,75891.58333333333,69639.33333333333,6327.5,7332.166666666666,9656.147222222222,63.184803437945334,57.979388424270425,-5.205415013674908,1.4146083683594761,60.0,3.0
original,50.0,120110.5,115916.91666666667,75813.0,71619.41666666666,6366.833333333333,7162.333333333333,9656.147222222222,63.11937757315139,59.62793982763094,-3.4914377455204404,1.4010936614068241,60.0,3.0
original,60.0,120110.5,115944.75,75114.66666666666,70948.91666666666,6325.666666666666,7255.666666666666,9656.147222222222,62.537968509553004,59.06970386990868,-3.4682646396443273,1.4064960921554577,60.0,3.0
original,70.0,120110.5,118731.16666666667,74979.08333333333,73599.75,6332.666666666666,7343.5,9656.147222222222,62.42508634410258,61.27669937266101,-1.1483869714415713,1.416317124410961,60.0,3.0
original,80.0,120110.5,116358.91666666667,75276.58333333333,71525.0,6361.666666666666,7247.833333333333,9656.147222222222,62.672774930862275,59.54933165709909,-3.1234432737631836,1.409413059556477,60.0,3.0
original,90.0,120110.5,115291.25,75651.41666666666,70832.16666666666,6385.833333333333,7182.166666666666,9656.147222222222,62.98484867406818,58.972501710230716,-4.012346963837467,1.405115279184561,60.0,3.0
original,100.0,120110.5,113970.0,75707.0,69566.5,6465.666666666666,7133.5,9656.147222222222,63.0311255052639,57.91874981787604,-5.112375687387864,1.4083429295040322,60.0,3.0
original,110.0,120110.5,112761.08333333333,76021.83333333333,68672.41666666666,6482.5,7169.0,9656.147222222222,63.29324524777878,57.174365827023166,-6.118879420755614,1.413762620414802,60.0,3.0
original,120.0,120110.5,113971.0,76212.25,70072.75,6521.666666666666,7242.333333333333,9656.147222222222,63.45177981941629,58.340236698706605,-5.11154312070968,1.4254132298567437,60.0,3.0
original,130.0,120110.5,113298.25,76363.66666666666,69551.41666666666,6503.833333333333,7135.5,9656.147222222222,63.57784429060462,57.90619193714676,-5.671652353457858,1.4125026285788587,60.0,3.0
original,140.0,120110.5,115720.16666666667,75582.83333333333,71192.5,6444.0,7213.166666666666,9656.147222222222,62.927748476056074,59.27250323660296,-3.6552452394531105,1.4143494659274332,60.0,3.0
original,150.0,120110.5,115055.16666666667,76026.91666666666,70971.58333333333,6365.5,7379.166666666666,9656.147222222222,63.29747746172621,59.08857538128085,-4.208902080445363,1.4234110510489433,60.0,3.0
original,160.0,120110.5,115445.16666666666,75695.08333333333,71029.75,6406.833333333333,7269.166666666666,9656.147222222222,63.02120408568221,59.137003009728545,-3.8842010759536785,1.416299864248825,60.0,3.0
original,170.0,120110.5,112308.08333333333,75774.5,67972.08333333333,6336.5,7184.166666666666,9656.147222222222,63.087323756041314,56.59129163006842,-6.496032125972893,1.4002133931378773,60.0,3.0
original,0.0,120110.5,118322.33333333333,85546.25,83758.08333333333,7647.5,8829.666666666666,9656.147222222222,71.22295719358424,69.7341892118785,-1.4887679817057389,1.7063914092721013,60.0,5.0
original,10.0,120110.5,120573.83333333333,84859.16666666666,85322.5,7568.833333333333,8835.666666666666,9656.147222222222,70.65091450511542,71.03667039934061,0.3857558942251747,1.698865978580714,60.0,5.0
original,20.0,120110.5,117880.25,85615.25,83385.0,7590.333333333333,8773.666666666666,9656.147222222222,71.28040429437893,69.42357246035942,-1.8568318340195071,1.6946717591816152,60.0,5.0
original,30.0,120110.5,115740.75,85795.5,81425.75,7597.0,8822.166666666666,9656.147222222222,71.43047443812156,67.79236619612773,-3.6381082419938306,1.7003848728487003,60.0,5.0
original,40.0,120110.5,114795.5,85105.5,79790.5,7617.333333333333,8580.166666666666,9656.147222222222,70.85600343017471,66.43091153562762,-4.425091894547105,1.6774288572075418,60.0,5.0
original,50.0,120110.5,111939.91666666666,85440.0,77269.41666666666,7603.166666666666,8405.0,9656.147222222222,71.13449698402721,64.33194155936962,-6.80255542465758,1.6578213130208075,60.0,5.0
original,60.0,120110.5,114196.08333333333,85211.75,79297.33333333333,7704.0,8704.166666666666,9656.147222222222,70.94446363973175,66.02031740216994,-4.924146237561805,1.6992457021477105,60.0,5.0
original,70.0,120110.5,115109.08333333333,85665.25,80663.83333333333,7610.166666666666,8798.5,9656.147222222222,71.32203262828811,67.15801976790816,-4.16401286037996,1.6992974826341192,60.0,5.0
original,80.0,120110.5,112761.41666666666,85412.91666666666,78063.83333333333,7688.0,8613.666666666666,9656.147222222222,71.11194830315972,64.99334640463017,-6.1186018985295565,1.6882164585426727,60.0,5.0
original,90.0,120110.5,112473.0,86315.08333333333,78677.58333333333,7669.166666666666,8841.5,9656.147222222222,71.86306220799457,65.50433420336552,-6.358728004629071,1.7098607018614795,60.0,5.0
original,100.0,120110.5,110180.5,86149.83333333333,76219.83333333333,7642.166666666666,8621.333333333332,9656.147222222222,71.7254805644247,63.45809345005918,-8.26738711436552,1.6842638814134805,60.0,5.0
original,110.0,120110.5,113612.83333333333,85937.58333333333,79439.91666666666,7623.0,8772.166666666666,9656.147222222222,71.54876828698018,66.13902753436766,-5.409740752612529,1.6978994095010862,60.0,5.0
original,120.0,120110.5,115688.25,86212.58333333333,81790.33333333333,7706.0,8796.666666666666,9656.147222222222,71.77772412348072,68.09590613088226,-3.681817992598482,1.7090322140789416,60.0,5.0
original,130.0,120110.5,112777.41666666667,87207.91666666666,79874.83333333333,7675.166666666666,8824.5,9656.147222222222,72.60640549049971,66.50112465882111,-6.105280831678603,1.7087215311604897,60.0,5.0
original,140.0,120110.5,116122.41666666666,86151.83333333333,82163.75,7602.0,9054.166666666666,9656.147222222222,71.72714569778105,68.4068004046274,-3.3203452931536734,1.7249288234063906,60.0,5.0
original,150.0,120110.5,117575.5,86083.58333333333,83548.58333333333,7633.0,9118.0,9656.147222222222,71.67032302199502,69.55976649279899,-2.110556529196032,1.734749855661894,60.0,5.0
original,160.0,120110.5,116833.25,86561.33333333333,83284.08333333333,7640.833333333333,9052.5,9656.147222222222,72.06808175249735,69.33955260641936,-2.7285291460779866,1.7287778395627655,60.0,5.0
original,170.0,120110.5,114545.5,86136.58333333333,80571.58333333333,7581.0,8972.666666666666,9656.147222222222,71.71444905593876,67.0812154918457,-4.633233564093064,1.7143138236926216,60.0,5.0
original,180.0,120110.5,118738.0,86339.5,84967.0,7603.333333333333,9067.0,9656.147222222222,71.88339071105356,70.74069294524625,-1.1426977658073192,1.7263959371879685,60.0,5.0
original,190.0,120110.5,113030.16666666667,86610.66666666666,79530.33333333333,7711.666666666666,8724.5,9656.147222222222,72.10915504195442,66.21430543818678,-5.8948496037676374,1.7021454093865938,60.0,5.0
original,200.0,120110.5,112430.41666666667,86676.41666666666,78996.33333333333,7689.166666666666,8798.5,9656.147222222222,72.163896301045,65.76971483203661,-6.3941814690083945,1.7074787994866827,60.0,5.0
original,210.0,120110.5,112265.75,86566.58333333333,78721.83333333333,7670.666666666666,8729.166666666666,9656.147222222222,72.0724527275578,65.54117527887514,-6.531277448682672,1.6983826940409001,60.0,5.0
original,220.0,120110.5,113802.75,86582.5,80274.75,7726.166666666666,8756.833333333332,9656.147222222222,72.08570441385224,66.83408194953813,-5.251622464314111,1.706995514946869,60.0,5.0
original,230.0,120110.5,112678.5,87224.66666666666,79792.66666666666,7736.166666666666,8820.5,9656.147222222222,72.6203509823593,66.432715430097,-6.187635552262292,1.7146245066110735,60.0,5.0
original,240.0,120110.5,114274.08333333333,87149.25,81312.83333333333,7759.166666666666,8733.0,9656.147222222222,72.55756157871294,67.69835554204947,-4.8592060366634655,1.7079448238643602,60.0,5.0
original,250.0,120110.5,110630.41666666667,87214.58333333333,77734.5,7750.333333333333,8495.0,9656.147222222222,72.61195593502093,64.71915444528163,-7.892801489739305,1.6823825237406338,60.0,5.0
original,260.0,120110.5,115796.16666666666,86477.83333333333,82163.5,7682.666666666666,8841.666666666666,9656.147222222222,71.99856243486899,68.40659226295786,-3.591970171911151,1.711276035156649,60.0,5.0
original,270.0,120110.5,118017.75,86297.5,84204.75,7584.0,8890.666666666666,9656.147222222222,71.84842291056985,70.10606899480062,-1.7423539157692292,1.7061325068400581,60.0,5.0
original,280.0,120110.5,117100.25,86643.58333333333,83633.33333333333,7698.0,8905.333333333332,9656.147222222222,72.13656036177797,69.63032651877506,-2.5062338430029016,1.7194573520092122,60.0,5.0
original,290.0,120110.5,117298.25,86743.91666666666,83931.66666666666,7650.5,8631.166666666666,9656.147222222222,72.22009455182241,69.8787089110999,-2.3413856407225015,1.6861452390863276,60.0,5.0
original,0.0,120110.5,119826.25,96383.66666666666,96099.41666666666,8853.166666666666,10612.5,9656.147222222222,80.24582918784508,80.00917210957132,-0.23665707827375626,2.015883376536478,60.0,10.0
original,10.0,120110.5,119927.66666666666,96513.33333333333,96330.5,8781.166666666666,10432.333333333332,9656.147222222222,80.35378533378291,80.20156439278831,-0.15222094099462,1.989768751224393,60.0,10.0
original,20.0,120110.5,119592.58333333333,96435.66666666666,95917.75,8781.166666666666,10541.333333333332,9656.147222222222,80.28912265511063,79.85792249636793,-0.43120015874271733,2.001056897261474,60.0,10.0
original,30.0,120110.5,114950.16666666666,96482.41666666666,91322.08333333333,8760.666666666666,10605.333333333332,9656.147222222222,80.32804514731573,76.03172356566105,-4.296321581654679,2.005561799579025,60.0,10.0
original,40.0,120110.5,105419.0,96403.08333333333,81711.58333333333,8848.5,10111.666666666666,9656.147222222222,80.26199485751314,68.03034150497528,-12.23165335253787,1.9635333047773538,60.0,10.0
original,50.0,120110.5,105299.41666666666,96889.91666666666,82078.83333333333,8790.666666666666,10099.833333333332,9656.147222222222,80.66731606867565,68.33610161753829,-12.331214451137365,1.9563185570044184,60.0,10.0
original,60.0,120110.5,109328.08333333333,96749.0,85966.58333333333,8874.833333333332,10451.5,9656.147222222222,80.54999354760824,71.57291272064751,-8.977080826960734,2.001453880990607,60.0,10.0
original,70.0,120110.5,110468.83333333333,97336.75,87695.08333333333,8873.0,10506.333333333332,9656.147222222222,81.03933461271079,73.01200422388827,-8.02733038882252,2.0069426125499215,60.0,10.0
original,80.0,120110.5,107192.66666666666,97153.33333333333,84235.5,8839.5,10284.0,9656.147222222222,80.88662800782056,70.13167042015478,-10.754957587665812,1.9804482636708396,60.0,10.0
original,90.0,120110.5,108643.58333333333,97644.66666666666,86177.75,8870.666666666666,10606.166666666666,9656.147222222222,81.2956957690349,71.74872305085734,-9.546972718177571,2.017039807399604,60.0,10.0
original,100.0,120110.5,105190.25,97430.5,82510.25,8845.0,10402.666666666666,9656.147222222222,81.11738773879053,68.6952847586181,-12.422102980172424,1.9933070844623155,60.0,10.0
original,110.0,120110.5,109431.66666666666,97307.16666666666,86628.33333333333,8799.333333333332,10642.833333333332,9656.147222222222,81.01470451514786,72.12386371993566,-8.890840795212196,2.0134496936752724,60.0,10.0
original,120.0,120110.5,113635.75,97343.08333333333,90868.33333333333,8849.0,10613.166666666666,9656.147222222222,81.04460753500595,75.65394643543513,-5.390661099570812,2.0155209131316174,60.0,10.0
original,130.0,120110.5,109745.66666666667,98249.75,87884.91666666666,8903.833333333332,10666.333333333332,9656.147222222222,81.79946798989263,73.17005313163017,-8.629414858262457,2.026705498195881,60.0,10.0
original,140.0,120110.5,122639.25,96652.0,99180.75,8780.166666666666,11221.0,9656.147222222222,80.46923457982442,82.5745875672818,2.105352987457383,2.0713402774801195,60.0,10.0
original,150.0,120110.5,125839.91666666666,96533.33333333333,102262.75,8790.666666666666,11129.666666666666,9656.147222222222,80.37043666734658,85.14055806944438,4.770121402097782,2.062969098844058,60.0,10.0
original,160.0,120110.5,118240.58333333333,97413.83333333333,95543.91666666666,8798.666666666666,10853.5,9656.147222222222,81.10351162748745,79.5466813198402,-1.5568303076472678,2.0351974979668968,60.0,10.0
original,170.0,120110.5,111251.5,97220.91666666666,88361.91666666666,8730.5,10690.833333333332,9656.147222222222,80.9428956391545,73.56718743712386,-7.37570820203063,2.011292173408246,60.0,10.0
original,180.0,120110.5,116666.91666666666,97013.75,93570.16666666666,8774.833333333332,11013.833333333332,9656.147222222222,80.77041557565741,77.90340283877485,-2.867012736882573,2.049333570756452,60.0,10.0
original,190.0,120110.5,113921.5,96546.41666666666,90357.41666666666,8781.333333333332,10601.166666666666,9656.147222222222,80.3813294147195,75.22857424343971,-5.15275517127978,2.0072705556305093,60.0,10.0
original,200.0,120110.5,114400.25,96777.41666666666,91067.16666666666,8801.666666666666,10742.333333333332,9656.147222222222,80.57365231737997,75.81948844328069,-4.754163874099267,2.0239956527404965,60.0,10.0
original,210.0,120110.5,119525.91666666666,95912.41666666666,95327.83333333333,8722.166666666666,10936.833333333332,9656.147222222222,79.85348214075094,79.36677753679596,-0.48670460395497733,2.0359051646144812,60.0,10.0
original,220.0,120110.5,123518.16666666666,96310.33333333333,99718.0,8821.5,10917.333333333332,9656.147222222222,80.18477429811159,83.02188401513607,2.837109717024454,2.044172782277726,60.0,10.0
original,230.0,120110.5,119471.25,97052.66666666666,96413.41666666666,8892.333333333332,10967.333333333332,9656.147222222222,80.80281629555006,80.27059804652104,-0.5322182490290192,2.0566863998264777,60.0,10.0
original,240.0,120110.5,115601.75,97433.33333333333,92924.58333333333,8923.833333333332,10596.333333333332,9656.147222222222,81.11974667771204,77.36591166745066,-3.753835010261384,2.0215274495550184,60.0,10.0
original,250.0,120110.5,114191.0,96684.0,90764.5,8894.666666666666,10375.333333333332,9656.147222222222,80.4958767135263,75.56749826201705,-4.928378451509235,1.995619946188568,60.0,10.0
original,260.0,120110.5,118647.66666666666,96914.0,95451.16666666666,8893.666666666666,10787.666666666666,9656.147222222222,80.68736704950858,79.46946076043865,-1.217906289069934,2.0382180263407332,60.0,10.0
original,270.0,120110.5,122200.91666666667,96639.41666666666,98729.83333333333,8845.666666666666,10865.166666666666,9656.147222222222,80.45875811579059,82.19916937597739,1.7404112601868043,2.0412730750388426,60.0,10.0
original,280.0,120110.5,120262.83333333333,96318.25,96470.58333333333,8859.666666666666,10718.0,9656.147222222222,80.19136545098056,80.31819310829054,0.12682765731000079,2.027482205492011,60.0,10.0
original,290.0,120110.5,117435.66666666667,96709.83333333333,94035.0,8827.666666666666,10616.666666666666,9656.147222222222,80.51738468604603,78.2904075830173,-2.2269771030287346,2.0136740757830434,60.0,10.0
original,300.0,120110.5,117110.08333333333,96926.08333333333,93925.66666666666,8889.666666666666,10574.0,9656.147222222222,80.69742723020329,78.1993802928692,-2.498046937334098,2.0156762545908435,60.0,10.0
original,310.0,120110.5,122346.25,95986.16666666666,98221.91666666666,8840.833333333332,10873.5,9656.147222222222,79.914883933267,81.77629488401652,1.8614109507495182,2.041635538443703,60.0,10.0
original,320.0,120110.5,115514.16666666667,96875.16666666666,92278.83333333333,8888.166666666666,10511.5,9656.147222222222,80.65503571017243,76.82828173501345,-3.8267539751589816,2.009048352330539,60.0,10.0
original,330.0,120110.5,118310.33333333333,96982.25,95182.08333333333,8896.333333333332,10613.166666666666,9656.147222222222,80.74418972529462,79.24543094345067,-1.498758781843945,2.0204227991783013,60.0,10.0
original,340.0,120110.5,123357.0,96365.33333333333,99611.83333333333,8864.333333333332,10640.166666666666,9656.147222222222,80.2305654654117,82.93349318613554,2.7029277207238334,2.019904994314215,60.0,10.0
original,350.0,120110.5,118400.16666666666,96474.41666666666,94764.08333333333,8881.5,10289.0,9656.147222222222,80.32138461389026,78.89741807196982,-1.4239665419204341,1.9853156293932508,60.0,10.0
original,360.0,120110.5,119235.16666666666,96516.33333333333,95641.0,8962.166666666666,10505.5,9656.147222222222,80.35628303381746,79.62750966818055,-0.7287733656369285,2.016090498482112,60.0,10.0
original,370.0,120110.5,118597.91666666666,96715.41666666666,95202.83333333333,8797.666666666666,10592.833333333332,9656.147222222222,80.52203318333257,79.26270670202298,-1.25932648130958,2.0080990434130475,60.0,10.0
original,380.0,120110.5,116728.33333333333,96750.91666666666,93368.75,8974.5,10473.833333333332,9656.147222222222,80.5515893004081,77.73571003367732,-2.815879266730778,2.014088319674312,60.0,10.0
original,390.0,120110.5,112870.33333333333,97399.75,90159.58333333333,8933.333333333332,10498.666666666666,9656.147222222222,81.09178631343637,75.06386480227235,-6.02792151116403,2.0123968237849637,60.0,10.0
original,400.0,120110.5,115134.16666666667,97352.75,92376.41666666666,8912.166666666666,10403.333333333332,9656.147222222222,81.05265567956174,76.90952636669289,-4.14312931286884,2.0003319704517533,60.0,10.0
original,410.0,120110.5,117967.91666666666,97104.41666666666,94961.83333333333,8891.333333333332,10527.166666666666,9656.147222222222,80.84590162114608,79.06205813258069,-1.7838434885653986,2.0109987506519307,60.0,10.0
original,420.0,120110.5,116136.75,97513.5,93539.75,8993.333333333332,10526.5,9656.147222222222,81.18649077307978,77.87807893564676,-3.3084118374330305,2.021492929230746,60.0,10.0
original,430.0,120110.5,112731.66666666667,98099.5,90720.66666666666,8933.166666666666,10471.666666666666,9656.147222222222,81.67437484649552,75.53100408929,-6.143370757205513,2.0095834173567613,60.0,10.0
original,440.0,120110.5,110322.83333333333,97933.91666666666,88146.25,8938.833333333332,10469.833333333332,9656.147222222222,81.53651568069958,73.38763055686222,-8.14888512383736,2.009980401085894,60.0,10.0
original,450.0,120110.5,110331.5,98186.0,88407.0,8978.666666666666,10630.666666666666,9656.147222222222,81.74639186415843,73.60472231819865,-8.141669545959761,2.030761636297891,60.0,10.0
original,460.0,120110.5,115171.58333333333,97821.41666666666,92882.5,8929.833333333332,10827.166666666666,9656.147222222222,81.44285192940389,77.33087448641044,-4.11197744299347,2.0460541399505727,60.0,10.0
original,470.0,120110.5,119035.16666666666,97331.5,96256.16666666666,8878.666666666666,10879.0,9656.147222222222,81.03496363765034,80.13967693637663,-0.8952867012736964,2.046123180599117,60.0,10.0
original,480.0,120110.5,122582.75,97549.33333333333,100021.58333333333,8907.833333333332,10766.0,9656.147222222222,81.21632441238137,83.27463738252136,2.0583129701399963,2.037441319044604,60.0,10.0
original,490.0,120110.5,111155.16666666667,98403.25,89447.91666666666,9041.833333333332,10372.833333333332,9656.147222222222,81.92726697499386,74.47135484963151,-7.455912125362335,2.0106017669227976,60.0,10.0
original,500.0,120110.5,111720.16666666666,98332.75,89942.41666666666,8956.333333333332,10418.333333333332,9656.147222222222,81.8685710241819,74.88305907199343,-6.985511952188479,2.0064593280101075,60.0,10.0
original,510.0,120110.5,102966.75,99056.58333333333,81912.83333333333,9011.0,9942.833333333332,9656.147222222222,82.47121053807396,68.19789554895978,-14.27331498911419,1.962877418616178,60.0,10.0
original,520.0,120110.5,102635.33333333333,99036.5,81561.33333333333,9020.5,10072.0,9656.147222222222,82.45448982395378,67.90524836157816,-14.549241462375623,1.9772378735135046,60.0,10.0
original,530.0,120110.5,104524.58333333333,98885.41666666666,83299.5,8955.5,10047.166666666666,9656.147222222222,82.32870287499149,69.3523880093747,-12.976314865616805,1.9679346461220872,60.0,10.0
original,540.0,120110.5,112226.25,98627.08333333333,90742.83333333333,8934.0,10319.166666666666,9656.147222222222,82.113623149794,75.54945931732307,-6.564163832470933,1.9938766698128105,60.0,10.0
original,550.0,120110.5,107018.33333333333,99263.41666666666,86171.25,8945.166666666666,10087.333333333332,9656.147222222222,82.64341307934498,71.74331136744914,-10.900101711895855,1.971024215144469,60.0,10.0
original,560.0,120110.5,110234.75,98347.41666666666,88471.66666666666,8888.5,10305.5,9656.147222222222,81.88078200212858,73.65856163005454,-8.222220372074048,1.9877493122544563,60.0,10.0
original,570.0,120110.5,112129.83333333333,98275.08333333333,90294.41666666666,8805.333333333332,10390.333333333332,9656.147222222222,81.82055967907328,75.17612254271414,-6.644437136359163,1.9879219138758182,60.0,10.0
original,580.0,120110.5,112500.16666666666,98621.75,91011.41666666666,8891.333333333332,10508.5,9656.147222222222,82.10918279417703,75.77307285097194,-6.336109943205084,2.0090656124926753,60.0,10.0
original,590.0,120110.5,115211.66666666666,98390.41666666666,93491.58333333333,8881.166666666666,10039.666666666666,9656.147222222222,81.9165823692905,77.83797697398089,-4.078605395309605,1.9594599065132083,60.0,10.0
original,0.0,262221.8333333333,258547.5,79110.08333333333,75435.75,6891.0,7329.0,9656.147222222222,30.169144318646236,28.767913426990255,-1.4012308916559761,1.4726370334614134,65.0,1.0
original,10.0,262221.8333333333,256924.5833333333,79589.5,74292.25,6868.5,7335.166666666666,9656.147222222222,30.351972979620946,28.33183227178515,-2.020140707835796,1.4709455375720648,65.0,1.0
original,20.0,262221.8333333333,258777.5,78912.41666666666,75468.08333333333,6843.333333333333,7382.833333333333,9656.147222222222,30.093762850919482,28.780243953751626,-1.3135188971678486,1.473275659460453,65.0,1.0
original,30.0,262221.8333333333,259059.8333333333,79243.08333333333,76081.08333333333,6911.0,7393.666666666666,9656.147222222222,30.21986473285024,29.014015486887377,-1.205849245962865,1.481405195826608,65.0,1.0
original,40.0,262221.8333333333,256837.5,80064.91666666666,74680.58333333333,6925.333333333333,7326.0,9656.147222222222,30.533276214604555,28.479925711754234,-2.0533505028503147,1.4758819439430206,65.0,1.0
original,50.0,262221.8333333333,255720.41666666666,79994.08333333333,73492.66666666666,6868.0,7298.833333333333,9656.147222222222,30.506263462678866,28.026905972106313,-2.479357490572546,1.4671310417399623,65.0,1.0
original,0.0,262221.8333333333,259939.5833333333,122288.33333333333,120006.08333333333,11737.333333333332,12808.5,9656.147222222222,46.63545051867661,45.76509965163084,-0.8703508670457775,2.5419903786102864,65.0,2.5
original,10.0,262221.8333333333,261013.0833333333,121959.75,120751.0,11687.833333333332,12802.5,9656.147222222222,46.51014312944956,46.04917846276467,-0.46096466668488706,2.536242744618929,65.0,2.5
original,20.0,262221.8333333333,258835.0,122554.83333333333,119168.0,11689.0,12745.666666666666,9656.147222222222,46.737082025333514,45.445491126787694,-1.2915908985458169,2.5304778504654344,65.0,2.5
original,30.0,262221.8333333333,259493.91666666666,123158.83333333333,120430.91666666666,11810.666666666666,12820.333333333332,9656.147222222222,46.96742134998929,45.92711260376869,-1.0403087462205947,2.55081032146189,65.0,2.5
original,40.0,262221.8333333333,255509.3333333333,122695.91666666666,115983.41666666666,11864.833333333332,12582.833333333332,9656.147222222222,46.79088507122786,44.23102957991675,-2.5598554913111102,2.531824143112059,65.0,2.5
original,50.0,262221.8333333333,253215.41666666666,122683.0,113676.58333333333,11772.166666666666,12512.5,9656.147222222222,46.785959216464946,43.35130369896735,-3.434655517497586,2.5149437045428455,65.0,2.5
original,60.0,262221.8333333333,254452.16666666666,122423.41666666666,114653.75,11782.666666666666,12585.833333333332,9656.147222222222,46.68696542558432,43.72395255670931,-2.963012868875014,2.5236255660973597,65.0,2.5
original,70.0,262221.8333333333,256064.91666666666,122725.58333333333,116568.66666666666,11857.166666666666,12731.333333333332,9656.147222222222,46.8021986473285,44.454218470239255,-2.347980177089242,2.5464089801171563,65.0,2.5
original,80.0,262221.8333333333,254600.25,123110.25,115488.66666666666,11741.0,12823.0,9656.147222222222,46.94889378013909,44.042353452642836,-2.9065403274962414,2.5438717362831333,65.0,2.5
original,90.0,262221.8333333333,254716.25,123855.83333333333,116350.25,11883.0,12685.0,9656.147222222222,47.23322682893809,44.37092385518368,-2.862302973754403,2.5442859801744024,65.0,2.5
original,100.0,262221.8333333333,251130.75,123503.83333333333,112412.75,11816.5,12407.666666666666,9656.147222222222,47.09898934172148,42.86933264519672,-4.229656696524755,2.5086782656874016,65.0,2.5
original,110.0,262221.8333333333,254858.91666666666,123386.75,116023.83333333333,11820.833333333332,12590.5,9656.147222222222,47.05433885177372,44.246442738368465,-2.8078961134052496,2.528061427766365,65.0,2.5
original,120.0,262221.8333333333,258282.0,123012.16666666666,119072.33333333333,11799.666666666666,12718.0,9656.147222222222,46.911489063649036,45.40900802183393,-1.5024810418150971,2.5390734112092668,65.0,2.5
original,130.0,262221.8333333333,255239.66666666666,124347.66666666666,117365.5,11671.833333333332,12834.666666666666,9656.147222222222,47.42079066642684,44.758096039549216,-2.662694626877621,2.537916980346141,65.0,2.5
original,140.0,262221.8333333333,257895.41666666666,123002.25,118675.83333333333,11723.833333333332,12723.5,9656.147222222222,46.90770727837944,45.25780017046635,-1.6499071079130803,2.5317896227877865,65.0,2.5
original,0.0,262221.8333333333,260323.0833333333,131129.66666666666,129230.91666666666,13014.833333333332,13900.333333333332,9656.147222222222,50.00715043433327,49.283049784184,-0.7241006501492694,2.787360843538644,65.0,3.0
original,10.0,262221.8333333333,252083.8333333333,132197.3333333333,122059.33333333333,12953.666666666666,13857.0,9656.147222222222,50.41431205512381,46.548119880686265,-3.866192174437547,2.7765387218792403,65.0,3.0
original,20.0,262221.8333333333,256076.75,130986.08333333333,124841.0,12927.0,13962.333333333332,9656.147222222222,49.952393997194484,47.608926538662246,-2.3434674585322406,2.784685518407531,65.0,3.0
original,30.0,262221.8333333333,257647.0,131258.41666666666,126683.58333333333,12972.0,14014.0,9656.147222222222,50.05625008342174,48.311607665519844,-1.7446424179018838,2.794696412446533,65.0,3.0
original,40.0,262221.8333333333,256099.8333333333,131996.0,125874.0,12957.833333333332,14118.5,9656.147222222222,50.337532280238555,48.00286780086327,-2.3346644793752875,2.8040514203243587,65.0,3.0
original,50.0,262221.8333333333,257161.75,132099.16666666666,127039.08333333333,12938.166666666666,13864.666666666666,9656.147222222222,50.37687555892562,48.447179900478666,-1.9296956584469438,2.7757274942588386,65.0,3.0
original,60.0,262221.8333333333,257600.41666666666,131420.91666666666,126799.5,12875.333333333332,14073.833333333332,9656.147222222222,50.11822051431009,48.355813239553534,-1.762407274756548,2.7908819166144307,65.0,3.0
original,70.0,262221.8333333333,259974.8333333333,131365.66666666666,129118.66666666666,12959.666666666666,14029.833333333332,9656.147222222222,50.09715056780804,49.24024251730882,-0.8569080504992275,2.7950588758513937,65.0,3.0
original,80.0,262221.8333333333,257328.91666666666,131783.66666666666,126890.75,12994.833333333332,14015.833333333332,9656.147222222222,50.25655758387777,48.39061201997546,-1.8659455639023157,2.797250916442692,65.0,3.0
original,90.0,262221.8333333333,256068.25,132264.41666666666,126110.83333333333,12947.166666666666,14100.0,9656.147222222222,50.43989472018285,48.09318573141952,-2.3467089887633237,2.801030891950522,65.0,3.0
original,100.0,262221.8333333333,253894.41666666666,132617.5833333333,124290.16666666666,12976.833333333332,14016.166666666666,9656.147222222222,50.57457712331353,47.398862667804806,-3.175714455508723,2.795421339256254,65.0,3.0
original,110.0,262221.8333333333,252814.16666666666,132689.41666666666,123281.75,12929.333333333332,13947.833333333332,9656.147222222222,50.601971231737,47.0142964195074,-3.587674812229591,2.783425526571588,65.0,3.0
original,120.0,262221.8333333333,254536.8333333333,132910.75,125225.75,12978.666666666666,13973.666666666666,9656.147222222222,50.68637813657775,47.75565345118097,-2.9307246853967794,2.7912098596950186,65.0,3.0
original,130.0,262221.8333333333,254974.8333333333,132326.25,125079.25,12856.166666666666,13977.833333333332,9656.147222222222,50.463475263628574,47.69978472425701,-2.763690539371563,2.77895514457831,65.0,3.0
original,140.0,262221.8333333333,257427.0,131674.66666666666,126879.83333333333,12870.166666666666,14080.333333333332,9656.147222222222,50.214989725620356,48.38644887820808,-1.8285408474122664,2.7910199979115204,65.0,3.0
original,150.0,262221.8333333333,256635.91666666666,132251.16666666666,126665.25,13026.666666666666,13932.666666666666,9656.147222222222,50.43484174658734,48.304616129727314,-2.1302256168600215,2.7919347865047395,65.0,3.0
original,160.0,262221.8333333333,256078.5,132150.75,126007.41666666666,13029.333333333332,13712.0,9656.147222222222,50.396547198269154,48.05374711360801,-2.3428000846611354,2.7693584944305774,65.0,3.0
original,170.0,262221.8333333333,252792.0,132077.8333333333,122648.0,12864.5,13896.833333333332,9656.147222222222,50.36873995363976,46.77261173904284,-3.5961282145969213,2.7714297138869224,65.0,3.0
original,0.0,262221.8333333333,259725.66666666666,155802.75,153306.5833333333,16320.5,17708.166666666664,9656.147222222222,59.41639108363085,58.46446170576948,-0.9519293778613619,3.524041823674211,65.0,5.0
original,10.0,262221.8333333333,261978.0833333333,154878.5833333333,154634.8333333333,16339.833333333332,17662.0,9656.147222222222,59.06395412027094,58.970998473938415,-0.09295564633252634,3.5212629375702806,65.0,5.0
original,20.0,262221.8333333333,259022.0833333333,155986.75,152787.0,16443.666666666664,17720.5,9656.147222222222,59.48656067922135,58.2663152254675,-1.220245453753851,3.538074335490949,65.0,5.0
original,30.0,262221.8333333333,256766.0833333333,156132.25,150676.5,16485.666666666664,17595.0,9656.147222222222,59.54204804964753,57.46146233691449,-2.0805857127330487,3.5294269942607084,65.0,5.0
original,40.0,262221.8333333333,254778.5833333333,155489.0833333333,148045.8333333333,16490.166666666664,17432.333333333332,9656.147222222222,59.29677226216225,56.45824051010245,-2.838531752059802,3.5130471003934454,65.0,5.0
original,50.0,262221.8333333333,250844.66666666666,155610.0,144232.8333333333,16400.666666666664,17229.166666666664,9656.147222222222,59.34288461868482,55.00412818408841,-4.338756434596403,3.4827382556822606,65.0,5.0
original,60.0,262221.8333333333,254691.0833333333,155389.5833333333,147858.8333333333,16440.166666666664,17504.0,9656.147222222222,59.2588272906337,56.38692684501863,-2.871900445615068,3.5152909214711525,65.0,5.0
original,70.0,262221.8333333333,256176.41666666666,155946.66666666666,149901.25,16422.666666666664,17698.666666666664,9656.147222222222,59.47127463960222,57.16581571201483,-2.305458927587389,3.5336384738219433,65.0,5.0
original,80.0,262221.8333333333,253038.41666666666,155976.0833333333,146792.66666666666,16425.833333333332,17761.833333333332,9656.147222222222,59.48249287657842,55.98033725897475,-3.5021556176036666,3.540508018352155,65.0,5.0
original,90.0,262221.8333333333,252465.75,157146.91666666666,147390.8333333333,16464.0,17682.0,9656.147222222222,59.92899777605603,56.20845200406018,-3.720545771995841,3.5361929778181027,65.0,5.0
original,100.0,262221.8333333333,249570.5,156694.25,144042.91666666666,16428.0,17334.166666666664,9656.147222222222,59.75637040139679,54.93170222921941,-4.8246681721773665,3.4964428244184114,65.0,5.0
original,110.0,262221.8333333333,253285.25,156280.75,147344.16666666666,16373.999999999998,17545.166666666664,9656.147222222222,59.59867948956705,56.19065536749737,-3.408024122069665,3.512701897150721,65.0,5.0
original,120.0,262221.8333333333,256167.8333333333,156749.25,150695.25,16312.166666666666,17771.666666666664,9656.147222222222,59.77734500877438,57.468612771247756,-2.3087322375266237,3.529754937341296,65.0,5.0
original,130.0,262221.8333333333,254465.91666666666,157308.16666666666,149552.25,16140.833333333332,18058.666666666664,9656.147222222222,59.99049151132216,57.032722294291545,-2.957769217030615,3.541733489863826,65.0,5.0
original,140.0,262221.8333333333,258805.41666666666,155919.75,152503.3333333333,16197.0,18001.0,9656.147222222222,59.46100979387046,58.15813709893214,-1.3028726949383151,3.5415781484046,65.0,5.0
original,150.0,262221.8333333333,260420.16666666666,156266.41666666666,154464.75,16305.333333333332,18160.5,9656.147222222222,59.59321337976561,58.90613608960861,-0.6870772901569945,3.5693152289574885,65.0,5.0
original,160.0,262221.8333333333,259634.0833333333,156749.5,154161.75,16232.166666666666,18161.666666666664,9656.147222222222,59.777440347898825,58.790585070782946,-0.9868552771158772,3.561858838914646,65.0,5.0
original,170.0,262221.8333333333,256886.0833333333,156239.5833333333,150903.8333333333,16150.333333333332,18042.833333333332,9656.147222222222,59.58298031374199,57.54815738074188,-2.034822933000113,3.5410776037026497,65.0,5.0
original,180.0,262221.8333333333,261398.0833333333,156897.75,156074.0,16266.999999999998,18277.166666666664,9656.147222222222,59.83397644869389,59.519834033652174,-0.31414241504171725,3.5774275051615074,65.0,5.0
original,190.0,262221.8333333333,254020.8333333333,157413.3333333333,149212.3333333333,16359.0,17860.5,9656.147222222222,60.03059750300477,56.90309286475637,-3.1275046382484044,3.543804709320171,65.0,5.0
original,200.0,262221.8333333333,253715.5833333333,157219.75,148713.5,16266.833333333332,17895.0,9656.147222222222,59.95677324097727,56.71285953178321,-3.2439137091940604,3.537832693221042,65.0,5.0
original,210.0,262221.8333333333,253376.5833333333,156844.3333333333,147999.0833333333,16209.166666666666,17837.0,9656.147222222222,59.8136056557711,56.4404120938315,-3.3731935619396047,3.5258541406985127,65.0,5.0
original,220.0,262221.8333333333,254024.16666666666,157651.5833333333,149453.91666666666,16451.333333333332,17878.833333333332,9656.147222222222,60.12145568859954,56.99522223867705,-3.126233449922486,3.5552654569786144,65.0,5.0
original,230.0,262221.8333333333,253692.16666666666,158165.25,149635.5833333333,16183.0,18028.166666666664,9656.147222222222,60.31734580962303,57.06450200243941,-3.2528438071836088,3.5429417012133606,65.0,5.0
original,240.0,262221.8333333333,254437.3333333333,158131.0833333333,150346.5833333333,16395.833333333332,17721.166666666664,9656.147222222222,60.3043161292824,57.335646472357055,-2.968669656925339,3.533189709606402,65.0,5.0
original,250.0,262221.8333333333,249848.25,158006.66666666666,145633.0833333333,16298.5,17491.5,9656.147222222222,60.25686902501762,55.538122620097106,-4.718746404920509,3.4993252714951586,65.0,5.0
original,260.0,262221.8333333333,255888.0833333333,157262.91666666666,150929.16666666666,16320.666666666666,17729.333333333332,9656.147222222222,59.973235129797864,57.55781841201883,-2.415416717779031,3.5262511244276458,65.0,5.0
original,270.0,262221.8333333333,259495.16666666666,156859.66666666666,154133.0,16389.333333333332,17798.833333333332,9656.147222222222,59.81945312207031,58.77962107147193,-1.0398320505983765,3.5405597988385638,65.0,5.0
original,280.0,262221.8333333333,258117.75,157381.8333333333,153277.75,16268.166666666666,17842.666666666664,9656.147222222222,60.018584773324875,58.45346592675032,-1.5651188465745534,3.532551083607362,65.0,5.0
original,290.0,262221.8333333333,257716.66666666666,157333.8333333333,152828.66666666666,16345.166666666666,17659.333333333332,9656.147222222222,60.0002796614317,58.282205079541434,-1.718074581890266,3.5215391001644605,65.0,5.0
original,0.0,262221.8333333333,261232.25,183897.8333333333,182908.25,20265.166666666664,22739.5,9656.147222222222,70.13063366831264,69.75324963405667,-0.3773840342559756,4.453605115681921,65.0,10.0
original,10.0,262221.8333333333,261628.8333333333,183545.5,182952.5,20214.166666666664,22596.666666666664,9656.147222222222,69.99626906226345,69.77012465908318,-0.22614440318025897,4.43353154711751,65.0,10.0
original,20.0,262221.8333333333,260245.3333333333,183843.8333333333,181867.3333333333,20354.0,22484.5,9656.147222222222,70.11004041743283,69.35628929958159,-0.7537511178512342,4.436396734032121,65.0,10.0
original,30.0,262221.8333333333,255397.0833333333,183784.0833333333,176959.3333333333,20357.166666666664,22253.5,9656.147222222222,70.0872543666908,67.4845916085045,-2.6026627581862942,4.412802092391922,65.0,10.0
original,40.0,262221.8333333333,244364.0833333333,184128.75,166271.0,20516.666666666664,22073.0,9656.147222222222,70.2186952395904,63.40852624145841,-6.8101689981319895,4.4106273119627595,65.0,10.0
original,50.0,262221.8333333333,243750.91666666666,184628.75,166157.8333333333,20455.333333333332,21989.833333333332,9656.147222222222,70.40937348847764,63.3653693977936,-7.044004090684029,4.395662751390666,65.0,10.0
original,60.0,262221.8333333333,249399.0833333333,184397.5833333333,171574.8333333333,20416.333333333332,22391.333333333332,9656.147222222222,70.32121657807544,65.43117754623789,-4.8900390318375475,4.433203604036922,65.0,10.0
original,70.0,262221.8333333333,251053.0,184727.75,173558.91666666666,20358.833333333332,22474.166666666664,9656.147222222222,70.4471277817573,66.18782061753058,-4.25930716422672,4.435827148681626,65.0,10.0
original,80.0,262221.8333333333,247160.75,184765.25,169704.16666666666,20177.5,22527.5,9656.147222222222,70.46142865042385,64.71778665773445,-5.743641992689389,4.422571344161017,65.0,10.0
original,90.0,262221.8333333333,248024.0833333333,185761.25,171563.5,20297.333333333332,22603.833333333332,9656.147222222222,70.84125972220723,65.42685550592978,-5.41440421627744,4.442886554995336,65.0,10.0
original,100.0,262221.8333333333,243722.5833333333,185157.25,166658.0,20244.666666666664,22037.833333333332,9656.147222222222,70.61092039755144,63.556111206097135,-7.05480919145431,4.378816833145725,65.0,10.0
original,110.0,262221.8333333333,248794.5833333333,185045.41666666666,171618.16666666666,20150.833333333332,22355.333333333332,9656.147222222222,70.56827202921698,65.44770299447478,-5.120569034742213,4.401979970732518,65.0,10.0
original,120.0,262221.8333333333,254692.16666666666,184893.5,177363.8333333333,20163.0,22690.166666666664,9656.147222222222,70.51033762126343,67.63885031185427,-2.871487309409142,4.437915628300107,65.0,10.0
original,130.0,262221.8333333333,251826.0,185628.5,175232.66666666666,19973.666666666664,23205.0,9656.147222222222,70.79063464712766,66.82611605568059,-3.9645185914470567,4.471624724952124,65.0,10.0
original,140.0,262221.8333333333,266663.8333333333,183763.5833333333,188205.5833333333,20113.666666666664,23185.5,9656.147222222222,70.07943655848642,71.7734221216006,1.6939855631141827,4.484103822176604,65.0,10.0
original,150.0,262221.8333333333,269958.3333333333,183849.3333333333,191585.8333333333,20187.666666666664,23341.0,9656.147222222222,70.11213787817059,73.06250242320274,2.9503645450321643,4.507871065438165,65.0,10.0
original,160.0,262221.8333333333,261794.5,185013.25,184585.91666666666,20222.5,23293.166666666664,9656.147222222222,70.55600506187191,70.39303871848962,-0.16296634338228153,4.506524772791541,65.0,10.0
original,170.0,262221.8333333333,253227.0,184882.0833333333,175887.25,20060.333333333332,22973.333333333332,9656.147222222222,70.50598380124717,67.07574566318213,-3.430238138065028,4.456608383893622,65.0,10.0
original,180.0,262221.8333333333,259785.75,184949.91666666666,182513.8333333333,20190.833333333332,23388.666666666664,9656.147222222222,70.53185248367953,69.60283627539278,-0.9290162082867423,4.513135414889709,65.0,10.0
original,190.0,262221.8333333333,254661.25,184773.0833333333,177212.5,20372.5,22813.166666666664,9656.147222222222,70.46441594298975,67.58113836185774,-2.8832775811319986,4.472349651761846,65.0,10.0
original,200.0,262221.8333333333,255096.5833333333,184912.5,177787.25,20511.666666666664,22553.666666666664,9656.147222222222,70.51758339472114,67.80032300895363,-2.7172603857675215,4.459887814699502,65.0,10.0
original,210.0,262221.8333333333,262081.3333333333,183609.0833333333,183468.5833333333,20307.833333333332,22910.5,9656.147222222222,70.02051697958026,69.96693639164296,-0.05358058793731262,4.4757326435405425,65.0,10.0
original,220.0,262221.8333333333,265074.0833333333,184963.41666666666,187815.66666666666,20583.0,22912.333333333332,9656.147222222222,70.53700079639948,71.62472486717671,1.0877240707772238,4.504419033010922,65.0,10.0
original,230.0,262221.8333333333,261594.91666666666,185890.5,185263.5833333333,20495.0,23194.166666666664,9656.147222222222,70.89055004954457,70.65147130514812,-0.23907874439643928,4.524492601575335,65.0,10.0
original,240.0,262221.8333333333,256802.16666666666,186156.5,180736.8333333333,20371.0,22931.5,9656.147222222222,70.99199087795257,68.92516577884756,-2.0668250991050163,4.4844490254193285,65.0,10.0
original,250.0,262221.8333333333,253884.5833333333,185350.41666666666,177013.16666666666,20438.5,22667.166666666664,9656.147222222222,70.6845857610382,67.50512129996802,-3.1794644610701757,4.464064773936465,65.0,10.0
original,260.0,262221.8333333333,258312.5,185954.0833333333,182044.75,20537.5,22897.666666666664,9656.147222222222,70.91479796686139,69.42394829822841,-1.4908496686329757,4.498188114479751,65.0,10.0
original,270.0,262221.8333333333,263350.0833333333,185479.5833333333,186607.8333333333,20605.333333333332,22725.0,9656.147222222222,70.7338443086674,71.16410977728145,0.43026546861404247,4.487331472496075,65.0,10.0
original,280.0,262221.8333333333,261386.0833333333,184987.25,184151.5,20353.333333333332,22773.5,9656.147222222222,70.54608979292978,70.22737109991478,-0.3187186930150108,4.466256814527763,65.0,10.0
original,290.0,262221.8333333333,257532.3333333333,185544.3333333333,180854.8333333333,20489.166666666664,22536.666666666664,9656.147222222222,70.7585371418983,68.97016584558494,-1.7883712963133633,4.45579715627322,65.0,10.0
original,300.0,262221.8333333333,257449.66666666666,185699.25,180927.0833333333,20440.0,22539.833333333332,9656.147222222222,70.8176156193452,68.99771885254914,-1.8198967667960488,4.451033351523626,65.0,10.0
original,310.0,262221.8333333333,262669.75,184928.5833333333,185376.5,20542.833333333332,22673.5,9656.147222222222,70.52371687839367,70.6945328096885,0.17081593129482078,4.475525521594908,65.0,10.0
original,320.0,262221.8333333333,255540.8333333333,186080.41666666666,179399.41666666666,20597.5,22688.666666666664,9656.147222222222,70.96297600441356,68.41513324278235,-2.5478427616312143,4.48275752952998,65.0,10.0
original,330.0,262221.8333333333,258941.16666666666,186008.75,182728.0833333333,20531.833333333332,22665.833333333332,9656.147222222222,70.9356454554064,69.68454190504096,-1.2511035503654313,4.473592383435652,65.0,10.0
original,340.0,262221.8333333333,263370.3333333333,185246.0833333333,186394.5833333333,20479.833333333332,22631.166666666664,9656.147222222222,70.64479756643706,71.08278550413104,0.4379879376939754,4.4646170991248235,65.0,10.0
original,350.0,262221.8333333333,256677.0,185019.25,179474.41666666666,20444.666666666664,22365.833333333332,9656.147222222222,70.55829320085857,68.44373498011544,-2.114558220743117,4.433497026793238,65.0,10.0
original,360.0,262221.8333333333,259540.41666666666,184953.41666666666,182272.0,20469.0,22557.166666666664,9656.147222222222,70.53318723142173,69.51061156234766,-1.022575669074082,4.455831676597493,65.0,10.0
original,370.0,262221.8333333333,259186.3333333333,185527.75,182492.25,20561.5,22867.666666666664,9656.147222222222,70.75221297997689,69.59460533098249,-1.1576076489943947,4.497566748642848,65.0,10.0
original,380.0,262221.8333333333,255859.41666666666,186016.0833333333,179653.66666666666,20715.0,22763.166666666664,9656.147222222222,70.93844206972341,68.5120931323415,-2.426348937381895,4.502641236310893,65.0,10.0
original,390.0,262221.8333333333,251737.5833333333,186612.41666666666,176128.16666666666,20679.0,22492.833333333332,9656.147222222222,71.16585766122958,67.16762079943763,-3.9982368617919564,4.47091705830454,65.0,10.0
original,400.0,262221.8333333333,254591.41666666666,186352.8333333333,178722.41666666666,20631.833333333332,22541.166666666664,9656.147222222222,71.06686387034897,68.15695489378903,-2.9099089765599193,4.471037879439494,65.0,10.0
original,410.0,262221.8333333333,257243.75,185924.75,180946.66666666666,20710.666666666664,22721.166666666664,9656.147222222222,70.90361150959335,69.00518708396389,-1.8984244256294376,4.497842911237027,65.0,10.0
original,420.0,262221.8333333333,255042.91666666666,186772.41666666666,179593.5,20583.0,22781.833333333332,9656.147222222222,71.2268747008735,68.48914818305875,-2.7377265178147474,4.490904326058271,65.0,10.0
original,430.0,262221.8333333333,252505.0,187029.25,177312.41666666666,20461.0,22777.166666666664,9656.147222222222,71.32481976138524,67.61924223192703,-3.705577529458193,4.477786602834751,65.0,10.0
original,440.0,262221.8333333333,250710.16666666666,186645.3333333333,175133.66666666666,20517.666666666664,22850.833333333332,9656.147222222222,71.17841064594799,66.78836176240091,-4.3900488835470695,4.491284049625268,65.0,10.0
original,450.0,262221.8333333333,250866.75,187387.5833333333,176032.5,20615.833333333332,22968.0,9656.147222222222,71.46147250642109,67.13113769448387,-4.330334811937214,4.5135841791052504,65.0,10.0
original,460.0,262221.8333333333,256700.0833333333,186637.3333333333,181115.5833333333,20478.5,23187.666666666664,9656.147222222222,71.1753597939658,69.06960455237963,-2.1057552415861633,4.522110699200538,65.0,10.0
original,470.0,262221.8333333333,261425.91666666666,185791.91666666666,184996.0,20403.833333333332,23196.666666666664,9656.147222222222,70.85295465480563,70.54942666228531,-0.3035279925203242,4.515310195318872,65.0,10.0
original,480.0,262221.8333333333,264400.8333333333,186295.0,188474.0,20423.833333333332,23171.333333333332,9656.147222222222,71.04480875289434,71.8757845615449,0.8309758086505638,4.514757870130513,65.0,10.0
original,490.0,262221.8333333333,251446.41666666666,187286.75,176511.3333333333,20387.0,22773.666666666664,9656.147222222222,71.42301905956217,67.31374389750154,-4.109275162060618,4.4697606274414134,65.0,10.0
original,500.0,262221.8333333333,253321.5833333333,186617.8333333333,177717.5833333333,20130.5,23288.5,9656.147222222222,71.1679233422592,67.77375517294199,-3.3941681693172003,4.496513878752539,65.0,10.0
original,510.0,262221.8333333333,241502.25,187640.0,166920.41666666666,20278.166666666664,22708.666666666664,9656.147222222222,71.557733242401,63.65618550705478,-7.9015477353462105,4.4517582783333465,65.0,10.0
original,520.0,262221.8333333333,240759.25,188073.5,166610.91666666666,20398.333333333332,22790.666666666664,9656.147222222222,71.72305128418623,63.53815567099358,-8.184895613192639,4.47269485500457,65.0,10.0
original,530.0,262221.8333333333,243420.5,187466.75,168665.41666666666,20132.0,22894.333333333332,9656.147222222222,71.49166322916157,64.32165259567122,-7.17001063349034,4.455848936759629,65.0,10.0
original,540.0,262221.8333333333,250631.75,187422.75,175832.66666666666,20474.833333333332,22477.5,9656.147222222222,71.4748835432595,67.05492995434527,-4.419953588914214,4.448185424771151,65.0,10.0
original,550.0,262221.8333333333,244984.25,187921.0,170683.41666666666,20283.833333333332,22309.0,9656.147222222222,71.66489441827562,65.09123000818009,-6.573664410095517,4.410955255043347,65.0,10.0
original,560.0,262221.8333333333,249526.0833333333,186795.75,174100.0,20210.0,22414.833333333332,9656.147222222222,71.2357730191549,66.39416626253471,-4.84160675662019,4.4142692061735,65.0,10.0
original,570.0,262221.8333333333,252741.91666666666,186469.25,176989.3333333333,20199.5,22658.166666666664,9656.147222222222,71.11126012263155,67.49603230343774,-3.6152278191937963,4.438381652677784,65.0,10.0
original,580.0,262221.8333333333,252088.91666666666,187162.16666666666,177029.25,20179.5,22671.333333333332,9656.147222222222,71.37550839588108,67.51125478364058,-3.8642536122405233,4.4376739860302,65.0,10.0
original,590.0,262221.8333333333,254576.8333333333,186369.0,178724.0,20103.333333333332,22515.333333333332,9656.147222222222,71.07302913372965,68.15755870824385,-2.915470425485801,4.41363058017446,65.0,10.0
qc60,0.0,62998.75,60209.58333333333,32057.583333333332,29268.416666666664,1861.8333333333333,2275.5,9650.65,50.8860625541512,46.458726032923934,-4.42733652122728,0.428710328665254,55.0,1.0
qc60,10.0,62998.75,59345.25,32410.166666666664,28756.666666666664,1881.8333333333333,2193.833333333333,9650.65,51.44572974331501,45.64640832820757,-5.799321415107443,0.42232043092088783,55.0,1.0
qc60,20.0,62998.75,60452.58333333333,32064.25,29518.083333333332,1845.8333333333333,2201.833333333333,9650.65,50.89664477469791,46.85503019239799,-4.041614582299921,0.41941907194506756,55.0,1.0
qc60,30.0,62998.75,60411.166666666664,32276.666666666664,29689.083333333332,1845.3333333333333,2219.5,9650.65,51.23382077686726,47.12646414942095,-4.107356627446316,0.42119788131714786,55.0,1.0
qc60,40.0,62998.75,59123.916666666664,32614.666666666664,28739.833333333332,1857.6666666666665,2223.0,9650.65,51.770339358585154,45.61968822132714,-6.150651137258019,0.42283853073799865,55.0,1.0
qc60,50.0,62998.75,58544.75,32582.499999999996,28128.5,1863.0,2179.6666666666665,9650.65,51.7192801444473,44.64929859719439,-7.0699815472529215,0.41890097212795685,55.0,1.0
qc60,0.0,62998.75,60828.25,44238.58333333333,42068.08333333333,2739.0,3491.5,9650.65,70.22136682606136,66.77606037156822,-3.445306454493145,0.6456041821017238,55.0,2.5
qc60,10.0,62998.75,61633.416666666664,44235.0,42869.666666666664,2747.1666666666665,3528.6666666666665,9650.65,70.21567888251751,68.04844011455253,-2.1672387679649767,0.650301620443528,55.0,2.5
qc60,20.0,62998.75,60180.75,44537.75,41719.75,2717.833333333333,3363.5,9650.65,70.69624397309471,66.22313934800293,-4.473104625091768,0.6301475375579192,55.0,2.5
qc60,30.0,62998.75,60413.0,44920.916666666664,42335.166666666664,2649.833333333333,3512.833333333333,9650.65,71.3044570990165,67.20001058222054,-4.104446516795968,0.638575294582921,55.0,2.5
qc60,40.0,62998.75,58814.416666666664,44213.416666666664,40029.08333333333,2664.6666666666665,3308.1666666666665,9650.65,70.18141894349755,63.5394882173588,-6.64193072613875,0.6189047715266156,55.0,2.5
qc60,50.0,62998.75,56910.083333333336,44599.33333333333,38510.666666666664,2691.833333333333,3273.1666666666665,9650.65,70.79399723539488,61.12925521009014,-9.664742025304731,0.6180930818131422,55.0,2.5
qc60,60.0,62998.75,57268.5,44497.33333333333,38767.08333333333,2708.5,3221.1666666666665,9650.65,70.6320892610303,61.53627386786774,-9.095815393162562,0.6144318431055593,55.0,2.5
qc60,70.0,62998.75,58816.0,44324.166666666664,40141.416666666664,2696.1666666666665,3283.0,9650.65,70.35721608232967,63.71779863357077,-6.639417448758904,0.6195610312949559,55.0,2.5
qc60,80.0,62998.75,57095.916666666664,44573.08333333333,38670.25,2721.333333333333,3203.833333333333,9650.65,70.75232974199223,61.38256711442688,-9.369762627565366,0.6139655532701597,55.0,2.5
qc60,90.0,62998.75,57694.0,44984.666666666664,39679.916666666664,2726.833333333333,3232.1666666666665,9650.65,71.40564958299436,62.985244416225186,-8.420405166769182,0.6174713620326092,55.0,2.5
qc60,100.0,62998.75,55604.25,44865.83333333333,37471.33333333333,2735.1666666666665,3175.1666666666665,9650.65,71.21702150174937,59.47948702685899,-11.737534474890374,0.612428523812731,55.0,2.5
qc60,110.0,62998.75,58521.25,44718.08333333333,40240.58333333333,2690.0,3305.1666666666665,9650.65,70.98249303888304,63.875209164202985,-7.1072838746800535,0.6212189507097103,55.0,2.5
qc60,120.0,62998.75,60150.25,44411.75,41563.25,2699.333333333333,3470.1666666666665,9650.65,70.496240004762,65.97472172066907,-4.521518284092938,0.6392833643329724,55.0,2.5
qc60,130.0,62998.75,57724.0,45299.25,40024.5,2694.333333333333,3384.833333333333,9650.65,71.90499811504196,63.532212940732954,-8.372785174309014,0.6299230276371712,55.0,2.5
qc60,140.0,62998.75,60105.666666666664,44441.25,41548.166666666664,2677.833333333333,3443.833333333333,9650.65,70.54306633068117,65.95077944668213,-4.592286883999026,0.6343268760826127,55.0,2.5
qc60,0.0,62998.75,61718.5,46177.33333333333,44897.08333333333,2870.0,3665.5,9650.65,73.2988088387997,71.26662566056204,-2.0321831782376636,0.6772082709454804,55.0,3.0
qc60,10.0,62998.75,56183.416666666664,46836.75,40021.416666666664,2868.5,3409.833333333333,9650.65,74.34552272862557,63.5273186637301,-10.818204064895472,0.6505606703520833,55.0,3.0
qc60,20.0,62998.75,58110.08333333333,46347.33333333333,41458.666666666664,2825.6666666666665,3477.333333333333,9650.65,73.56865546274065,65.80871313584264,-7.759942326898028,0.6531166294498298,55.0,3.0
qc60,30.0,62998.75,59038.416666666664,46522.166666666664,42561.83333333333,2840.833333333333,3453.5,9650.65,73.84617419657796,67.55980608080847,-6.2863681157694975,0.6522185897668378,55.0,3.0
qc60,40.0,62998.75,57066.666666666664,47079.08333333333,41147.0,2834.333333333333,3585.833333333333,9650.65,74.73018644549825,65.31399432528423,-9.41619212021403,0.6652574351641254,55.0,3.0
qc60,50.0,62998.75,59247.25,46930.58333333333,43179.08333333333,2847.6666666666665,3668.6666666666665,9650.65,74.49446748282043,68.53958742567643,-5.954880057143991,0.6752222216465558,55.0,3.0
qc60,60.0,62998.75,58871.75,46430.08333333333,42303.08333333333,2863.1666666666665,3656.833333333333,9650.65,73.70000727527662,67.14908364583953,-6.550923629437092,0.675602161512437,55.0,3.0
qc60,70.0,62998.75,61373.58333333333,46217.666666666664,44592.5,2839.333333333333,3671.5,9650.65,73.36283127310726,70.78315045933451,-2.5796808137727676,0.6746523118477339,55.0,3.0
qc60,80.0,62998.75,59794.583333333336,46230.83333333333,43026.666666666664,2826.1666666666665,3544.5,9650.65,73.38373115868701,68.29765140842741,-5.086079750259591,0.6601282469747288,55.0,3.0
qc60,90.0,62998.75,58875.75,46552.166666666664,42429.166666666664,2815.0,3616.833333333333,9650.65,73.89379418903813,67.34921989192907,-6.54457429710907,0.6664663347373838,55.0,3.0
qc60,100.0,62998.75,57977.5,46527.416666666664,41506.166666666664,2861.6666666666665,3534.6666666666665,9650.65,73.85450769525849,65.8841114572379,-7.970396238020595,0.6627878260358974,55.0,3.0
qc60,110.0,62998.75,57314.25,46574.83333333333,40890.33333333333,2864.0,3487.333333333333,9650.65,73.92977373889693,64.90657883423613,-9.023194904660807,0.6581249276819006,55.0,3.0
qc60,120.0,62998.75,58081.166666666664,46620.5,41702.916666666664,2867.5,3606.1666666666665,9650.65,74.00226194964186,66.19641924112251,-7.805842708519354,0.6708011032072105,55.0,3.0
qc60,130.0,62998.75,58044.583333333336,46637.166666666664,41683.0,2888.5,3510.833333333333,9650.65,74.02871750100861,66.16480485723923,-7.863912643769383,0.6630986859261638,55.0,3.0
qc60,140.0,62998.75,59489.0,46358.83333333333,42849.08333333333,2883.333333333333,3586.6666666666665,9650.65,73.58690979318372,68.01576750861459,-5.571142284569138,0.6704211633413294,55.0,3.0
qc60,150.0,62998.75,58463.583333333336,46818.58333333333,42283.416666666664,2869.833333333333,3588.5,9650.65,74.31668617763579,67.11786609522674,-7.198820082409038,0.6692122637680709,55.0,3.0
qc60,160.0,62998.75,59189.08333333333,46423.916666666664,42614.25,2876.0,3560.6666666666665,9650.65,73.69021872127091,67.64300878985694,-6.047209931413991,0.6669671645605909,55.0,3.0
qc60,170.0,62998.75,56038.5,46740.5,39780.25,2870.333333333333,3404.0,9650.65,74.19274191948253,63.144506835453086,-11.048235084029445,0.6501461904983947,55.0,3.0
qc60,0.0,62998.75,61531.916666666664,51236.666666666664,49769.83333333333,3226.1666666666665,4298.666666666666,9650.65,81.32965601169334,79.0013029359048,-2.3283530757885447,0.7797229547577968,55.0,5.0
qc60,10.0,62998.75,63315.33333333333,50792.0,51108.58333333333,3199.833333333333,4331.833333333333,9650.65,80.6238219012282,81.1263450994398,0.5025231982115971,0.7804310245078483,55.0,5.0
qc60,20.0,62998.75,60939.0,51313.75,49254.0,3205.333333333333,4211.666666666666,9650.65,81.45201293676462,78.18250362110359,-3.269509315661025,0.768549268702108,55.0,5.0
qc60,30.0,62998.75,58831.25,51600.5,47433.0,3121.5,4243.0,9650.65,81.90718069802972,75.2919700787714,-6.615210619258319,0.7631092206224451,55.0,5.0
qc60,40.0,62998.75,58327.416666666664,51025.33333333333,46354.0,3135.0,4137.833333333333,9650.65,80.99419962036283,73.57923768328736,-7.414961937075476,0.7536107239754144,55.0,5.0
qc60,50.0,62998.75,55995.25,51463.666666666664,44460.166666666664,3175.0,4000.6666666666665,9650.65,81.68998062130862,70.57309338148242,-11.116887239826188,0.7435423175295619,55.0,5.0
qc60,60.0,62998.75,57063.916666666664,51201.83333333333,45267.0,3176.0,4062.1666666666665,9650.65,81.27436390933683,71.85380662314728,-9.420557286189545,0.7500185652434465,55.0,5.0
qc60,70.0,62998.75,58430.583333333336,51352.0,46783.83333333333,3188.5,4065.333333333333,9650.65,81.51272842715133,74.2615263530361,-7.2512020741152226,0.7516419446703936,55.0,5.0
qc60,80.0,62998.75,56372.08333333333,51315.33333333333,44688.666666666664,3219.1666666666665,3904.833333333333,9650.65,81.45452621414445,70.9357989907207,-10.518727223423754,0.7381886194194174,55.0,5.0
qc60,90.0,62998.75,56057.08333333333,51919.83333333333,44978.166666666664,3237.1666666666665,3945.333333333333,9650.65,82.41406906221684,71.39533191796133,-11.018737144255516,0.7442503872796133,55.0,5.0
qc60,100.0,62998.75,54487.083333333336,51692.666666666664,43181.0,3265.5,3946.9999999999995,9650.65,82.0534798970879,68.54262981408361,-13.510850083004287,0.7473589861822779,55.0,5.0
qc60,110.0,62998.75,57298.666666666664,51399.83333333333,45699.75,3217.333333333333,4085.1666666666665,9650.65,81.58865585957393,72.5407250143852,-9.047930845188732,0.7566847828902716,55.0,5.0
qc60,120.0,62998.75,58976.166666666664,51446.25,47423.666666666664,3234.333333333333,4288.833333333333,9650.65,81.66233457013035,75.27715497000601,-6.385179600124346,0.7795502548187601,55.0,5.0
qc60,130.0,62998.75,56796.916666666664,52094.666666666664,45892.83333333333,3224.1666666666665,4082.6666666666665,9650.65,82.69158779605415,72.84721257696911,-9.84437521908504,0.7571338027317677,55.0,5.0
qc60,140.0,62998.75,59438.666666666664,51346.666666666664,47786.58333333333,3206.833333333333,4171.166666666666,9650.65,81.50426265071395,75.85322460101722,-5.651038049696758,0.7645080901286441,55.0,5.0
qc60,150.0,62998.75,60661.166666666664,51171.75,48834.166666666664,3239.0,4225.666666666666,9650.65,81.22661163911982,77.5160882821749,-3.710523356944917,0.7734884869585641,55.0,5.0
qc60,160.0,62998.75,60472.166666666664,51418.08333333333,48891.5,3287.333333333333,4200.833333333333,9650.65,81.61762468832053,77.60709537887656,-4.0105293094439745,0.7759235560989847,55.0,5.0
qc60,170.0,62998.75,58626.5,51180.166666666664,46807.916666666664,3245.5,3990.1666666666665,9650.65,81.23997169256003,74.29975462476106,-6.940217067798964,0.749759515334891,55.0,5.0
qc60,180.0,62998.75,61830.666666666664,51269.25,50101.166666666664,3222.833333333333,4313.5,9650.65,81.38137661461536,79.527239297076,-1.854137317539373,0.7809145843371518,55.0,5.0
qc60,190.0,62998.75,58353.666666666664,51126.166666666664,46481.08333333333,3230.833333333333,4012.333333333333,9650.65,81.15425570613172,73.7809612624589,-7.373294443672829,0.7505366650605572,55.0,5.0
qc60,200.0,62998.75,57632.916666666664,51115.0,45749.166666666664,3223.333333333333,4048.6666666666665,9650.65,81.13653048671601,72.61916572418764,-8.517364762528361,0.753524374005896,55.0,5.0
qc60,210.0,62998.75,57168.33333333333,51355.33333333333,45524.916666666664,3262.6666666666665,3937.833333333333,9650.65,81.51801953742468,72.26320628054789,-9.2548132568768,0.746115546621212,55.0,5.0
qc60,220.0,62998.75,58450.416666666664,51172.416666666664,46624.08333333333,3237.6666666666665,4033.1666666666665,9650.65,81.22766986117449,74.00794989318571,-7.219719967988787,0.7534034840485702,55.0,5.0
qc60,230.0,62998.75,56630.083333333336,51719.83333333333,45351.166666666664,3266.6666666666665,4043.4999999999995,9650.65,82.09660244581572,71.98740715754941,-10.109195288266298,0.7574792026098415,55.0,5.0
qc60,240.0,62998.75,58593.08333333333,51764.916666666664,47359.25,3259.333333333333,4020.333333333333,9650.65,82.1681647122628,75.17490426397349,-6.993260448289326,0.7543187937254657,55.0,5.0
qc60,250.0,62998.75,56008.08333333333,51798.666666666664,44808.0,3250.6666666666665,3919.9999999999995,9650.65,82.22173720378049,71.12522073850671,-11.09651646527379,0.7430242177124511,55.0,5.0
qc60,260.0,62998.75,60045.416666666664,51414.75,48461.416666666664,3196.0,4110.666666666666,9650.65,81.61233357804718,76.92440987585732,-4.687923702189862,0.757116532737864,55.0,5.0
qc60,270.0,62998.75,61522.83333333333,51182.33333333333,49706.416666666664,3174.1666666666665,4215.333333333333,9650.65,81.24341091423771,78.90063956295428,-2.3427713512834325,0.765699719707999,55.0,5.0
qc60,280.0,62998.75,60516.916666666664,51431.0,48949.166666666664,3177.0,4272.166666666666,9650.65,81.63812774062977,77.69863158660554,-3.9394961540242237,0.7718823775255207,55.0,5.0
qc60,290.0,62998.75,61657.916666666664,51519.0,50178.166666666664,3179.833333333333,4318.166666666666,9650.65,81.77781305184627,79.64946394439042,-2.12834910745584,0.7769424857393025,55.0,5.0
qc60,0.0,62998.75,62819.666666666664,55883.5,55704.416666666664,3522.333333333333,4982.333333333333,9650.65,88.70572828825969,88.42146338882384,-0.2842648994358392,0.8812532489176031,55.0,10.0
qc60,10.0,62998.75,62578.83333333333,55836.08333333333,55416.166666666664,3496.833333333333,4900.5,9650.65,88.63046224462126,87.96391462793574,-0.666547616685524,0.8701313728436253,55.0,10.0
qc60,20.0,62998.75,61680.5,55935.08333333333,54616.83333333333,3482.6666666666665,4832.166666666666,9650.65,88.78760821973981,86.69510638438592,-2.0925018353538762,0.8615827258612977,55.0,10.0
qc60,30.0,62998.75,57145.5,56263.916666666664,50410.666666666664,3487.1666666666665,4745.833333333333,9650.65,89.30957624820597,80.01851888595672,-9.291057362249251,0.853103158854585,55.0,10.0
qc60,40.0,62998.75,49382.0,56118.666666666664,42501.916666666664,3482.1666666666665,4468.5,9650.65,89.07901611804466,67.46469837364496,-21.614317744399692,0.8238477891817304,55.0,10.0
qc60,50.0,62998.75,49623.416666666664,56399.25,43023.916666666664,3516.833333333333,4439.333333333333,9650.65,89.52439532530407,68.29328624245188,-21.231109082852175,0.8244176989805523,55.0,10.0
qc60,60.0,62998.75,52620.25,56124.25,45745.75,3462.333333333333,4620.666666666666,9650.65,89.08787872775254,72.61374233615746,-16.47413639159507,0.8375601643412619,55.0,10.0
qc60,70.0,62998.75,54316.166666666664,56206.916666666664,47524.33333333333,3486.5,4570.5,9650.65,89.21909826253166,75.43694650026124,-13.78215176227042,0.834866045292286,55.0,10.0
qc60,80.0,62998.75,51620.5,56404.83333333333,45026.58333333333,3511.6666666666665,4397.0,9650.65,89.53325793501193,71.47218529468176,-18.061072640330167,0.819495750718,55.0,10.0
qc60,90.0,62998.75,52580.75,56581.416666666664,46163.416666666664,3540.0,4427.666666666666,9650.65,89.81355450174274,73.27671845340846,-16.536836048334294,0.825609328559907,55.0,10.0
qc60,100.0,62998.75,50501.5,56322.666666666664,43825.416666666664,3566.0,4267.333333333333,9650.65,89.4028320667738,69.56553370767938,-19.837298359094426,0.8116897134735311,55.0,10.0
qc60,110.0,62998.75,53612.166666666664,56161.75,46775.166666666664,3511.833333333333,4478.333333333333,9650.65,89.14740371832775,74.24776946632538,-14.89963425200236,0.8279407777369054,55.0,10.0
qc60,120.0,62998.75,56879.916666666664,56116.666666666664,49997.83333333333,3527.833333333333,4784.5,9650.65,89.07584145188065,79.36321487860208,-9.712626573278575,0.8613236759527423,55.0,10.0
qc60,130.0,62998.75,53605.33333333333,56569.0,47175.58333333333,3501.0,4583.0,9650.65,89.79384511597452,74.88336408791179,-14.910481028062735,0.8376637843046841,55.0,10.0
qc60,140.0,62998.75,63611.666666666664,55899.916666666664,56512.83333333333,3499.333333333333,4994.333333333333,9650.65,88.73178700635593,89.70468990786854,0.9729029015125923,0.8801134293199594,55.0,10.0
qc60,150.0,62998.75,66655.41666666667,55754.916666666664,59411.58333333333,3522.5,5023.166666666666,9650.65,88.50162370946512,94.30597167933226,5.804347969867135,0.8855016674179114,55.0,10.0
qc60,160.0,62998.75,61235.58333333333,56250.0,54486.83333333333,3552.1666666666665,4718.5,9650.65,89.28748586281473,86.4887530837252,-2.7987327790895398,0.8570061774768193,55.0,10.0
qc60,170.0,62998.75,54703.58333333333,56278.916666666664,47983.75,3548.833333333333,4373.833333333333,9650.65,89.33338624443606,76.16619377368599,-13.16719247075009,0.8209464302059101,55.0,10.0
qc60,180.0,62998.75,58372.416666666664,56078.83333333333,51452.5,3485.1666666666665,4744.0,9650.65,89.0157873502781,81.6722554018929,-7.343531948385223,0.8527059489948,55.0,10.0
qc60,190.0,62998.75,57799.5,55412.916666666664,50213.666666666664,3469.833333333333,4586.666666666666,9650.65,87.95875579541921,79.70581426880162,-8.252941526617592,0.8348142353105749,55.0,10.0
qc60,200.0,62998.75,58407.916666666664,55487.166666666664,50896.33333333333,3476.333333333333,4674.166666666666,9650.65,88.07661527675813,80.78943365278411,-7.287181623974025,0.8445545118722573,55.0,10.0
qc60,210.0,62998.75,62005.0,55284.25,54290.5,3482.5,4807.833333333333,9650.65,87.75451893886783,86.17710668862478,-1.5774122502430603,0.8590440367574549,55.0,10.0
qc60,220.0,62998.75,65342.5,55182.916666666664,57526.666666666664,3454.333333333333,5116.166666666666,9650.65,87.59366918655792,91.31398109750855,3.720311910950614,0.8880748965095616,55.0,10.0
qc60,230.0,62998.75,62012.5,55562.0,54575.75,3498.5,4852.833333333333,9650.65,88.19540070239489,86.62989345026688,-1.5655072521280184,0.8653648545262063,55.0,10.0
qc60,240.0,62998.75,59527.33333333333,55959.83333333333,52488.416666666664,3507.0,4675.5,9650.65,88.82689471351944,83.31660019709385,-5.510294516425598,0.8478703507017662,55.0,10.0
qc60,250.0,62998.75,59306.5,55415.33333333333,51723.08333333333,3478.1666666666665,4497.666666666666,9650.65,87.9625918503674,82.10176127833223,-5.86083057203516,0.8264555582611879,55.0,10.0
qc60,260.0,62998.75,62821.08333333333,55548.83333333333,55371.166666666664,3455.5,4748.333333333333,9650.65,88.17450081681514,87.89248463924548,-0.28201617756966846,0.8500809099214387,55.0,10.0
qc60,270.0,62998.75,64727.666666666664,55443.916666666664,57172.83333333333,3474.333333333333,4922.333333333333,9650.65,88.00796312096138,90.75232974199223,2.744366621030837,0.8700622928680106,55.0,10.0
qc60,280.0,62998.75,63075.83333333333,55302.166666666664,55379.25,3460.1666666666665,4850.5,9650.65,87.7829586565871,87.90531558165837,0.12235692507125694,0.8611509760137054,55.0,10.0
qc60,290.0,62998.75,61016.25,55418.166666666664,53435.666666666664,3415.6666666666665,4943.833333333333,9650.65,87.96708929409974,84.82020145902365,-3.1468878350760927,0.8662110842274873,55.0,10.0
qc60,300.0,62998.75,61549.25,55556.75,54107.25,3434.833333333333,4741.166666666666,9650.65,88.18706720371436,85.88622790134725,-2.3008393023671103,0.8471968209395222,55.0,10.0
qc60,310.0,62998.75,65878.25,54929.83333333333,57809.33333333333,3426.333333333333,4969.833333333333,9650.65,87.19194163905368,91.76266724868879,4.570725609635112,0.8700104828862996,55.0,10.0
qc60,320.0,62998.75,59959.83333333333,55579.5,52540.58333333333,3457.833333333333,4707.166666666666,9650.65,88.22317903132999,83.39940607287181,-4.8237729584581786,0.8460570013418784,55.0,10.0
qc60,330.0,62998.75,62318.33333333333,55494.0,54813.58333333333,3351.5,4944.166666666666,9650.65,88.08746205281851,87.00741416827053,-1.0800478845479815,0.8595966765623732,55.0,10.0
qc60,340.0,62998.75,66828.25,55099.666666666664,58929.166666666664,3373.1666666666665,4963.0,9650.65,87.46152370748096,93.54021574502138,6.078692037540427,0.8637932850809703,55.0,10.0
qc60,350.0,62998.75,62532.75,55430.0,54964.0,3392.1666666666665,4733.666666666666,9650.65,87.98587273557015,87.24617551935555,-0.7396972162146074,0.8419985527745107,55.0,10.0
qc60,360.0,62998.75,62564.08333333333,55404.83333333333,54970.166666666664,3458.833333333333,4722.333333333333,9650.65,87.94592485300633,87.25596407336124,-0.6899607796451065,0.8477321907505366,55.0,10.0
qc60,370.0,62998.75,62535.25,55540.58333333333,55077.08333333333,3458.0,4724.333333333333,9650.65,88.1614053188886,87.425676435379,-0.7357288835095934,0.8478530807078625,55.0,10.0
qc60,380.0,62998.75,60990.166666666664,55371.25,53362.666666666664,3489.5,4579.666666666666,9650.65,87.89261691700231,84.70432614403724,-3.188290772965076,0.8361267548472555,55.0,10.0
qc60,390.0,62998.75,57820.58333333333,55848.166666666664,50670.0,3497.333333333333,4530.833333333333,9650.65,88.64964251936215,80.43016726522352,-8.219475254138649,0.8318783363469472,55.0,10.0
qc60,400.0,62998.75,59115.166666666664,55829.58333333333,51946.0,3506.1666666666665,4773.166666666666,9650.65,88.62014457958821,82.45560427786266,-6.164540301725568,0.8579042171598112,55.0,10.0
qc60,410.0,62998.75,61865.75,55598.83333333333,54465.83333333333,3469.833333333333,4894.333333333333,9650.65,88.25386747091542,86.45541908900309,-1.7984483819123396,0.8666946440567906,55.0,10.0
qc60,420.0,62998.75,59880.5,55876.416666666664,52758.166666666664,3475.0,4905.666666666666,9650.65,88.6944846789288,83.74478329596485,-4.949701382963948,0.8684043734532562,55.0,10.0
qc60,430.0,62998.75,57702.0,56260.08333333333,50963.33333333333,3484.6666666666665,4644.833333333333,9650.65,89.30349147139162,80.89578496927848,-8.407706502113138,0.8423784926403921,55.0,10.0
qc60,440.0,62998.75,56049.166666666664,55931.916666666664,48982.33333333333,3465.5,4588.333333333333,9650.65,88.78258166498011,77.75127813382541,-11.031303531154723,0.8345379154081158,55.0,10.0
qc60,450.0,62998.75,56149.166666666664,55925.33333333333,49075.75,3483.0,4608.833333333333,9650.65,88.77213172219025,77.8995614992361,-10.872570222954163,0.8384754740181577,55.0,10.0
qc60,460.0,62998.75,60001.666666666664,55656.33333333333,52659.25,3511.6666666666665,4813.5,9650.65,88.34513912313075,83.58776959860315,-4.757369524527608,0.8626534654833267,55.0,10.0
qc60,470.0,62998.75,63907.166666666664,55368.33333333333,56276.75,3469.833333333333,4825.166666666666,9650.65,87.88798719551313,89.32994702275839,1.4419598272452456,0.8595275965867585,55.0,10.0
qc60,480.0,62998.75,66892.33333333333,55455.5,59349.08333333333,3503.333333333333,5103.166666666666,9650.65,88.0263497291613,94.2067633617069,6.180413632545611,0.891805215192759,55.0,10.0
qc60,490.0,62998.75,58230.416666666664,55846.916666666664,51078.58333333333,3534.6666666666665,4592.0,9650.65,88.64765835300965,81.07872510697963,-7.568933246030018,0.8420849027440293,55.0,10.0
qc60,500.0,62998.75,58318.58333333333,55905.166666666664,51225.0,3514.5,4654.166666666666,9650.65,88.74012050503647,81.31113712573662,-7.428983379299861,0.8464369412077597,55.0,10.0
qc60,510.0,62998.75,51345.25,56517.166666666664,44863.666666666664,3569.333333333333,4169.666666666666,9650.65,89.71156835122389,71.21358228007169,-18.497986071152205,0.8019148969240413,55.0,10.0
qc60,520.0,62998.75,50776.75,56570.58333333333,44348.58333333333,3565.0,4096.666666666666,9650.65,89.79635839335437,70.39597346508198,-19.400384928272388,0.7939016197527282,55.0,10.0
qc60,530.0,62998.75,51233.5,56550.75,44785.5,3568.333333333333,4302.666666666666,9650.65,89.76487628722792,71.08950574416158,-18.675370543066332,0.8155927320957655,55.0,10.0
qc60,540.0,62998.75,57829.25,56380.666666666664,51211.166666666664,3535.0,4515.833333333333,9650.65,89.49489738553012,81.2891790181022,-8.205718367427925,0.8342270555178494,55.0,10.0
qc60,550.0,62998.75,53173.833333333336,56893.666666666664,47068.75,3530.0,4441.833333333333,9650.65,90.309199256599,74.71378400365087,-15.595415252948136,0.8260410784074993,55.0,10.0
qc60,560.0,62998.75,55743.75,56441.916666666664,49186.916666666664,3504.1666666666665,4556.0,9650.65,89.59212153680296,78.07602002685238,-11.516101509950595,0.8351941751764561,55.0,10.0
qc60,570.0,62998.75,57295.416666666664,56283.166666666664,50579.83333333333,3451.0,4607.166666666666,9650.65,89.34013241003458,80.28704273232934,-9.05308967770525,0.8349869352496119,55.0,10.0
qc60,580.0,62998.75,57259.5,56534.5,50795.25,3448.0,4802.0,9650.65,89.73908212464534,80.62898073374471,-9.110101390900613,0.8548646982327616,55.0,10.0
qc60,590.0,62998.75,61381.416666666664,56479.83333333333,54862.5,3469.5,4749.166666666666,9650.65,89.65230791616236,87.08506121153198,-2.567246704630387,0.8516179393788673,55.0,10.0
qc60,0.0,116657.16666666666,113570.0,48680.33333333333,45593.166666666664,3668.5,4052.833333333333,9650.65,41.72939796526288,39.0830396189404,-2.646358346322478,0.80008427757025,60.0,1.0
qc60,10.0,116657.16666666666,111993.25,49257.25,44593.33333333333,3660.6666666666665,3989.833333333333,9650.65,42.22393823497057,38.22596982897179,-3.9979684059987664,0.7927445301611808,60.0,1.0
qc60,20.0,116657.16666666666,113458.75,48727.25,45528.83333333333,3635.333333333333,4081.6666666666665,9650.65,41.769615525835675,39.0278922712278,-2.741723254607867,0.7996352577287541,60.0,1.0
qc60,30.0,116657.16666666666,113692.66666666666,48898.0,45933.5,3618.0,4135.666666666666,9650.65,41.9159845873164,39.37477766046664,-2.541206926849758,0.8034346563875663,60.0,1.0
qc60,40.0,116657.16666666666,112130.66666666666,49433.5,44907.0,3666.5,4055.4999999999995,9650.65,42.375021966074385,38.494848866264824,-3.8801730998095563,0.8001533575458648,60.0,1.0
qc60,50.0,116657.16666666666,111296.33333333333,49396.0,44035.166666666664,3649.1666666666665,3979.833333333333,9650.65,42.34287649137144,37.74750229661558,-4.595374194755855,0.7905167009476046,60.0,1.0
qc60,0.0,116657.16666666666,114225.33333333333,70732.5,68300.66666666666,5879.0,6806.666666666666,9650.65,60.63279438468562,58.54819606739406,-2.084598317291547,1.3144883159856244,60.0,2.5
qc60,10.0,116657.16666666666,115154.16666666666,70575.5,69072.5,5828.0,6810.833333333333,9650.65,60.498211997262636,59.2098213711688,-1.2883906260938391,1.309635447698687,60.0,2.5
qc60,20.0,116657.16666666666,113512.58333333333,70785.16666666666,67640.58333333333,5832.666666666666,6749.166666666666,9650.65,60.67794091804618,57.98236427823409,-2.695576639812095,1.303729109783624,60.0,2.5
qc60,30.0,116657.16666666666,114204.0,71192.75,68739.58333333333,5851.5,6826.0,9650.65,61.02732651087303,58.92444099019492,-2.1028855206781043,1.3136420862843436,60.0,2.5
qc60,40.0,116657.16666666666,111472.75,70645.58333333333,65461.166666666664,5957.666666666666,6587.166666666666,9650.65,60.55828831776302,56.114140722887434,-4.444147594875575,1.2998951711370046,60.0,2.5
qc60,50.0,116657.16666666666,109042.91666666667,71114.58333333333,63500.33333333333,5920.666666666666,6516.5,9650.65,60.960321054714456,54.43328956786481,-6.527031486849632,1.2887387550752194,60.0,2.5
qc60,60.0,116657.16666666666,109744.16666666666,70909.91666666666,63996.916666666664,5965.666666666666,6587.333333333333,9650.65,60.78487819722463,54.85896708731997,-5.925911109904664,1.3007414008382856,60.0,2.5
qc60,70.0,116657.16666666666,111317.83333333333,70743.83333333333,65404.5,5892.333333333333,6611.166666666666,9650.65,60.64250946148472,56.065565338891886,-4.576944122592836,1.295612212648889,60.0,2.5
qc60,80.0,116657.16666666666,109583.41666666666,71170.25,64096.5,5966.666666666666,6601.5,9650.65,61.00803922605127,54.94433118125333,-6.063708044797934,1.3023129702835214,60.0,2.5
qc60,90.0,116657.16666666666,110145.0,71711.5,65199.33333333333,5949.666666666666,6664.833333333333,9650.65,61.47200557759704,55.88969387507269,-5.582311702524341,1.307114028588748,60.0,2.5
qc60,100.0,116657.16666666666,107486.58333333333,71554.25,62383.666666666664,5946.0,6460.833333333333,9650.65,61.337208887009375,53.476068765599486,-7.861140121409882,1.2855956161847475,60.0,2.5
qc60,110.0,116657.16666666666,111062.58333333333,71311.16666666666,65716.58333333333,5906.333333333333,6663.5,9650.65,61.12883477654609,56.33308712280857,-4.795747653737514,1.3024856702225582,60.0,2.5
qc60,120.0,116657.16666666666,113547.33333333333,70942.33333333333,67832.5,5909.166666666666,6704.0,9650.65,60.81266617424562,58.14687767432491,-2.665788499920704,1.3069758686375184,60.0,2.5
qc60,130.0,116657.16666666666,110466.66666666666,72153.16666666666,65962.66666666666,5939.333333333333,6703.833333333333,9650.65,61.85060783520944,56.544032871248085,-5.306574963961352,1.310084467540183,60.0,2.5
qc60,140.0,116657.16666666666,112941.33333333333,71035.41666666666,67319.58333333333,5903.5,6698.333333333333,9650.65,60.892458385897136,57.70719901477692,-3.1852593711202157,1.3058015090520672,60.0,2.5
qc60,0.0,116657.16666666666,115122.91666666666,74643.33333333333,73109.08333333333,6409.5,7264.0,9650.65,63.985210224261124,62.6700317025815,-1.3151785216796226,1.4168475698528078,60.0,3.0
qc60,10.0,116657.16666666666,108048.5,75394.41666666666,66785.75,6345.166666666666,7059.833333333333,9650.65,64.6290483653669,57.249590323783515,-7.379458041583378,1.38902560967396,60.0,3.0
qc60,20.0,116657.16666666666,111000.08333333333,74625.83333333333,68968.75,6329.333333333333,7335.166666666666,9650.65,63.970209002733085,59.120885557823996,-4.849323444909081,1.4159149901820085,60.0,3.0
qc60,30.0,116657.16666666666,111994.16666666666,74860.33333333333,70197.33333333333,6336.833333333333,7378.833333333333,9650.65,64.1712253712088,60.17404274348054,-3.9971826277282583,1.421216878310442,60.0,3.0
qc60,40.0,116657.16666666666,110226.33333333333,75411.25,68980.41666666666,6318.333333333333,7311.666666666666,9650.65,64.64347811178911,59.13088637217602,-5.512591739613079,1.4123401014439443,60.0,3.0
qc60,50.0,116657.16666666666,112313.75,75342.66666666666,70999.25,6357.166666666666,7142.333333333333,9650.65,64.58468761027683,60.861455861405865,-3.7232317488709716,1.3988176962173533,60.0,3.0
qc60,60.0,116657.16666666666,112564.58333333333,74564.08333333333,70471.5,6319.833333333333,7237.666666666666,9650.65,63.91727612105557,60.40906188075315,-3.508214240302421,1.4048276540958382,60.0,3.0
qc60,70.0,116657.16666666666,114888.91666666666,74489.0,72720.75,6328.0,7318.666666666666,9650.65,63.85291373726147,62.3371474534355,-1.515766283825969,1.4140671008343133,60.0,3.0
qc60,80.0,116657.16666666666,112682.08333333333,74552.33333333333,70577.25,6357.333333333333,7220.166666666666,9650.65,63.90720387231532,60.49971211941544,-3.407491752899875,1.4069000533642813,60.0,3.0
qc60,90.0,116657.16666666666,111756.41666666666,75055.5,70154.75,6378.666666666666,7158.0,9650.65,64.33852470844054,60.13753977109565,-4.200984937344899,1.4026689048578767,60.0,3.0
qc60,100.0,116657.16666666666,110368.0,75194.91666666666,68905.75,6460.666666666666,7110.0,9650.65,64.45803443994726,59.06688116032306,-5.39115327962419,1.4061919836142298,60.0,3.0
qc60,110.0,116657.16666666666,109275.08333333333,75398.16666666666,68016.08333333333,6480.166666666666,7145.333333333333,9650.65,64.63226291283719,58.30424763159286,-6.328015281244325,1.4118738116085445,60.0,3.0
qc60,120.0,116657.16666666666,110530.83333333333,75479.75,69353.41666666666,6518.166666666666,7220.666666666666,9650.65,64.70219717891314,59.45062669388793,-5.251570485025205,1.423617407463055,60.0,3.0
qc60,130.0,116657.16666666666,110019.75,75574.58333333333,68937.16666666666,6501.833333333333,7118.333333333333,9650.65,64.78348951271747,59.0938119246853,-5.68967758803216,1.4113211718036263,60.0,3.0
qc60,140.0,116657.16666666666,111869.5,75055.5,70267.83333333333,6441.333333333333,7189.166666666666,9650.65,64.33852470844054,60.234476235922074,-4.1040484725184685,1.4123919114256553,60.0,3.0
qc60,150.0,116657.16666666666,111378.66666666667,75369.5,70091.0,6358.833333333333,7350.833333333333,9650.65,64.6076894832865,60.08289246410065,-4.524797019185836,1.420595158529909,60.0,3.0
qc60,160.0,116657.16666666666,111920.5,74983.58333333333,70246.91666666666,6399.0,7248.5,9650.65,64.27687683139914,60.21654620447665,-4.06033062692247,1.4141534508038318,60.0,3.0
qc60,170.0,116657.16666666666,108538.58333333333,75203.25,67084.66666666666,6329.833333333333,7160.333333333333,9650.65,64.46517787877013,57.50582547436005,-6.959352404410069,1.3978505765587466,60.0,3.0
qc60,0.0,116657.16666666666,114603.83333333333,84991.58333333333,82938.25,7636.5,8806.333333333332,9650.65,72.85586112011978,71.09571779416325,-1.7601433259565382,1.7038057885565565,60.0,5.0
qc60,10.0,116657.16666666666,116898.5,84145.91666666666,84387.25,7557.333333333333,8806.333333333332,9650.65,72.13094494837436,72.33781893668485,0.20687398831048504,1.6956025414523026,60.0,5.0
qc60,20.0,116657.16666666666,114497.41666666666,84719.75,82560.0,7580.166666666666,8746.833333333332,9650.65,72.62284214571758,70.77147710599293,-1.8513650397246635,1.6918031427934905,60.0,5.0
qc60,30.0,116657.16666666666,112361.41666666667,85018.25,80722.5,7582.333333333333,8803.5,9650.65,72.878720124353,69.19634884554885,-3.682371278804119,1.697899450641494,60.0,5.0
qc60,40.0,116657.16666666666,111325.66666666667,84297.75,78966.25,7606.333333333333,8556.666666666666,9650.65,72.26109840372716,67.69086911362783,-4.570229290099325,1.6748094687922577,60.0,5.0
qc60,50.0,116657.16666666666,107936.91666666667,84935.83333333333,76215.58333333333,7594.5,8370.5,9650.65,72.80807151439474,65.33296282697306,-7.475108687421678,1.6542927160346712,60.0,5.0
qc60,60.0,116657.16666666666,110222.41666666667,84691.66666666666,78256.91666666666,7695.0,8670.666666666666,9650.65,72.5987687568845,67.08281960102465,-5.515949155859823,1.6958097813791473,60.0,5.0
qc60,70.0,116657.16666666666,111327.08333333333,84900.33333333333,79570.25,7600.833333333333,8767.833333333332,9650.65,72.77764046500928,68.20862555950985,-4.569014905499444,1.6961206412694134,60.0,5.0
qc60,80.0,116657.16666666666,108581.58333333333,84953.58333333333,76878.0,7678.333333333333,8581.333333333332,9650.65,72.82328703908746,65.90079477900343,-6.922492260084032,1.6848260652563989,60.0,5.0
qc60,90.0,116657.16666666666,108460.25,85762.0,77565.08333333333,7657.833333333333,8807.166666666666,9650.65,73.51627203929463,66.48977130994953,-7.026500729345096,1.7061026977457479,60.0,5.0
qc60,100.0,116657.16666666666,106748.83333333333,85445.66666666666,75537.33333333333,7630.5,8597.166666666666,9650.65,73.24510710157827,64.75155834117922,-8.493548760399056,1.68151022642689,60.0,5.0
qc60,110.0,116657.16666666666,110312.16666666666,85090.58333333333,78745.58333333333,7611.0,8746.333333333332,9650.65,72.94072517333554,67.50171085359808,-5.439014319737465,1.6949462816839624,60.0,5.0
qc60,120.0,116657.16666666666,112568.41666666667,85240.75,81152.0,7698.666666666666,8771.666666666666,9650.65,73.06944994092376,69.56452168247986,-3.50492825844389,1.7066553375506657,60.0,5.0
qc60,130.0,116657.16666666666,109310.41666666667,86233.41666666666,78886.66666666666,7672.5,8791.333333333332,9650.65,73.9203763735047,67.62264927286937,-6.297727100635326,1.705981807788422,60.0,5.0
qc60,140.0,116657.16666666666,112681.5,85133.58333333333,81157.91666666666,7599.166666666666,9019.833333333332,9650.65,72.97758531766158,69.5695935240441,-3.407991793617472,1.7220601721127593,60.0,5.0
qc60,150.0,116657.16666666666,114422.33333333333,84975.91666666666,82741.08333333333,7630.166666666666,9085.666666666666,9650.65,72.84243145513278,70.92670403161401,-1.9157274235187682,1.7320940385708044,60.0,5.0
qc60,160.0,116657.16666666666,113619.91666666666,85397.5,82360.25,7637.666666666666,9018.666666666666,9650.65,73.20381802518206,70.60024887740859,-2.6035691477734617,1.7259286507471863,60.0,5.0
qc60,170.0,116657.16666666666,111416.16666666667,84855.75,79614.75,7577.666666666666,8937.166666666666,9650.65,72.73942306730692,68.246771522824,-4.492651544482896,1.7112664259229515,60.0,5.0
qc60,180.0,116657.16666666666,115694.5,85047.75,84085.08333333333,7597.166666666666,9034.833333333332,9650.65,72.90400789778597,72.07879784496737,-0.8252100528185784,1.7234072316372473,60.0,5.0
qc60,190.0,116657.16666666666,110287.66666666666,85288.25,78918.75,7704.333333333333,8703.333333333332,9650.65,73.11016754221416,67.65015151233744,-5.460016029876719,1.7001618198428774,60.0,5.0
qc60,200.0,116657.16666666666,109555.41666666667,85281.83333333333,78180.08333333333,7681.333333333333,8773.333333333332,9650.65,73.10466709432053,67.01695709507774,-6.087709999242784,1.7050319581237185,60.0,5.0
qc60,210.0,116657.16666666666,108858.25,85405.91666666666,77607.0,7660.0,8692.0,9650.65,73.21103289839316,66.5257028072286,-6.685330091164558,1.6943936418790444,60.0,5.0
qc60,220.0,116657.16666666666,110256.25,85381.66666666666,78980.75,7716.166666666666,8714.0,9650.65,73.1902454914186,67.70329869717963,-5.486946794238952,1.7024932690198757,60.0,5.0
qc60,230.0,116657.16666666666,109005.0,86113.41666666666,78461.25,7727.833333333333,8779.0,9650.65,73.81751085445529,67.25797672096157,-6.559534133493719,1.7104374662155744,60.0,5.0
qc60,240.0,116657.16666666666,110529.58333333333,86274.08333333333,80146.5,7750.333333333333,8695.333333333332,9650.65,73.95523635496033,68.7025943541117,-5.2526420008486365,1.7040993784529193,60.0,5.0
qc60,250.0,116657.16666666666,106985.75,86229.58333333333,76558.16666666666,7740.5,8460.333333333332,9650.65,73.91709039164617,65.62662959698147,-8.290460794664702,1.6787297574083955,60.0,5.0
qc60,260.0,116657.16666666666,112061.83333333333,85614.08333333333,81018.75,7674.166666666666,8805.0,9650.65,73.38947600018858,69.45029809570208,-3.9391779044865043,1.7075706472275614,60.0,5.0
qc60,270.0,116657.16666666666,114692.08333333333,85163.25,83198.16666666666,7574.5,8856.166666666666,9650.65,73.00301595987102,71.31852165104873,-1.684494308822286,1.702545079001587,60.0,5.0
qc60,280.0,116657.16666666666,113743.58333333333,85426.25,82512.66666666666,7687.666666666666,8875.833333333332,9650.65,73.22846288912098,70.73090237347898,-2.4975605156419842,1.71630926414283,60.0,5.0
qc60,290.0,116657.16666666666,114207.41666666666,85401.41666666666,82951.66666666666,7639.833333333333,8604.666666666666,9650.65,73.2071754414288,71.10721873066807,-2.0999567107607335,1.683254495811163,60.0,5.0
qc60,0.0,116657.16666666666,116419.58333333333,95361.33333333333,95123.75,8834.666666666666,10579.833333333332,9650.65,81.74494208814146,81.54128264730129,-0.20365944084017856,2.0117297798593876,60.0,10.0
qc60,10.0,116657.16666666666,116320.66666666666,95134.16666666666,94797.66666666666,8762.5,10382.333333333332,9650.65,81.55021194582987,81.26175988616217,-0.2884520596677158,1.9837869297232138,60.0,10.0
qc60,20.0,116657.16666666666,115741.75,95238.25,94322.83333333333,8766.833333333332,10486.333333333332,9650.65,81.63943349672759,80.8547267420347,-0.7847067546928739,1.9950124257606134,60.0,10.0
qc60,30.0,116657.16666666666,111397.83333333333,95341.75,90082.41666666666,8741.666666666666,10563.333333333332,9650.65,81.72815500690771,77.21978789701447,-4.50836710989323,2.000383393864662,60.0,10.0
qc60,40.0,116657.16666666666,101294.66666666666,95365.41666666666,80002.91666666666,8833.666666666666,10052.666666666666,9650.65,81.74844237316468,68.57951290319355,-13.168929469971127,1.9570011691785871,60.0,10.0
qc60,50.0,116657.16666666666,101156.75,95804.08333333333,80303.66666666666,8775.5,10038.833333333332,9650.65,82.12447299280083,68.83731961031113,-13.28715338248971,1.9495405318121921,60.0,10.0
qc60,60.0,116657.16666666666,105483.58333333333,95550.41666666666,84376.83333333333,8859.333333333332,10396.666666666666,9650.65,81.90702671503252,72.32888963815624,-9.578137076876256,1.9953060156569766,60.0,10.0
qc60,70.0,116657.16666666666,106901.5,95791.5,86035.83333333333,8857.166666666666,10449.5,9650.65,82.11368640017831,73.75100543901432,-8.362680961163973,2.0005560938036986,60.0,10.0
qc60,80.0,116657.16666666666,103170.83333333333,95960.75,82474.41666666666,8823.333333333332,10222.0,9650.65,82.25876964267091,70.69811398928198,-11.560655653388915,1.9734767433627096,60.0,10.0
qc60,90.0,116657.16666666666,104977.16666666667,96370.58333333333,84690.58333333333,8853.5,10557.666666666666,9650.65,82.61008396397992,72.5978401098375,-10.012243854142397,2.0113843799813136,60.0,10.0
qc60,100.0,116657.16666666666,102059.58333333333,96116.58333333333,81519.0,8827.5,10367.166666666666,9650.65,82.39235194865867,69.8791187282393,-12.513233220419373,1.9889506579004177,60.0,10.0
qc60,110.0,116657.16666666666,106526.5,95780.58333333333,85649.91666666666,8782.166666666666,10600.333333333332,9650.65,82.10432849532033,73.42019278712695,-8.684135708193374,2.008413941029879,60.0,10.0
qc60,120.0,116657.16666666666,110562.91666666666,95840.41666666666,89746.16666666666,8841.5,10565.166666666666,9650.65,82.15561838606858,76.93155014051145,-5.224068245557139,2.010918090145914,60.0,10.0
qc60,130.0,116657.16666666666,105850.16666666667,96814.58333333333,86007.58333333333,8903.666666666666,10597.666666666666,9650.65,82.99068638446273,73.72678918140477,-9.263897203057953,2.0207274466832112,60.0,10.0
qc60,140.0,116657.16666666666,118406.16666666666,95562.41666666666,97311.41666666666,8780.0,11153.333333333332,9650.65,81.91731326693746,83.41657820708258,1.4992649401451261,2.0654912708815814,60.0,10.0
qc60,150.0,116657.16666666666,121514.08333333333,95432.5,100289.41666666666,8790.666666666666,11056.833333333332,9650.65,81.80594705568883,85.9693575048254,4.163410449136577,2.05659722402118,60.0,10.0
qc60,160.0,116657.16666666666,114104.75,96124.91666666666,93572.5,8797.833333333332,10788.5,9650.65,82.39949538748155,80.211531510423,-2.1879638770585523,2.0295351435740945,60.0,10.0
qc60,170.0,116657.16666666666,107124.66666666667,95831.83333333333,86299.33333333333,8730.333333333332,10615.833333333332,9650.65,82.14826064408102,73.97688097459364,-8.171379669487361,2.0046490823588736,60.0,10.0
qc60,180.0,116657.16666666666,112530.25,95583.58333333333,91456.66666666666,8774.666666666666,10935.0,9650.65,81.93545760154755,78.39781239329488,-3.537645208252664,2.0423149390628264,60.0,10.0
qc60,190.0,116657.16666666666,110537.66666666666,95041.08333333333,88921.58333333333,8780.5,10548.833333333332,9650.65,81.47041973417835,76.2247068689879,-5.245712865190452,2.002904812974601,60.0,10.0
qc60,200.0,116657.16666666666,111433.16666666666,95054.75,89830.75,8800.833333333332,10700.166666666666,9650.65,81.48213497384788,77.00405604456364,-4.4780789292842424,2.020692906695404,60.0,10.0
qc60,210.0,116657.16666666666,115955.25,94572.25,93870.33333333333,8722.0,10885.0,9650.65,81.06852986600339,80.46683801395255,-0.6016918520508016,2.031676622818152,60.0,10.0
qc60,220.0,116657.16666666666,119938.66666666666,94688.66666666666,97970.16666666666,8821.333333333332,10857.666666666666,9650.65,81.16832370635895,83.9812670460309,2.812943339671945,2.0391372601845474,60.0,10.0
qc60,230.0,116657.16666666666,116148.41666666666,95418.0,94909.25,8892.166666666666,10913.666666666666,9650.65,81.79351747213703,81.35741053200047,-0.436106940136554,2.0522797255452567,60.0,10.0
qc60,240.0,116657.16666666666,112186.41666666667,96010.5,91539.75,8923.666666666666,10545.833333333332,9650.65,82.30141597244348,78.46903247835895,-3.8323834940845063,2.0174288778476064,60.0,10.0
qc60,250.0,116657.16666666666,110614.5,95352.91666666666,89310.25,8894.0,10331.333333333332,9650.65,81.73772721493036,76.55787685568683,-5.17985035924353,1.992128336778697,60.0,10.0
qc60,260.0,116657.16666666666,114967.66666666666,95541.58333333333,93852.08333333333,8893.5,10733.166666666666,9650.65,81.89945466988026,80.45119388293047,-1.4482607869497945,2.033714482098788,60.0,10.0
qc60,270.0,116657.16666666666,118656.41666666667,95204.5,97203.75,8845.0,10819.0,9650.65,81.61050256949495,83.32428497749103,1.7137824079960924,2.0375829607332148,60.0,10.0
qc60,280.0,116657.16666666666,116984.5,94818.08333333333,95145.41666666666,8856.0,10685.333333333332,9650.65,81.2792613112782,81.55985558824077,0.280594276962561,2.0248722452200973,60.0,10.0
qc60,290.0,116657.16666666666,114402.16666666667,94980.33333333333,92725.33333333333,8823.833333333332,10582.833333333332,9650.65,81.41834406515959,79.48532951968946,-1.9330145454701189,2.010918090145914,60.0,10.0
qc60,300.0,116657.16666666666,113928.91666666666,95331.58333333333,92603.33333333333,8885.666666666666,10534.0,9650.65,81.7194400115438,79.38074957532255,-2.3386904362212353,2.012265149670402,60.0,10.0
qc60,310.0,116657.16666666666,119379.25,94437.33333333333,97159.41666666666,8836.5,10837.333333333332,9650.65,80.95287759146102,83.28628188295333,2.333404291492316,2.0386018903735326,60.0,10.0
qc60,320.0,116657.16666666666,112501.0,95265.91666666666,91109.75,8878.0,10471.5,9650.65,81.66314971361953,78.10043103509858,-3.5627186785209575,2.0049944822369477,60.0,10.0
qc60,330.0,116657.16666666666,114984.83333333333,95298.0,93625.66666666666,8885.666666666666,10572.5,9650.65,81.69065195308761,80.25710665011295,-1.4335453029746668,2.016254518262155,60.0,10.0
qc60,340.0,116657.16666666666,120715.0,94549.66666666666,98607.5,8853.333333333332,10613.5,9650.65,81.04917114679338,84.52759724720443,3.478426100411042,2.017152557945147,60.0,10.0
qc60,350.0,116657.16666666666,114737.83333333333,95030.08333333333,93110.75,8880.333333333332,10240.833333333332,9650.65,81.46099039493215,79.81571356524746,-1.645276829684699,1.9813345905888893,60.0,10.0
qc60,360.0,116657.16666666666,115808.66666666666,95083.5,94235.0,8961.0,10464.5,9650.65,81.5067798377868,80.77943489684161,-0.7273449409451913,2.0128695994570314,60.0,10.0
qc60,370.0,116657.16666666666,115262.25,95188.91666666666,93794.0,8792.333333333332,10556.666666666666,9650.65,81.59714433889617,80.40140411433504,-1.1957402245611346,2.0049426722552366,60.0,10.0
qc60,380.0,116657.16666666666,113385.5,95239.08333333333,91967.41666666666,8969.0,10436.5,9650.65,81.64014784060987,78.83563375874893,-2.8045140818609435,2.0107972001885885,60.0,10.0
qc60,390.0,116657.16666666666,109356.33333333333,95845.08333333333,88544.25,8926.333333333332,10451.666666666666,9650.65,82.15961871180939,75.9012519590881,-6.2583667527212885,2.0079476511944794,60.0,10.0
qc60,400.0,116657.16666666666,111754.83333333333,95722.91666666666,90820.58333333333,8905.0,10355.166666666666,9650.65,82.05489589866603,77.85255370794478,-4.20234219072124,1.9957377655045685,60.0,10.0
qc60,410.0,116657.16666666666,114876.58333333333,95461.58333333333,93681.0,8884.0,10486.666666666666,9650.65,81.83087765718065,80.30453908389684,-1.5263385732838206,2.0071877714627164,60.0,10.0
qc60,420.0,116657.16666666666,113047.41666666666,95834.66666666666,92224.91666666666,8985.833333333332,10484.833333333332,9650.65,82.1506894132808,79.05636601837578,-3.0943233949050137,2.017549767804932,60.0,10.0
qc60,430.0,116657.16666666666,109654.33333333333,96336.16666666666,89333.33333333333,8925.5,10428.833333333332,9650.65,82.58058156164145,76.57766418122618,-6.0029173804152585,2.005495312060155,60.0,10.0
qc60,440.0,116657.16666666666,107600.0,95943.91666666666,86886.75,8931.0,10429.333333333332,9650.65,82.24433989624869,74.48042197721816,-7.763917919030542,2.0061170318406876,60.0,10.0
qc60,450.0,116657.16666666666,108356.83333333333,96097.66666666666,87797.33333333333,8970.666666666666,10606.166666666666,9650.65,82.37613634253076,75.26098553739375,-7.115150805136985,2.028550753921584,60.0,10.0
qc60,460.0,116657.16666666666,113216.91666666666,95699.91666666666,92259.66666666666,8921.666666666666,10801.833333333332,9650.65,82.0351800075149,79.08615415826718,-2.949025849247725,2.043748348556833,60.0,10.0
qc60,470.0,116657.16666666666,117105.66666666667,95168.33333333333,95616.83333333333,8865.333333333332,10853.0,9650.65,81.57950004500366,81.96395992245083,0.3844598774471761,2.0432129787458186,60.0,10.0
qc60,480.0,116657.16666666666,120623.08333333333,95395.66666666666,99361.58333333333,8889.666666666666,10744.5,9650.65,81.77437305609172,85.17400702628642,3.3996339701947202,2.0344916318244537,60.0,10.0
qc60,490.0,116657.16666666666,109143.33333333333,96276.58333333333,88762.75,9023.5,10350.5,9650.65,82.52950597405788,76.0885529250239,-6.440953049033989,2.0075331713407905,60.0,10.0
qc60,500.0,116657.16666666666,109279.58333333333,96292.66666666666,88915.08333333333,8937.833333333332,10386.5,9650.65,82.54329281098605,76.21913498670605,-6.324157824279973,2.0023867131574904,60.0,10.0
qc60,510.0,116657.16666666666,100250.91666666667,97076.66666666666,80670.41666666666,8991.666666666666,9902.833333333332,9650.65,83.21534753544218,69.15170235290589,-14.063645182536282,1.9578473988798684,60.0,10.0
qc60,520.0,116657.16666666666,99436.91666666667,97154.16666666666,79933.91666666666,9002.833333333332,10013.333333333332,9650.65,83.28178151649492,68.52036522974014,-14.761416286754768,1.9704544944295632,60.0,10.0
qc60,530.0,116657.16666666666,101411.41666666667,96923.41666666666,81677.66666666666,8936.833333333332,10000.0,9650.65,83.08397969548949,70.01512980342685,-13.068849892062628,1.962233977331406,60.0,10.0
qc60,540.0,116657.16666666666,108892.41666666667,96829.75,89065.0,8915.166666666666,10270.5,9650.65,83.00368744312037,76.3476454511296,-6.656041991990765,1.9880180782296182,60.0,10.0
qc60,550.0,116657.16666666666,103618.83333333333,97233.58333333333,84195.25,8926.166666666666,10029.666666666666,9650.65,83.34985848847691,72.1732341062058,-11.176624382271124,1.9642027566364268,60.0,10.0
qc60,560.0,116657.16666666666,107013.58333333333,96475.41666666666,86831.83333333333,8870.666666666666,10257.0,9650.65,82.6999484243717,74.4333467153754,-8.2666017089963,1.9820081203511333,60.0,10.0
qc60,570.0,116657.16666666666,108974.66666666666,96321.25,88638.75,8787.333333333332,10335.166666666666,9650.65,82.56779480614851,75.98225855533951,-6.585536250808995,1.981472750540119,60.0,10.0
qc60,580.0,116657.16666666666,109388.0,96613.66666666666,89344.5,8873.166666666666,10459.166666666666,9650.65,82.8184580744432,76.58723638924884,-6.231221685194358,2.0032156728648673,60.0,10.0
qc60,590.0,116657.16666666666,112432.16666666666,96355.16666666666,92130.16666666666,8862.833333333332,9999.0,9650.65,82.5968686021576,78.97514511895969,-3.621723483197918,1.9544624800747445,60.0,10.0
qc60,0.0,258072.3333333333,254316.8333333333,78997.91666666666,75242.41666666666,6889.0,7322.0,9650.65,30.610765457229693,29.15555328803165,-1.4552121691980415,1.472543300192215,65.0,1.0
qc60,10.0,258072.3333333333,252683.91666666666,79503.91666666666,74115.5,6864.5,7331.333333333333,9650.65,30.80683451797106,28.71888630706895,-2.0879482109021077,1.470971730746979,65.0,1.0
qc60,20.0,258072.3333333333,254490.91666666666,78809.16666666666,75227.75,6838.666666666666,7376.666666666666,9650.65,30.537627047714015,29.149870126850743,-1.3877569208632685,1.472992320033711,65.0,1.0
qc60,30.0,258072.3333333333,254893.91666666666,79045.83333333333,75867.41666666666,6907.5,7386.666666666666,9650.65,30.629332603133232,29.39773345199085,-1.2315991511423763,1.4811610271501574,65.0,1.0
qc60,40.0,258072.3333333333,252673.5833333333,79896.91666666666,74498.16666666666,6920.166666666666,7321.666666666666,9650.65,30.959117405068604,28.867165148789034,-2.0919522562795705,1.475738249064398,65.0,1.0
qc60,50.0,258072.3333333333,251528.5833333333,79833.66666666666,73289.91666666666,6866.0,7291.333333333333,9650.65,30.934608772475933,28.39898245582311,-2.535626316652825,1.466982362155226,65.0,1.0
qc60,0.0,258072.3333333333,255713.91666666666,121880.25,119521.83333333333,11735.0,12791.833333333332,9650.65,47.227166285421276,46.31330750939336,-0.9138587760279058,2.541469572861241,65.0,2.5
qc60,10.0,258072.3333333333,256860.0833333333,121471.25,120259.0,11685.666666666666,12788.333333333332,9650.65,47.068683586126376,46.59895094011111,-0.4697326460152645,2.5359949847937706,65.0,2.5
qc60,20.0,258072.3333333333,254807.8333333333,121876.0,118611.5,11685.166666666666,12727.666666666666,9650.65,47.22551946030635,45.96056402791466,-1.2649554323916938,2.5296568970311153,65.0,2.5
qc60,30.0,258072.3333333333,255523.41666666666,122558.58333333333,120009.66666666666,11806.166666666666,12805.5,9650.65,47.490012490038325,46.50233720003565,-0.98767529000267,2.55025999975822,65.0,2.5
qc60,40.0,258072.3333333333,251713.16666666666,122075.83333333333,115716.66666666666,11856.666666666666,12576.666666666666,9650.65,47.30295253139624,44.8388500898327,-2.4641024415635373,2.5317811062812696,65.0,2.5
qc60,50.0,258072.3333333333,248830.5833333333,122356.75,113115.0,11768.166666666666,12501.333333333332,9650.65,47.411804442423765,43.830734793991866,-3.5810696484319,2.51480470227394,65.0,2.5
qc60,60.0,258072.3333333333,249994.0,122061.91666666666,113983.58333333333,11779.833333333332,12572.333333333332,9650.65,47.29755998641208,44.16730064051809,-3.130259345893973,2.523370619250171,65.0,2.5
qc60,70.0,258072.3333333333,251613.25,122239.41666666666,115780.33333333333,11853.333333333332,12715.5,9650.65,47.366339152976494,44.863520175868004,-2.5028189771084777,2.545821611324971,65.0,2.5
qc60,80.0,258072.3333333333,249772.91666666666,122883.08333333333,114583.66666666666,11737.333333333332,12803.166666666666,9650.65,47.61575243116594,44.39982588860746,-3.215926542558478,2.5428857123613438,65.0,2.5
qc60,90.0,258072.3333333333,249955.66666666666,123634.66666666666,115518.0,11876.666666666666,12666.333333333332,9650.65,47.90698215099901,44.7618690883822,-3.145113062616808,2.543144762269899,65.0,2.5
qc60,100.0,258072.3333333333,246575.0,123168.08333333333,111670.75,11804.666666666666,12389.666666666666,9650.65,47.72618658593133,43.27110487111495,-4.455081714816382,2.5070159350233747,65.0,2.5
qc60,110.0,258072.3333333333,250418.75,122985.91666666666,115332.33333333333,11815.166666666666,12574.333333333332,9650.65,47.65559914080936,44.68992543434205,-2.965673706467301,2.5272390978845984,65.0,2.5
qc60,120.0,258072.3333333333,254099.41666666666,122391.0,118418.08333333333,11796.333333333332,12698.333333333332,9650.65,47.42507591540873,45.88561733984141,-1.5394585755673114,2.538136464037828,65.0,2.5
qc60,130.0,258072.3333333333,251057.66666666666,123607.41666666666,116592.75,11666.333333333332,12816.166666666666,9650.65,47.89642309585039,45.17832209832644,-2.7181009975239463,2.5368757544828586,65.0,2.5
qc60,140.0,258072.3333333333,253833.41666666666,122178.08333333333,117939.16666666666,11720.333333333332,12702.666666666666,9650.65,47.34257320621996,45.70004275287161,-1.6425304533483471,2.5307103666592408,65.0,2.5
qc60,0.0,258072.3333333333,255740.5,130802.74999999999,128470.91666666666,13009.5,13880.5,9650.65,50.68453030610281,49.7809722597153,-0.903558046387504,2.786340816421692,65.0,3.0
qc60,10.0,258072.3333333333,247635.5,131676.5,121239.66666666666,12945.166666666666,13838.666666666666,9650.65,51.02309817531778,46.97894776270736,-4.044150412610411,2.77533983030504,65.0,3.0
qc60,20.0,258072.3333333333,251585.66666666666,130634.33333333333,124147.66666666666,12922.333333333332,13945.333333333332,9650.65,50.619270824587936,48.10576362957672,-2.513507195011214,2.784026637238597,65.0,3.0
qc60,30.0,258072.3333333333,253207.41666666666,130858.16666666666,125993.25,12966.0,13997.166666666666,9650.65,50.70600361397386,48.82090550840398,-1.8850981055698819,2.7939223437454124,65.0,3.0
qc60,40.0,258072.3333333333,251755.25,131435.8333333333,125118.75,12949.166666666666,14103.166666666666,9650.65,50.92984266684922,48.48204702299226,-2.4477956438569475,2.803161790483888,65.0,3.0
qc60,50.0,258072.3333333333,252839.41666666666,131554.0,126321.08333333333,12932.0,13846.5,9650.65,50.97563086318177,48.94793707707271,-2.027693786109059,2.774787190500122,65.0,3.0
qc60,60.0,258072.3333333333,253513.75,130795.16666666666,126236.58333333333,12872.666666666666,14059.5,9650.65,50.681591853446776,48.91519431890542,-1.766397534541342,2.790710124879326,65.0,3.0
qc60,70.0,258072.3333333333,255383.75,130805.91666666666,128117.33333333333,12955.333333333332,14008.166666666666,9650.65,50.685757352266876,49.643962868291446,-1.0417944839754154,2.79395688373322,65.0,3.0
qc60,80.0,258072.3333333333,252950.5833333333,130936.41666666666,125814.66666666666,12987.833333333332,13991.5,9650.65,50.73632457050155,48.7517065628887,-1.9846180076128528,2.7955975331540706,65.0,3.0
qc60,90.0,258072.3333333333,251814.75,131581.3333333333,125323.75,12944.833333333332,14078.166666666666,9650.65,50.98622220901892,48.56148211677088,-2.4247400922480318,2.8001222715568383,65.0,3.0
qc60,100.0,258072.3333333333,249579.0833333333,132018.66666666666,123525.41666666666,12971.166666666666,13995.166666666666,9650.65,51.1556837424133,47.86464905833894,-3.291034684074362,2.794250473629583,65.0,3.0
qc60,110.0,258072.3333333333,248610.8333333333,131986.91666666666,122525.41666666666,12928.833333333332,13927.0,9650.65,51.143380990084175,47.47716079600422,-3.666220194079955,2.782800467671435,65.0,3.0
qc60,120.0,258072.3333333333,250387.66666666666,132076.0833333333,124391.41666666666,12976.333333333332,13951.333333333332,9650.65,51.17793202680902,48.20021389352081,-2.977718133288209,2.7902438350439263,65.0,3.0
qc60,130.0,258072.3333333333,251033.3333333333,131414.5,124375.5,12850.0,13959.666666666666,9650.65,50.92157625058608,48.19404637201198,-2.727529878574095,2.778016679360112,65.0,3.0
qc60,140.0,258072.3333333333,252827.66666666666,131072.3333333333,125827.66666666666,12867.166666666666,14054.166666666666,9650.65,50.788990683490546,48.75674391029905,-2.032246773191492,2.789587575275586,65.0,3.0
qc60,150.0,258072.3333333333,252231.25,131484.25,125643.16666666666,13018.666666666666,13902.166666666666,9650.65,50.948603556883924,48.6852523258983,-2.2633512309856205,2.789535765293875,65.0,3.0
qc60,160.0,258072.3333333333,251858.66666666666,131323.5833333333,125109.91666666666,13020.833333333332,13689.166666666666,9650.65,50.886347109402145,48.478624210008306,-2.4077228993938355,2.7676892230057044,65.0,3.0
qc60,170.0,258072.3333333333,248269.8333333333,131421.41666666666,121618.91666666666,12859.5,13870.666666666666,9650.65,50.92425637773389,47.1259026861978,-3.7983536915360943,2.769778892268051,65.0,3.0
qc60,0.0,258072.3333333333,255238.0,155177.41666666666,152343.0833333333,16315.5,17683.0,9650.65,60.12942753775751,59.03115663954679,-1.098270898210701,3.522923326408066,65.0,5.0
qc60,10.0,258072.3333333333,257539.25,154068.3333333333,153535.25,16334.5,17630.5,9650.65,59.69967076413977,59.49310722962684,-0.20656353451292622,3.5194520576334236,65.0,5.0
qc60,20.0,258072.3333333333,254941.5833333333,154943.75,151813.0,16433.666666666664,17691.333333333332,9650.65,60.03888444712529,58.82575556982087,-1.213128877304425,3.5360312517809684,65.0,5.0
qc60,30.0,258072.3333333333,252683.91666666666,155221.8333333333,149833.41666666666,16475.166666666664,17568.0,9650.65,60.14663847474287,58.05869026384076,-2.0879482109021077,3.527551684774255,65.0,5.0
qc60,40.0,258072.3333333333,250614.41666666666,154537.5,147079.5833333333,16474.5,17406.666666666664,9650.65,59.881467340551815,56.99161217074799,-2.8898551698038113,3.5107652506998663,65.0,5.0
qc60,50.0,258072.3333333333,246052.3333333333,155030.66666666666,143010.66666666666,16394.166666666664,17199.333333333332,9650.65,60.07256363525988,55.41495472199655,-4.657608913263336,3.480957241222094,65.0,5.0
qc60,60.0,258072.3333333333,249936.41666666666,154791.3333333333,146655.41666666666,16433.5,17475.333333333332,9650.65,59.97982477780777,56.82725256614102,-3.1525722116667514,3.513632069687879,65.0,5.0
qc60,70.0,258072.3333333333,251664.25,155062.25,148654.16666666666,16414.166666666664,17671.5,9650.65,60.084801806211956,57.601744730482544,-2.483057075729407,3.531955533219697,65.0,5.0
qc60,80.0,258072.3333333333,248093.0833333333,155430.8333333333,145451.5833333333,16417.166666666664,17732.333333333332,9650.65,60.22762352157083,56.36078127966707,-3.866842241903756,3.538569940884811,65.0,5.0
qc60,90.0,258072.3333333333,247683.8333333333,156507.75,146119.25,16457.666666666664,17649.333333333332,9650.65,60.644916089416796,56.61949427615256,-4.0254218132642405,3.5341660924393694,65.0,5.0
qc60,100.0,258072.3333333333,245461.5,155864.25,143253.41666666666,16418.5,17310.0,9650.65,60.395567392604406,55.5090174976783,-4.886549894926093,3.4949459362840845,65.0,5.0
qc60,110.0,258072.3333333333,249296.25,155308.25,146532.16666666666,16367.333333333332,17520.666666666664,9650.65,60.1801239187463,56.77949463780826,-3.4006292809380243,3.5114733204499182,65.0,5.0
qc60,120.0,258072.3333333333,252352.8333333333,155651.75,149932.25,16308.666666666666,17746.833333333332,9650.65,60.313226136858276,58.096987020434845,-2.2162391164234316,3.5288296643231285,65.0,5.0
qc60,130.0,258072.3333333333,250283.5833333333,156204.0,148415.25,16136.333333333332,18030.166666666664,9650.65,60.52721652973263,57.509167326473076,-3.0180492032595514,3.5403314802629877,65.0,5.0
qc60,140.0,258072.3333333333,254638.3333333333,154768.66666666666,151334.66666666666,16193.5,17967.666666666664,9650.65,59.97104171052819,58.64040701767076,-1.3306346928574289,3.539778840458069,65.0,5.0
qc60,150.0,258072.3333333333,256566.8333333333,155008.41666666666,153502.91666666666,16302.0,18129.333333333332,9650.65,60.06394202142294,59.48057844247801,-0.5833635789449212,3.567773500575954,65.0,5.0
qc60,160.0,258072.3333333333,255735.75,155422.3333333333,153085.75,16224.833333333332,18134.333333333332,9650.65,60.22432987134098,59.31893125570738,-0.905398615633594,3.5602955932156557,65.0,5.0
qc60,170.0,258072.3333333333,253052.5833333333,154786.5833333333,149766.8333333333,16145.666666666666,18007.5,9650.65,59.97798420856168,58.03289000370697,-1.9450942048547115,3.538949880750692,65.0,5.0
qc60,180.0,258072.3333333333,257682.0833333333,155428.3333333333,155038.0833333333,16261.999999999998,18247.666666666664,9650.65,60.226654800914986,60.07543750653886,-0.15121729437612452,3.5758903977106895,65.0,5.0
qc60,190.0,258072.3333333333,250673.3333333333,155905.0833333333,148506.0833333333,16350.666666666666,17845.0,9650.65,60.411389829983065,57.54436417696847,-2.8670256530145943,3.5433537291961335,65.0,5.0
qc60,200.0,258072.3333333333,250249.75,155614.8333333333,147792.25,16258.333333333332,17876.166666666664,9650.65,60.298921361840414,57.267762139038545,-3.0311592228018687,3.5370156414334786,65.0,5.0
qc60,210.0,258072.3333333333,249284.0833333333,155523.5,146735.25,16201.333333333332,17809.166666666664,9650.65,60.26353076721385,56.858187045750746,-3.405343721463104,3.524166765969132,65.0,5.0
qc60,220.0,258072.3333333333,249780.16666666666,156278.75,147986.5833333333,16444.166666666664,17845.833333333332,9650.65,60.55618127734215,57.34306402468558,-3.2131172526565512,3.5531285457456234,65.0,5.0
qc60,230.0,258072.3333333333,249297.0,156901.8333333333,148126.5,16178.666666666666,17993.166666666664,9650.65,60.7976187554652,57.397280090723925,-3.400338664741273,3.540884120067905,65.0,5.0
qc60,240.0,258072.3333333333,249989.5,157110.66666666666,149027.8333333333,16389.833333333332,17693.833333333332,9650.65,60.8785392209161,57.74653617784161,-3.1320030430744796,3.5317482932928526,65.0,5.0
qc60,250.0,258072.3333333333,245545.25,156836.0833333333,144309.0,16281.333333333332,17462.5,9650.65,60.77214140221669,55.91804364926113,-4.85409775295556,3.496534775723224,65.0,5.0
qc60,260.0,258072.3333333333,251456.25,156253.5833333333,149637.5,16315.666666666666,17703.5,9650.65,60.54642948940672,57.982774855111685,-2.5636546342950286,3.5250648056521237,65.0,5.0
qc60,270.0,258072.3333333333,255518.66666666666,155530.91666666666,152977.25,16382.333333333332,17768.666666666664,9650.65,60.26640463849283,59.27688877924407,-0.98951585924876,3.5387253708299444,65.0,5.0
qc60,280.0,258072.3333333333,254114.41666666666,155961.3333333333,152003.41666666666,16260.833333333332,17813.5,9650.65,60.433186044739394,58.8995397931071,-1.5336462516322906,3.5307811736342454,65.0,5.0
qc60,290.0,258072.3333333333,253969.16666666666,155798.0,151694.8333333333,16340.499999999998,17630.833333333332,9650.65,60.36989629522473,58.77996737348831,-1.5899289217364088,3.5201083174017636,65.0,5.0
qc60,0.0,258072.3333333333,257167.25,182683.66666666666,181778.5833333333,20254.5,22711.0,9650.65,70.78777655360189,70.43706738550044,-0.3507091681014421,4.452083538414511,65.0,10.0
qc60,10.0,258072.3333333333,257305.16666666666,181942.16666666666,181175.0,20203.333333333332,22551.0,9650.65,70.50045400708069,70.20318592849293,-0.29726807858778237,4.430202456138533,65.0,10.0
qc60,20.0,258072.3333333333,255672.8333333333,182431.25,180031.75,20343.0,22439.333333333332,9650.65,70.68996805805091,69.76018997257876,-0.929778085472161,4.433103815114353,65.0,10.0
qc60,30.0,258072.3333333333,251156.41666666666,182432.75,175516.8333333333,20346.0,22215.833333333332,9650.65,70.69054929044441,68.01071275882602,-2.6798365316183927,4.4102556131797686,65.0,10.0
qc60,40.0,258072.3333333333,239478.91666666666,182897.91666666666,164304.5,20495.833333333332,22025.166666666664,9650.65,70.8707959138071,63.66606519877502,-7.2047307150320865,4.406024464673364,65.0,10.0
qc60,50.0,258072.3333333333,238817.41666666666,183367.5833333333,164112.66666666666,20443.833333333332,21939.666666666664,9650.65,71.05278623435032,63.59173203378381,-7.461054200566505,4.391776719702818,65.0,10.0
qc60,60.0,258072.3333333333,244812.91666666666,183005.8333333333,169746.41666666666,20404.666666666664,22347.5,9650.65,70.91261235545073,65.77474403171203,-5.137868323738689,4.429977946217785,65.0,10.0
qc60,70.0,258072.3333333333,246784.8333333333,182939.0,171651.5,20347.0,22428.5,9650.65,70.88671522325137,66.51294146214822,-4.373773761103154,4.432395745364302,65.0,10.0
qc60,80.0,258072.3333333333,242373.0833333333,183361.41666666666,167662.16666666666,20165.5,22474.833333333332,9650.65,71.05039672339925,64.9671216209409,-6.083275102458355,4.418389780308408,65.0,10.0
qc60,90.0,258072.3333333333,243642.66666666666,184280.0833333333,169850.41666666666,20291.833333333332,22561.833333333332,9650.65,71.40636927373075,65.81504281099484,-5.591326462735895,4.440495372505134,65.0,10.0
qc60,100.0,258072.3333333333,239982.0833333333,183596.0,165505.75,20232.833333333332,22003.666666666664,9650.65,71.14129501160528,64.1315354739046,-7.009759537700671,4.3765445850797615,65.0,10.0
qc60,110.0,258072.3333333333,245241.0833333333,183287.0,170455.75,20148.666666666664,22321.666666666664,9650.65,71.02156113854385,66.04960237246148,-4.971958766082378,4.400774386526641,65.0,10.0
qc60,120.0,258072.3333333333,250909.3333333333,183201.66666666666,176038.66666666666,20160.833333333332,22654.5,9650.65,70.98849547349128,68.21291705038767,-2.7755784231036005,4.436523273907284,65.0,10.0
qc60,130.0,258072.3333333333,247120.5,184014.5,173062.66666666666,19971.5,23151.5,9650.65,71.30345884939236,67.05975198167955,-4.243706867712792,4.4684036826535,65.0,10.0
qc60,140.0,258072.3333333333,261573.25,182547.66666666666,186048.5833333333,20111.5,23133.0,9650.65,70.73507814992438,72.0916422656697,1.3565641157453348,4.480993508209292,65.0,10.0
qc60,150.0,258072.3333333333,264758.3333333333,182613.0,189299.0,20185.666666666664,23283.333333333332,9650.65,70.76039404973025,73.35114057170018,2.590746521969939,4.504256189997565,65.0,10.0
qc60,160.0,258072.3333333333,256849.5,183553.5,182330.66666666666,20217.166666666664,23240.833333333332,9650.65,71.12482676045606,70.65099319699773,-0.4738335634582994,4.503116370399922,65.0,10.0
qc60,170.0,258072.3333333333,248246.8333333333,183316.0,173490.5,20058.333333333332,22903.666666666664,9650.65,71.03279829815156,67.22553237658177,-3.8072659215697926,4.451720868542534,65.0,10.0
qc60,180.0,258072.3333333333,254792.41666666666,183336.75,180056.8333333333,20188.666666666664,23325.0,9650.65,71.040838679595,69.76990946982565,-1.2709292097693503,4.5088845483637545,65.0,10.0
qc60,190.0,258072.3333333333,250559.91666666666,183068.5833333333,175556.16666666666,20367.166666666664,22773.5,9650.65,70.93692724391224,68.02595396381118,-2.9109732801010533,4.470234302007292,65.0,10.0
qc60,200.0,258072.3333333333,251488.66666666666,182964.5,176380.8333333333,20506.333333333332,22524.0,9650.65,70.8965961739409,68.3455026174832,-2.551093556457682,4.4588015660430464,65.0,10.0
qc60,210.0,258072.3333333333,257766.5,182099.91666666666,181794.0833333333,20307.5,22865.5,9650.65,70.561580280464,70.44307345356664,-0.11850682689736106,4.473584680824608,65.0,10.0
qc60,220.0,258072.3333333333,260752.0833333333,183139.41666666666,185819.16666666666,20582.5,22862.0,9650.65,70.96437432916095,72.00274600015241,1.0383716709914663,4.501717500893722,65.0,10.0
qc60,230.0,258072.3333333333,257528.75,184076.5,183532.91666666666,20494.333333333332,23147.0,9650.65,71.32748312165711,71.11685096038966,-0.21063216126744078,4.5221133636939825,65.0,10.0
qc60,240.0,258072.3333333333,252672.66666666666,184549.75,179150.0833333333,20368.833333333332,22896.333333333332,9650.65,71.51086194180702,69.41855448795364,-2.0923074538533735,4.483134987453349,65.0,10.0
qc60,250.0,258072.3333333333,249608.91666666666,183834.75,175371.3333333333,20434.666666666664,22627.333333333332,9650.65,71.2338078342377,67.95433321665631,-3.2794746175813723,4.462082864884749,65.0,10.0
qc60,260.0,258072.3333333333,253894.16666666666,184401.91666666666,180223.75,20535.333333333332,22858.5,9650.65,71.45357826035853,69.83458771894702,-1.6189905414115127,4.496467422746999,65.0,10.0
qc60,270.0,258072.3333333333,259107.25,183848.25,184883.16666666666,20601.333333333332,22682.833333333332,9650.65,71.23903892577921,71.6400569866071,0.40101806082791497,4.48510376675837,65.0,10.0
qc60,280.0,258072.3333333333,257431.91666666666,183281.66666666666,182641.25,20349.166666666664,22737.166666666664,9650.65,71.01949453447806,70.7713405931412,-0.2481539413368566,4.464604283994688,65.0,10.0
qc60,290.0,258072.3333333333,253768.0,183620.91666666666,179316.5833333333,20487.833333333332,22492.166666666664,9650.65,71.15094992747511,69.48307128363237,-1.6678786438427395,4.453586027884132,65.0,10.0
qc60,300.0,258072.3333333333,253517.66666666666,183916.5,179361.8333333333,20438.5,22494.333333333332,9650.65,71.26548499968355,69.50060512750301,-1.764879872180535,4.448698619609387,65.0,10.0
qc60,310.0,258072.3333333333,259011.75,183163.5,184102.91666666666,20541.166666666664,22631.166666666664,9650.65,70.97370633814552,71.33771926992044,0.3640129317749492,4.473515600848993,65.0,10.0
qc60,320.0,258072.3333333333,251852.5,184213.25,177993.41666666666,20586.666666666664,22640.0,9650.65,71.38047214153138,68.97035973118648,-2.410112410344896,4.479145618861597,65.0,10.0
qc60,330.0,258072.3333333333,254892.0,184055.41666666666,180875.0833333333,20520.666666666664,22606.666666666664,9650.65,71.31931357745954,70.08697174048103,-1.2323418369785142,4.4688527024949956,65.0,10.0
qc60,340.0,258072.3333333333,260131.5,183142.0,185201.16666666666,20468.333333333332,22596.0,9650.65,70.96537534050532,71.76327825402954,0.797902913524252,4.4623246447994,65.0,10.0
qc60,350.0,258072.3333333333,252262.8333333333,183374.3333333333,177564.8333333333,20442.5,22318.666666666664,9650.65,71.05540178012107,68.80428872008753,-2.2511130600335565,4.430910525888584,65.0,10.0
qc60,360.0,258072.3333333333,255395.41666666666,183322.3333333333,180645.41666666666,20466.833333333332,22517.166666666664,9650.65,71.03525239047967,69.99797860289814,-1.0372737875815141,4.454000507737821,65.0,10.0
qc60,370.0,258072.3333333333,255188.0,183786.66666666666,180902.3333333333,20557.666666666664,22835.0,9650.65,71.21517610695709,70.09753079562965,-1.117645311327437,4.496346532789674,65.0,10.0
qc60,380.0,258072.3333333333,251862.75,184283.3333333333,178073.75,20711.166666666664,22728.666666666664,9650.65,71.40762861058334,69.00148795492737,-2.4061406556559652,4.501233941064418,65.0,10.0
qc60,390.0,258072.3333333333,247543.5833333333,184816.5,174287.75,20672.833333333332,22442.666666666664,9650.65,71.6142244357848,67.53445739372812,-4.079767042056685,4.467626532927834,65.0,10.0
qc60,400.0,258072.3333333333,250537.0833333333,184467.5833333333,176932.3333333333,20625.5,22489.833333333332,9650.65,71.47902332291851,68.5592023941608,-2.9198209287576997,4.46760926293393,65.0,10.0
qc60,410.0,258072.3333333333,253506.5833333333,184026.8333333333,179461.0833333333,20704.0,22677.333333333332,9650.65,71.30823787129448,69.53906333753973,-1.7691745337547484,4.495172173204223,65.0,10.0
qc60,420.0,258072.3333333333,251278.41666666666,184844.66666666666,178050.75,20579.5,22735.333333333332,9650.65,71.62513868850722,68.99257572489367,-2.632562963613557,4.488281445636649,65.0,10.0
qc60,430.0,258072.3333333333,248797.3333333333,184986.8333333333,175711.8333333333,20451.5,22733.666666666664,9650.65,71.68022660313581,68.08627296998128,-3.593953633154529,4.474845390379577,65.0,10.0
qc60,440.0,258072.3333333333,247381.16666666666,184350.3333333333,173659.16666666666,20514.166666666664,22805.666666666664,9650.65,71.43359032415977,67.29088873016221,-4.142701593997544,4.48879954545376,65.0,10.0
qc60,450.0,258072.3333333333,248376.91666666666,184986.75,175291.3333333333,20612.333333333332,22939.0,9650.65,71.68019431244728,67.92333415566954,-3.7568601567777473,4.512787566985988,65.0,10.0
qc60,460.0,258072.3333333333,254235.41666666666,184189.5,180352.5833333333,20468.833333333332,23161.833333333332,9650.65,71.37126929530093,69.88450912341114,-1.4867601718897896,4.521008084084146,65.0,10.0
qc60,470.0,258072.3333333333,258976.41666666666,183298.41666666666,184202.5,20394.0,23170.0,9650.65,71.02598496287216,71.37630664271128,0.35032167983911866,4.51410008652267,65.0,10.0
qc60,480.0,258072.3333333333,261956.16666666666,183798.16666666666,187682.0,20413.833333333332,23143.833333333332,9650.65,71.21963222197394,72.72457205150495,1.504939829531001,4.513443826754329,65.0,10.0
qc60,490.0,258072.3333333333,248962.91666666666,184826.41666666666,175717.0,20376.833333333332,22755.333333333332,9650.65,71.61806702771962,68.08827499267002,-3.5297920350496015,4.469353532318203,65.0,10.0
qc60,500.0,258072.3333333333,250388.5,184227.75,176543.91666666666,20120.166666666664,23261.166666666664,9650.65,71.38609072133524,68.40869549493229,-2.977395226402926,4.495172173204223,65.0,10.0
qc60,510.0,258072.3333333333,238231.41666666666,185342.41666666666,165501.5,20260.833333333332,22677.0,9650.65,71.81801097108433,64.12988864878969,-7.68812232229465,4.449216719426498,65.0,10.0
qc60,520.0,258072.3333333333,236910.8333333333,185882.66666666666,164721.16666666666,20382.666666666664,22740.833333333332,9650.65,72.02735150481067,63.82751864141449,-8.19983286339618,4.468455492635211,65.0,10.0
qc60,530.0,258072.3333333333,239729.8333333333,185166.5833333333,166824.0833333333,20121.166666666664,22851.833333333332,9650.65,71.74987761829048,64.64237416641588,-7.107503451874604,4.452860688140177,65.0,10.0
qc60,540.0,258072.3333333333,246709.5833333333,185294.5833333333,173931.8333333333,20463.833333333332,22433.666666666664,9650.65,71.79947611586933,67.39654386302549,-4.402932252843842,4.4450373809018044,65.0,10.0
qc60,550.0,258072.3333333333,241012.25,185502.8333333333,168442.75,20255.0,22258.5,9650.65,71.88017054650052,65.26958850038169,-6.610582046118846,4.405247314947698,65.0,10.0
qc60,560.0,258072.3333333333,245720.75,184586.41666666666,172234.8333333333,20200.0,22370.833333333332,9650.65,71.52506984475929,66.73897628184346,-4.786093562915816,4.411188192850568,65.0,10.0
qc60,570.0,258072.3333333333,248983.41666666666,184163.5833333333,175074.66666666666,20189.333333333332,22607.166666666664,9650.65,71.36122689116876,67.83937836549701,-3.52184852567174,4.434571764596167,65.0,10.0
qc60,580.0,258072.3333333333,248408.41666666666,184795.0833333333,175131.16666666666,20169.166666666664,22626.666666666664,9650.65,71.60592572883313,67.86127145231892,-3.7446542765142037,4.434502684620552,65.0,10.0
qc60,590.0,258072.3333333333,251269.0,183977.91666666666,177174.5833333333,20092.833333333332,22478.833333333332,9650.65,71.2892832371286,68.6530714257114,-2.6362118114172053,4.411274542820086,65.0,10.0
qc_all,0.0,58987.33333333333,56234.83333333333,31156.5,28404.0,1851.0,2247.333333333333,9641.258333333333,52.8189667838293,48.152710751460766,-4.666256032368532,0.42508282546106096,55.0,1.0
qc_all,10.0,58987.33333333333,55339.75,31461.5,27813.916666666664,1870.1666666666665,2165.833333333333,9641.258333333333,53.33602694363762,47.15235474282615,-6.183672200811466,0.41861755597255196,55.0,1.0
qc_all,20.0,58987.33333333333,56353.416666666664,31261.5,28627.583333333332,1835.6666666666665,2173.0,9641.258333333333,52.99697110114036,48.53174692871916,-4.465224172421194,0.41578251801502397,55.0,1.0
qc_all,30.0,58987.33333333333,56011.916666666664,31612.25,28636.833333333332,1833.0,2189.5,9641.258333333333,53.59159028491993,48.54742826143465,-5.0441620234852635,0.41721732381060217,55.0,1.0
qc_all,40.0,58987.33333333333,55060.916666666664,31881.416666666664,27955.0,1848.0,2201.333333333333,9641.258333333333,54.047902939614154,47.39153038505442,-6.656372554559732,0.42000050131768757,55.0,1.0
qc_all,50.0,58987.33333333333,54312.58333333333,31830.75,27156.0,1854.5,2150.5,9641.258333333333,53.96200879284819,46.03700229427787,-7.9250064985703155,0.4154022080451117,55.0,1.0
qc_all,0.0,58987.33333333333,56878.166666666664,42295.416666666664,40186.25,2719.6666666666665,3432.333333333333,9641.258333333333,71.70254065844644,68.12691425277744,-3.5756264056690097,0.6380909822455748,55.0,2.5
qc_all,10.0,58987.33333333333,57419.58333333333,42246.0,40678.25,2729.833333333333,3456.833333333333,9641.258333333333,71.61876561069609,68.9609916253207,-2.6577739853753917,0.6416866401429273,55.0,2.5
qc_all,20.0,58987.33333333333,56205.33333333333,42403.166666666664,39621.166666666664,2697.6666666666665,3300.1666666666665,9641.258333333333,71.88520699359184,67.16894022445497,-4.716266769136877,0.6221006766924442,55.0,2.5
qc_all,30.0,58987.33333333333,56662.416666666664,42621.416666666664,40296.5,2628.333333333333,3449.6666666666665,9641.258333333333,72.25520168171697,68.31381878595406,-3.941382895762928,0.6304156355800721,55.0,2.5
qc_all,40.0,58987.33333333333,54962.083333333336,42429.83333333333,38404.58333333333,2647.5,3261.833333333333,9641.258333333333,71.93041443925814,65.10649178919768,-6.823922650060454,0.6129213769641065,55.0,2.5
qc_all,50.0,58987.33333333333,52561.75,42900.0,36474.416666666664,2674.0,3209.833333333333,9641.258333333333,72.72747821566213,61.834320362563716,-10.893157853098398,0.6102764939915346,55.0,2.5
qc_all,60.0,58987.33333333333,52908.25,42892.416666666664,36813.33333333333,2695.1666666666665,3159.833333333333,9641.258333333333,72.71462234830076,62.40887874232886,-10.305743605971895,0.6072858746826789,55.0,2.5
qc_all,70.0,58987.33333333333,54681.75,42458.0,38152.416666666664,2680.6666666666665,3220.1666666666665,9641.258333333333,71.97816480374318,64.67899888111572,-7.2991659226274495,0.6120397493065826,55.0,2.5
qc_all,80.0,58987.33333333333,53183.0,42528.416666666664,36724.08333333333,2708.5,3134.0,9641.258333333333,72.09754071495576,62.25757507261446,-9.839965642341285,0.6059893634216142,55.0,2.5
qc_all,90.0,58987.33333333333,53783.75,42876.58333333333,37673.0,2712.0,3156.333333333333,9641.258333333333,72.6877804274364,63.866253771996256,-8.821526655440143,0.6086688200278144,55.0,2.5
qc_all,100.0,58987.33333333333,51844.08333333333,42812.416666666664,35669.166666666664,2721.333333333333,3110.833333333333,9641.258333333333,72.57900001130186,60.469196776709126,-12.109803234592738,0.604917580779134,55.0,2.5
qc_all,110.0,58987.33333333333,55046.166666666664,42774.5,38833.33333333333,2672.6666666666665,3254.333333333333,9641.258333333333,72.5147206744951,65.83334275155119,-6.681377922943905,0.6147537795464112,55.0,2.5
qc_all,120.0,58987.33333333333,55986.166666666664,42812.58333333333,39811.416666666664,2681.1666666666665,3410.6666666666665,9641.258333333333,72.57928255783727,67.4914670946305,-5.087815463206786,0.6318504413756503,55.0,2.5
qc_all,130.0,58987.33333333333,53562.0,43551.75,38126.416666666664,2677.0,3325.333333333333,9641.258333333333,73.83237644240008,64.63492162159108,-9.197454820808979,0.6225674207464275,55.0,2.5
qc_all,140.0,58987.33333333333,55753.166666666664,42685.25,39451.08333333333,2660.833333333333,3375.0,9641.258333333333,72.3634170047807,66.88060148506459,-5.482815519716093,0.6260420709260807,55.0,2.5
qc_all,0.0,58987.33333333333,57797.666666666664,44143.666666666664,42954.0,2853.0,3603.833333333333,9641.258333333333,74.83584046292424,72.81902329313638,-2.0168171697878603,0.6697085701987379,55.0,3.0
qc_all,10.0,58987.33333333333,52940.33333333333,44425.08333333333,38378.08333333333,2849.5,3356.6666666666665,9641.258333333333,75.31292028797142,65.0615668900668,-10.251353397904635,0.6437091977101882,55.0,3.0
qc_all,20.0,58987.33333333333,54183.916666666664,44321.83333333333,39518.416666666664,2808.6666666666665,3413.0,9641.258333333333,75.13788270928222,66.994750285372,-8.143132423910213,0.6453168716739084,55.0,3.0
qc_all,30.0,58987.33333333333,54192.583333333336,44520.83333333333,39726.08333333333,2823.1666666666665,3365.333333333333,9641.258333333333,75.475243272567,67.34680326849832,-8.12844000406866,0.6418767951278835,55.0,3.0
qc_all,40.0,58987.33333333333,53776.166666666664,44770.33333333333,39559.166666666664,2817.0,3534.6666666666665,9641.258333333333,75.89821543608232,67.06383291328082,-8.834382522801501,0.6588005887889806,55.0,3.0
qc_all,50.0,58987.33333333333,55794.5,44591.416666666664,41398.58333333333,2829.833333333333,3605.1666666666665,9641.258333333333,75.59490173031497,70.18215775138165,-5.412743978933323,0.6674439971960783,55.0,3.0
qc_all,60.0,58987.33333333333,55438.166666666664,44243.5,40694.33333333333,2846.1666666666665,3597.333333333333,9641.258333333333,75.00508583763747,68.98825736598818,-6.016828471649276,0.6683256248536023,55.0,3.0
qc_all,70.0,58987.33333333333,57454.83333333333,43959.916666666664,42427.416666666664,2823.0,3599.5,9641.258333333333,74.52433290762988,71.92631751449463,-2.5980153931352494,0.6661474859350137,55.0,3.0
qc_all,80.0,58987.33333333333,56170.0,44000.33333333333,41183.0,2808.6666666666665,3478.833333333333,9641.258333333333,74.59285044246788,69.81668380782315,-4.776166634644718,0.6521451643155155,55.0,3.0
qc_all,90.0,58987.33333333333,55394.083333333336,44323.75,40730.5,2796.833333333333,3561.0,9641.258333333333,75.14113199443949,69.0495699641731,-6.091562030266373,0.6594402010111059,55.0,3.0
qc_all,100.0,58987.33333333333,53850.916666666664,44598.25,39461.83333333333,2843.833333333333,3462.0,9641.258333333333,75.60648613826697,66.89882573659882,-8.70766040166815,0.654046714165077,55.0,3.0
qc_all,110.0,58987.33333333333,53551.166666666664,44426.0,38989.83333333333,2846.6666666666665,3422.0,9641.258333333333,75.31447429391622,66.09865394830528,-9.215820345610918,0.6501917540155114,55.0,3.0
qc_all,120.0,58987.33333333333,54396.33333333333,44504.75,39913.75,2850.0,3544.5,9641.258333333333,75.44797753189951,67.66495066737492,-7.7830268645245875,0.6632433007102289,55.0,3.0
qc_all,130.0,58987.33333333333,53810.416666666664,44621.83333333333,39444.916666666664,2873.6666666666665,3439.333333333333,9641.258333333333,75.64646647302811,66.87014726325427,-8.776319209773845,0.6547900472880874,55.0,3.0
qc_all,140.0,58987.33333333333,55134.083333333336,44479.916666666664,40626.666666666664,2866.333333333333,3514.833333333333,9641.258333333333,75.40587809812276,68.87354347260994,-6.532334625512811,0.6618603553650932,55.0,3.0
qc_all,150.0,58987.33333333333,54422.833333333336,44719.916666666664,40155.416666666664,2853.833333333333,3517.5,9641.258333333333,75.81274510911946,68.07464314372578,-7.738101965393689,0.6608404331730557,55.0,3.0
qc_all,160.0,58987.33333333333,54833.916666666664,44317.08333333333,40163.666666666664,2862.333333333333,3485.5,9641.258333333333,75.1298301330229,68.08862919722878,-7.041200935794121,0.6584029920022542,55.0,3.0
qc_all,170.0,58987.33333333333,51742.583333333336,44652.08333333333,37407.33333333333,2854.333333333333,3329.5,9641.258333333333,75.69774866920582,63.41587459454572,-12.281874074660086,0.641392764257086,55.0,3.0
qc_all,0.0,58987.33333333333,58462.33333333333,48311.25,47786.25,3207.0,4234.833333333333,9641.258333333333,81.9010578542286,81.01103626767329,-0.8900215865553057,0.7718736575706318,55.0,5.0
qc_all,10.0,58987.33333333333,58993.166666666664,47933.416666666664,47939.25,3182.5,4230.0,9641.258333333333,81.26052485844419,81.2704139871837,0.009889128739507508,0.7688311778113334,55.0,5.0
qc_all,20.0,58987.33333333333,57520.416666666664,48475.58333333333,47008.666666666664,3186.333333333333,4143.0,9641.258333333333,82.17964873814718,79.69281540669748,-2.4868333314496858,0.76020505622105,55.0,5.0
qc_all,30.0,58987.33333333333,55243.666666666664,48766.666666666664,45023.0,3101.6666666666665,4171.166666666666,9641.258333333333,82.67311626224839,76.32655598377053,-6.346560278477861,0.7543448253210376,55.0,5.0
qc_all,40.0,58987.33333333333,54120.416666666664,48702.58333333333,43835.666666666664,3121.6666666666665,4061.833333333333,9641.258333333333,82.56447711938156,74.31369446547846,-8.250782653903094,0.7450790915086292,55.0,5.0
qc_all,50.0,58987.33333333333,51566.0,48777.416666666664,41356.08333333333,3155.6666666666665,3902.5,9641.258333333333,82.69134051378262,70.11010838485099,-12.581232128931626,0.7320794052643542,55.0,5.0
qc_all,60.0,58987.33333333333,53322.0,48682.58333333333,43017.25,3158.333333333333,3989.9999999999995,9641.258333333333,82.53057153513184,72.92624970332615,-9.60432183180569,0.7414315731608339,55.0,5.0
qc_all,70.0,58987.33333333333,55432.75,48449.83333333333,44895.25,3169.333333333333,4006.9999999999995,9641.258333333333,82.13599529842566,76.10998406437541,-6.02601123405024,0.7443357583856186,55.0,5.0
qc_all,80.0,58987.33333333333,52961.416666666664,48458.666666666664,42432.75,3201.0,3827.333333333333,9641.258333333333,82.15097026480261,71.93535900362791,-10.215611261174711,0.7289850650546134,55.0,5.0
qc_all,90.0,58987.33333333333,53062.08333333333,48881.166666666664,42955.916666666664,3217.833333333333,3873.0,9641.258333333333,82.86722573207807,72.82227257829364,-10.044953153784428,0.7354676213599366,55.0,5.0
qc_all,100.0,58987.33333333333,51218.083333333336,48840.166666666664,41070.916666666664,3247.6666666666665,3871.833333333333,9641.258333333333,82.79771928436614,69.62667126275699,-13.171048021609149,0.7384409538519782,55.0,5.0
qc_all,110.0,58987.33333333333,53665.916666666664,48824.666666666664,43503.25,3199.6666666666665,4013.1666666666665,9641.258333333333,82.7714424565726,73.75015540059448,-9.021287055978116,0.7481215712679274,55.0,5.0
qc_all,120.0,58987.33333333333,55101.583333333336,48889.0,45003.25,3217.1666666666665,4204.833333333333,9641.258333333333,82.88050541924255,76.29307421932393,-6.5874311999186155,0.7698165263697425,55.0,5.0
qc_all,130.0,58987.33333333333,53205.083333333336,49305.25,43523.0,3206.833333333333,4003.1666666666665,9641.258333333333,83.58616539143998,73.78363716504109,-9.802528226398877,0.7478276953820862,55.0,5.0
qc_all,140.0,58987.33333333333,55382.083333333336,48770.0,45164.75,3190.333333333333,4079.1666666666665,9641.258333333333,82.67876719295668,76.56686181214046,-6.111905380816209,0.7539990889847539,55.0,5.0
qc_all,150.0,58987.33333333333,56105.58333333333,48677.416666666664,45795.666666666664,3221.1666666666665,4128.0,9641.258333333333,82.52181259253399,77.6364417219516,-4.885370870582386,0.7622621874219392,55.0,5.0
qc_all,160.0,58987.33333333333,56932.25,48622.5,46567.416666666664,3269.6666666666665,4119.5,9641.258333333333,82.42871350911496,78.9447734541879,-3.4839400549270385,0.766411023457346,55.0,5.0
qc_all,170.0,58987.33333333333,54872.666666666664,48341.83333333333,44227.166666666664,3227.1666666666665,3910.333333333333,9641.258333333333,81.95290514347714,74.97739627716685,-6.975508866310277,0.7403079300679113,55.0,5.0
qc_all,180.0,58987.33333333333,58116.916666666664,48465.08333333333,47594.666666666664,3203.1666666666665,4231.333333333333,9641.258333333333,82.16184830641606,80.68624902521445,-1.4755992812016099,0.7711130376308072,55.0,5.0
qc_all,190.0,58987.33333333333,55921.583333333336,48266.08333333333,45200.33333333333,3212.6666666666665,3971.333333333333,9641.258333333333,81.8244877431313,76.62718549745144,-5.197302245679852,0.7451309519590718,55.0,5.0
qc_all,200.0,58987.33333333333,53492.166666666664,48611.5,43116.33333333333,3207.833333333333,3963.0,9641.258333333333,82.4100654377776,73.09422361862998,-9.31584181914761,0.7437652934307503,55.0,5.0
qc_all,210.0,58987.33333333333,52612.0,48891.0,42515.666666666664,3249.333333333333,3833.6666666666665,9641.258333333333,82.88389597766754,72.07592590499655,-10.80797007267096,0.7346551409696694,55.0,5.0
qc_all,220.0,58987.33333333333,53992.33333333333,48699.58333333333,43704.58333333333,3225.5,3934.4999999999995,9641.258333333333,82.5593912817441,74.09147161537506,-8.46791966636905,0.7426416503378276,55.0,5.0
qc_all,230.0,58987.33333333333,53063.75,48832.0,42908.416666666664,3255.833333333333,3948.1666666666665,9641.258333333333,82.78387450413084,72.74174681570054,-10.042127688430275,0.7472053699767752,55.0,5.0
qc_all,240.0,58987.33333333333,55248.0,48913.25,45173.916666666664,3244.833333333333,3927.1666666666665,9641.258333333333,82.92161594014534,76.58240187158825,-6.339214068557084,0.7438863011484497,55.0,5.0
qc_all,250.0,58987.33333333333,51663.58333333333,49018.75,41695.0,3234.833333333333,3809.1666666666665,9641.258333333333,83.10046789706266,70.68466676461614,-12.415801132446514,0.7306100258351478,55.0,5.0
qc_all,260.0,58987.33333333333,56881.5,48585.33333333333,46479.5,3178.5,4036.9999999999995,9641.258333333333,82.36570563171755,78.79573015675682,-3.569975474960718,0.7483981603369546,55.0,5.0
qc_all,270.0,58987.33333333333,57372.833333333336,48653.916666666664,47039.416666666664,3157.833333333333,4124.833333333333,9641.258333333333,82.48197353104055,79.74494524248144,-2.7370282885591135,0.7553647475130753,55.0,5.0
qc_all,280.0,58987.33333333333,56622.75,48810.166666666664,46445.58333333333,3159.1666666666665,4193.166666666666,9641.258333333333,82.74686090799155,78.73823193679999,-4.0086289711915475,0.7625906369414088,55.0,5.0
qc_all,290.0,58987.33333333333,57525.75,48697.0,47235.416666666664,3163.333333333333,4214.666666666666,9641.258333333333,82.5550118104452,80.07721996812874,-2.4777918423164214,0.7652528067307949,55.0,5.0
qc_all,0.0,58987.33333333333,60080.666666666664,52523.0,53616.33333333333,3506.0,4909.0,9641.258333333333,89.04115007741775,90.8946553497361,1.8535052723183552,0.8728113809487178,55.0,10.0
qc_all,10.0,58987.33333333333,57000.666666666664,52671.916666666664,50685.25,3480.5,4749.5,9641.258333333333,89.2936054068105,85.92565070467107,-3.3679547021394387,0.8536230142849611,55.0,10.0
qc_all,20.0,58987.33333333333,58175.916666666664,52615.416666666664,51804.0,3469.0,4743.0,9641.258333333333,89.19782213130502,87.8222443236401,-1.3755778076649183,0.851756038069028,55.0,10.0
qc_all,30.0,58987.33333333333,54335.916666666664,52919.916666666664,48268.5,3473.1666666666665,4673.5,9641.258333333333,89.7140346515071,81.82858466789482,-7.885449983612297,0.8449796058778634,55.0,10.0
qc_all,40.0,58987.33333333333,45793.666666666664,53195.5,40001.83333333333,3467.1666666666665,4381.833333333333,9641.258333333333,90.18122534781479,67.81427651134142,-22.366948836473366,0.8141053510477108,55.0,10.0
qc_all,50.0,58987.33333333333,46118.166666666664,53150.25,40281.08333333333,3501.1666666666665,4348.333333333333,9641.258333333333,90.10451396344979,68.28768323142822,-21.816830732021565,0.8141572114981533,55.0,10.0
qc_all,60.0,58987.33333333333,48501.166666666664,52951.416666666664,42465.25,3447.833333333333,4512.666666666666,9641.258333333333,89.76743594670042,71.9904555780337,-17.776980368666717,0.8256702314964073,55.0,10.0
qc_all,70.0,58987.33333333333,51468.25,52781.666666666664,45262.58333333333,3471.833333333333,4495.5,9641.258333333333,89.47966230038087,76.7327166284287,-12.746945671952162,0.8263789909857894,55.0,10.0
qc_all,80.0,58987.33333333333,49625.666666666664,52859.166666666664,43497.5,3497.333333333333,4334.333333333333,9641.258333333333,89.61104643934856,73.7404075451227,-15.870638894225875,0.8123075220990343,55.0,10.0
qc_all,90.0,58987.33333333333,50429.0,52960.166666666664,44401.83333333333,3524.5,4364.666666666666,9641.258333333333,89.78226963980967,75.27350504628113,-14.508764593528547,0.8182714738999317,55.0,10.0
qc_all,100.0,58987.33333333333,47270.666666666664,52983.166666666664,41266.5,3549.833333333333,4177.666666666666,9641.258333333333,89.82126106169686,69.95823962206576,-19.863021439631105,0.8015032615901624,55.0,10.0
qc_all,110.0,58987.33333333333,50667.25,52809.33333333333,44489.25,3495.833333333333,4400.0,9641.258333333333,89.52656502525966,75.42170070410597,-14.104864321153686,0.8189629465724996,55.0,10.0
qc_all,120.0,58987.33333333333,53681.33333333333,52770.416666666664,47464.416666666664,3513.1666666666665,4699.0,9641.258333333333,89.4605904092404,80.46543890778811,-8.99515150145229,0.8517733248858421,55.0,10.0
qc_all,130.0,58987.33333333333,50624.33333333333,53260.916666666664,44897.916666666664,3484.6666666666665,4511.0,9641.258333333333,90.29212486296493,76.11450480894203,-14.1776200540229,0.8293177498442025,55.0,10.0
qc_all,140.0,58987.33333333333,59654.166666666664,52736.58333333333,53403.416666666664,3483.5,4882.0,9641.258333333333,89.40323346255128,90.53370215074422,1.1304686881929495,0.8676771963549018,55.0,10.0
qc_all,150.0,58987.33333333333,60965.916666666664,52649.5,54628.08333333333,3509.0,4869.5,9641.258333333333,89.25560289779727,92.60985409296912,3.354251195171849,0.8690255680664091,55.0,10.0
qc_all,160.0,58987.33333333333,57398.916666666664,52862.33333333333,51273.916666666664,3538.6666666666665,4617.666666666666,9641.258333333333,89.61641482352144,86.92360506775465,-2.692809755766771,0.8459822412530866,55.0,10.0
qc_all,170.0,58987.33333333333,51104.33333333333,52898.166666666664,45015.166666666664,3532.333333333333,4282.833333333333,9641.258333333333,89.67716232863552,76.31327629660605,-13.363886032029477,0.8105961272344291,55.0,10.0
qc_all,180.0,58987.33333333333,55228.33333333333,52706.25,48947.25,3468.833333333333,4663.833333333333,9641.258333333333,89.35180999310587,82.97925543336989,-6.372554559735989,0.843527513265471,55.0,10.0
qc_all,190.0,58987.33333333333,55622.916666666664,52018.166666666664,48653.75,3455.1666666666665,4536.666666666666,9641.258333333333,88.18531662164759,82.48169098450515,-5.703625637142434,0.8289201530574759,55.0,10.0
qc_all,200.0,58987.33333333333,54201.166666666664,52244.5,47458.33333333333,3463.1666666666665,4565.666666666666,9641.258333333333,88.56901481674032,80.45512595924549,-8.113888857494825,0.8327578263902273,55.0,10.0
qc_all,210.0,58987.33333333333,56505.75,52300.666666666664,49819.08333333333,3469.333333333333,4654.666666666666,9641.258333333333,88.66423299917496,84.45725636012251,-4.206976639052444,0.8426285987911328,55.0,10.0
qc_all,220.0,58987.33333333333,60858.25,52136.916666666664,54007.83333333333,3442.5,4998.333333333333,9641.258333333333,88.38663102813032,91.55835716142448,3.171726133294162,0.875490837554918,55.0,10.0
qc_all,230.0,58987.33333333333,57308.58333333333,52269.83333333333,50591.08333333333,3488.0,4693.0,9641.258333333333,88.61196189012331,85.76601191216193,-2.8459499779613706,0.8485406901415877,55.0,10.0
qc_all,240.0,58987.33333333333,56138.83333333333,52586.83333333333,49738.33333333333,3493.0,4549.5,9641.258333333333,89.14936540048146,84.32036256371424,-4.8290028367672155,0.8341753453689914,55.0,10.0
qc_all,250.0,58987.33333333333,55090.5,52158.416666666664,48261.58333333333,3463.5,4371.0,9641.258333333333,88.42307953119878,81.8168589866751,-6.6062205445236755,0.8126013979848757,55.0,10.0
qc_all,260.0,58987.33333333333,60120.416666666664,52205.58333333333,53338.666666666664,3439.6666666666665,4666.666666666666,9641.258333333333,88.50304020072106,90.42393282173573,1.9208926210146855,0.8407961962088281,55.0,10.0
qc_all,270.0,58987.33333333333,60721.33333333333,52294.666666666664,54028.666666666664,3461.0,4808.0,9641.258333333333,88.65406132390004,91.59367547835129,2.939614154451238,0.8576681294194828,55.0,10.0
qc_all,280.0,58987.33333333333,58392.416666666664,52112.0,51517.08333333333,3445.1666666666665,4715.666666666666,9641.258333333333,88.3443903210859,87.33584046292424,-1.0085498581616352,0.8464489853070699,55.0,10.0
qc_all,290.0,58987.33333333333,56590.75,52073.75,49677.166666666664,3400.5,4806.5,9641.258333333333,88.27954589120829,84.21666798521716,-4.062877905991109,0.8512374335646021,55.0,10.0
qc_all,300.0,58987.33333333333,57877.75,52120.33333333333,51010.75,3418.833333333333,4642.0,9641.258333333333,88.3585176478566,86.47746408833535,-1.881053559521245,0.8360768952185529,55.0,10.0
qc_all,310.0,58987.33333333333,62224.916666666664,51549.666666666664,54787.25,3410.5,4864.333333333333,9641.258333333333,87.39107831059775,92.87968603428986,5.488607723692097,0.8582731680079795,55.0,10.0
qc_all,320.0,58987.33333333333,56727.0,52177.25,49916.916666666664,3442.5,4615.666666666666,9641.258333333333,88.45500728970062,84.62311117641075,-3.831896113289851,0.8358003061495257,55.0,10.0
qc_all,330.0,58987.33333333333,58256.83333333333,52265.75,51535.25,3335.1666666666665,4845.0,9641.258333333333,88.60503950000566,87.36663803528442,-1.2384014647212398,0.8484542560575167,55.0,10.0
qc_all,340.0,58987.33333333333,62604.75,51995.916666666664,55613.33333333333,3357.333333333333,4861.0,9641.258333333333,88.14759665916976,94.28012793707124,6.132531277901479,0.8524129371079673,55.0,10.0
qc_all,350.0,58987.33333333333,57626.58333333333,52060.08333333333,50699.33333333333,3375.6666666666665,4599.666666666666,9641.258333333333,88.2563770753043,85.94952588691358,-2.3068511883907283,0.8272087581928707,55.0,10.0
qc_all,360.0,58987.33333333333,59339.08333333333,52271.666666666664,52623.416666666664,3442.5,4656.0,9641.258333333333,88.61506990201286,89.21138436500492,0.5963144629920548,0.839983715818561,55.0,10.0
qc_all,370.0,58987.33333333333,59032.33333333333,52334.5,52379.5,3442.833333333333,4642.833333333333,9641.258333333333,88.7215899458641,88.79787751042598,0.07628756456188335,0.838652630923868,55.0,10.0
qc_all,380.0,58987.33333333333,56901.5,52160.25,50074.416666666664,3476.333333333333,4472.0,9641.258333333333,88.42618754308836,84.89011765237734,-3.536069890710992,0.8244082938689711,55.0,10.0
qc_all,390.0,58987.33333333333,53918.083333333336,52493.08333333333,47423.83333333333,3483.5,4415.166666666666,9641.258333333333,88.99043297431088,80.39663882641472,-8.593794147896148,0.8192568224583409,55.0,10.0
qc_all,400.0,58987.33333333333,55495.0,52463.58333333333,48971.25,3493.6666666666665,4665.5,9641.258333333333,88.94042223754252,83.01994213446956,-5.920480103072968,0.846276117138928,55.0,10.0
qc_all,410.0,58987.33333333333,57624.916666666664,52586.75,51224.33333333333,3456.0,4785.166666666666,9641.258333333333,89.14922412721376,86.83954747346888,-2.309676653744868,0.8547812310115122,55.0,10.0
qc_all,420.0,58987.33333333333,55561.166666666664,52841.75,49415.58333333333,3461.6666666666665,4781.166666666666,9641.258333333333,89.58152032639777,83.7732111978843,-5.8083091285134625,0.854954099179654,55.0,10.0
qc_all,430.0,58987.33333333333,54136.5,52861.83333333333,48011.0,3471.333333333333,4535.333333333333,9641.258333333333,89.61556718391519,81.39205027067959,-8.223516913235603,0.8304586797539394,55.0,10.0
qc_all,440.0,58987.33333333333,51920.916666666664,52700.0,45633.58333333333,3452.833333333333,4473.166666666666,9641.258333333333,89.34121449802784,77.36166521626112,-11.979549281766703,0.8220918604158689,55.0,10.0
qc_all,450.0,58987.33333333333,52408.083333333336,52786.166666666664,46206.916666666664,3469.833333333333,4508.666666666666,9641.258333333333,89.48729105683705,78.33362529808659,-11.153665758750455,0.8275372077123404,55.0,10.0
qc_all,460.0,58987.33333333333,57073.416666666664,52492.33333333333,50578.416666666664,3498.1666666666665,4729.166666666666,9641.258333333333,88.98916151490151,85.74453837547044,-3.2446231394310603,0.8533464252159338,55.0,10.0
qc_all,470.0,58987.33333333333,60239.416666666664,52021.75,53273.83333333333,3456.1666666666665,4719.833333333333,9641.258333333333,88.191391372159,90.31402221945955,2.1226308473005546,0.8480220856371619,55.0,10.0
qc_all,480.0,58987.33333333333,61985.33333333333,52408.58333333333,55406.58333333333,3488.6666666666665,4966.666666666666,9641.258333333333,88.84718188085579,93.9296289598897,5.082447079033917,0.8769947906177529,55.0,10.0
qc_all,490.0,58987.33333333333,54650.916666666664,52816.5,48480.08333333333,3520.833333333333,4512.333333333333,9641.258333333333,89.53871452628249,82.18727749460336,-7.351437031679113,0.8332072836273965,55.0,10.0
qc_all,500.0,58987.33333333333,53615.75,53000.916666666664,47629.33333333333,3501.333333333333,4532.5,9641.258333333333,89.8513522677185,80.74501870458064,-9.10633356313784,0.8332764308946533,55.0,10.0
qc_all,510.0,58987.33333333333,47647.916666666664,53328.5,41989.08333333333,3558.1666666666665,4068.833333333333,9641.258333333333,90.40669748307548,71.18322012635481,-19.22347735672065,0.7910793110512027,55.0,10.0
qc_all,520.0,58987.33333333333,46827.416666666664,53420.416666666664,41260.5,3553.0,3987.833333333333,9641.258333333333,90.56252189735649,69.94806794679084,-20.614453950565657,0.7821420267582637,55.0,10.0
qc_all,530.0,58987.33333333333,48663.833333333336,53245.33333333333,42921.83333333333,3557.333333333333,4237.0,9641.258333333333,90.26570676190369,72.7644918118014,-17.50121495010227,0.8084352751326547,55.0,10.0
qc_all,540.0,58987.33333333333,53879.416666666664,53270.08333333333,48162.166666666664,3523.833333333333,4400.333333333333,9641.258333333333,90.30766492241273,81.64831997830042,-8.659344944112291,0.8219017054309128,55.0,10.0
qc_all,550.0,58987.33333333333,48525.666666666664,53492.0,43030.33333333333,3519.0,4299.5,9641.258333333333,90.68387563431698,72.94842960635617,-17.7354460279608,0.8109418635707131,55.0,10.0
qc_all,560.0,58987.33333333333,52063.333333333336,53207.0,46283.0,3493.333333333333,4450.333333333333,9641.258333333333,90.20072105875839,78.46260779150327,-11.738113267255105,0.8239242629981736,55.0,10.0
qc_all,570.0,58987.33333333333,53209.08333333333,53155.166666666664,47376.916666666664,3438.833333333333,4498.5,9641.258333333333,90.1128490862445,80.31710197669555,-9.795747109548943,0.8232673639592342,55.0,10.0
qc_all,580.0,58987.33333333333,54490.333333333336,53298.33333333333,48801.33333333333,3435.6666666666665,4743.0,9641.258333333333,90.35555656016547,82.73188594161458,-7.6236706185508645,0.8482986747061889,55.0,10.0
qc_all,590.0,58987.33333333333,57380.416666666664,53057.58333333333,51450.666666666664,3454.6666666666665,4635.166666666666,9641.258333333333,89.94741808975938,87.2232456685616,-2.7241724211977676,0.8390848013442228,55.0,10.0
qc_all,0.0,111890.33333333333,108823.58333333333,47655.25,44588.5,3658.1666666666665,4025.9999999999995,9641.258333333333,42.591034078010914,39.85018068287103,-2.740853395139884,0.7970086892184716,60.0,1.0
qc_all,10.0,111890.33333333333,107246.08333333333,48160.666666666664,43516.416666666664,3648.833333333333,3963.833333333333,9641.258333333333,43.042741255574654,38.89202522708246,-4.150716028492185,0.7895926448051819,60.0,1.0
qc_all,20.0,111890.33333333333,108564.41666666666,47821.33333333333,44495.416666666664,3625.833333333333,4052.9999999999995,9641.258333333333,42.73946811014356,39.7669891054038,-2.9724790047397645,0.7964555110804173,60.0,1.0
qc_all,30.0,111890.33333333333,108460.58333333333,48157.416666666664,44727.666666666664,3604.333333333333,4104.666666666666,9641.258333333333,43.03983662574365,39.974558421788,-3.065278203955659,0.7995844249237867,60.0,1.0
qc_all,40.0,111890.33333333333,107295.0,48603.83333333333,44008.5,3655.5,4031.9999999999995,9641.258333333333,43.43881360022164,39.33181597457034,-4.106997625651303,0.7973544255547556,60.0,1.0
qc_all,50.0,111890.33333333333,106263.83333333333,48542.5,42916.0,3640.0,3951.1666666666665,9641.258333333333,43.38399802187261,38.3554134852281,-5.028584536644512,0.7873626454361506,60.0,1.0
qc_all,0.0,111890.33333333333,109515.58333333333,68473.25,66098.5,5860.666666666666,6741.166666666666,9641.258333333333,61.19675217698282,59.074361502781,-2.1223906742018226,1.3070735061381165,60.0,2.5
qc_all,10.0,111890.33333333333,110129.16666666666,68272.91666666666,66511.75,5816.333333333333,6735.666666666666,9641.258333333333,61.01770781509275,59.44369635744524,-1.5740114576475224,1.301904747910672,60.0,2.5
qc_all,20.0,111890.33333333333,108784.0,68307.83333333333,65201.5,5815.5,6678.0,9641.258333333333,61.04891396635396,58.272683669426314,-2.776230296927642,1.2958370752088897,60.0,2.5
qc_all,30.0,111890.33333333333,109725.25,68535.66666666666,66370.58333333333,5832.5,6760.333333333333,9641.258333333333,61.25253596527552,59.317531154016876,-1.9350048112586389,1.30614001803015,60.0,2.5
qc_all,40.0,111890.33333333333,106906.08333333333,68586.66666666666,63602.416666666664,5939.333333333333,6539.5,9641.258333333333,61.298116310315756,56.84353131488868,-4.45458499542707,1.2943158353292403,60.0,2.5
qc_all,50.0,111890.33333333333,103893.91666666667,69131.16666666666,61134.75,5902.0,6447.5,9641.258333333333,61.784753523539415,54.63809801859559,-7.146655504943821,1.280901265481425,60.0,2.5
qc_all,60.0,111890.33333333333,104558.75,69069.0,61737.416666666664,5948.5,6527.166666666666,9641.258333333333,61.72919316831064,55.17672065802527,-6.552472510285364,1.2939873858097706,60.0,2.5
qc_all,70.0,111890.33333333333,106401.41666666666,68578.33333333333,63089.416666666664,5873.5,6546.833333333333,9641.258333333333,61.29066854151833,56.38504666771928,-4.905621873799053,1.2882481626274578,60.0,2.5
qc_all,80.0,111890.33333333333,104903.33333333333,68790.58333333333,61803.58333333333,5949.333333333333,6535.0,9641.258333333333,61.48036321278871,55.235855942276814,-6.2445072705119005,1.2948863002841087,60.0,2.5
qc_all,90.0,111890.33333333333,105477.75,69248.91666666666,62836.33333333333,5930.0,6596.166666666666,9641.258333333333,61.88999049664701,56.15885792934153,-5.731132567305482,1.2992252913044717,60.0,2.5
qc_all,100.0,111890.33333333333,103004.25,69172.08333333333,60286.0,5929.166666666666,6403.5,9641.258333333333,61.821322068334766,53.87954276657799,-7.9417793017567755,1.2791552969831912,60.0,2.5
qc_all,110.0,111890.33333333333,106910.58333333333,69051.41666666666,64071.666666666664,5885.166666666666,6618.5,9641.258333333333,61.71347837614807,57.26291517587161,-4.450563200276461,1.2968915710345554,60.0,2.5
qc_all,120.0,111890.33333333333,108601.25,69076.16666666666,65787.08333333333,5887.333333333333,6646.5,9641.258333333333,61.73559824947642,58.79603838282127,-2.9395598666551432,1.3000204848779247,60.0,2.5
qc_all,130.0,111890.33333333333,105545.5,70108.0,63763.166666666664,5916.166666666666,6645.0,9641.258333333333,62.657780981973424,56.987198774990986,-5.670582206982427,1.3028555228354528,60.0,2.5
qc_all,140.0,111890.33333333333,107766.83333333333,68989.33333333333,64865.83333333333,5883.166666666666,6629.0,9641.258333333333,61.657992498607264,57.97268754226609,-3.6853049563411795,1.2977731986920793,60.0,2.5
qc_all,0.0,111890.33333333333,110473.75,72292.16666666666,70875.58333333333,6394.333333333333,7207.833333333333,9641.258333333333,64.60984118377816,63.34379496590412,-1.266046217874045,1.4108289806569163,60.0,3.0
qc_all,10.0,111890.33333333333,104197.91666666666,72583.16666666666,64890.75,6329.166666666666,7010.333333333333,9641.258333333333,64.86991727018419,57.994956370970385,-6.874960899213819,1.3835849573577446,60.0,3.0
qc_all,20.0,111890.33333333333,106298.58333333333,72278.58333333333,66686.83333333333,6315.833333333333,7267.166666666666,9641.258333333333,64.59770132063836,59.60017397987911,-4.997527340759255,1.408840996723284,60.0,3.0
qc_all,30.0,111890.33333333333,106251.83333333333,72542.75,66904.25,6320.166666666666,7285.0,9641.258333333333,64.83379559151669,59.7944862678039,-5.039309323712803,1.4111401433595718,60.0,3.0
qc_all,40.0,111890.33333333333,106321.83333333333,72711.83333333333,67143.33333333333,6298.166666666666,7263.666666666666,9641.258333333333,64.98491082041642,60.008162754601976,-4.976748065814443,1.406645570987881,60.0,3.0
qc_all,50.0,111890.33333333333,108147.83333333333,72615.25,68872.75,6337.833333333333,7075.0,9641.258333333333,64.89859118005428,61.553798213131316,-3.3447929669229692,1.3911911567559905,60.0,3.0
qc_all,60.0,111890.33333333333,108406.0,72029.41666666666,68545.08333333333,6301.0,7178.5,9641.258333333333,64.3750130335954,61.26095194401661,-3.11406108957878,1.3981058834816686,60.0,3.0
qc_all,70.0,111890.33333333333,110234.0,71844.08333333333,70187.75,6308.833333333333,7246.5,9641.258333333333,64.2093746555407,62.729056129364764,-1.480318526175924,1.4059713851321274,60.0,3.0
qc_all,80.0,111890.33333333333,108343.5,71948.75,68401.91666666666,6334.666666666666,7155.666666666666,9641.258333333333,64.30291863163633,61.13299927607687,-3.169919355559457,1.3992295265745913,60.0,3.0
qc_all,90.0,111890.33333333333,107614.08333333333,72450.41666666666,68174.16666666666,6354.5,7103.333333333333,9641.258333333333,64.75127431324124,60.92945175484328,-3.8218225583979555,1.395858597295823,60.0,3.0
qc_all,100.0,111890.33333333333,105434.25,72959.33333333333,66503.25,6440.0,7037.166666666666,9641.258333333333,65.2061095536999,59.436099633271866,-5.770009920428033,1.3978638680462698,60.0,3.0
qc_all,110.0,111890.33333333333,104800.66666666667,72890.0,65800.33333333333,6457.833333333333,7084.5,9641.258333333333,65.14414411730534,58.80788033520918,-6.336263782096151,1.4046230134206201,60.0,3.0
qc_all,120.0,111890.33333333333,106137.5,73006.66666666666,67253.83333333333,6495.5,7157.5,9641.258333333333,65.24841288046926,60.106920168855815,-5.14149271161345,1.416101459785246,60.0,3.0
qc_all,130.0,111890.33333333333,105011.91666666667,73220.91666666666,66342.5,6480.5,7049.666666666666,9641.258333333333,65.43989501625103,59.292432173169566,-6.1474628430814615,1.403361075793184,60.0,3.0
qc_all,140.0,111890.33333333333,106704.91666666667,72862.33333333333,67676.91666666666,6420.833333333333,7111.666666666666,9641.258333333333,65.1194175248979,60.48504339070101,-4.634374134196869,1.4036030912285826,60.0,3.0
qc_all,150.0,111890.33333333333,106573.41666666667,72920.83333333333,67603.91666666666,6340.0,7279.666666666666,9641.258333333333,65.17170086185581,60.41980093603558,-4.751899925820214,1.4126440964224067,60.0,3.0
qc_all,160.0,111890.33333333333,106767.66666666667,72518.33333333333,67395.66666666666,6380.666666666666,7167.333333333333,9641.258333333333,64.81197362894024,60.23368119378796,-4.578292435152268,1.405210765192303,60.0,3.0
qc_all,170.0,111890.33333333333,103457.0,72749.66666666666,64316.33333333333,6311.666666666666,7079.166666666666,9641.258333333333,65.01872369075672,57.48158166776397,-7.5371420229927475,1.3889092969365167,60.0,3.0
qc_all,0.0,111890.33333333333,110918.08333333333,81558.58333333333,80586.33333333333,7615.0,8731.5,9641.258333333333,72.89153665344936,72.02260546785394,-0.8689311855954194,1.6954737063194552,60.0,5.0
qc_all,10.0,111890.33333333333,111778.83333333333,80804.58333333333,80693.08333333333,7539.833333333333,8698.166666666666,9641.258333333333,72.21766253265847,72.11801138614894,-0.09965114650952868,1.6842199885734142,60.0,5.0
qc_all,20.0,111890.33333333333,110425.16666666666,81393.41666666666,79928.25,7557.833333333333,8663.333333333332,9641.258333333333,72.74392187588442,71.43445516592139,-1.3094667099630337,1.6824740200751802,60.0,5.0
qc_all,30.0,111890.33333333333,108096.16666666667,81719.75,77925.58333333333,7558.833333333333,8723.5,9641.258333333333,73.03557650199154,69.64460736852453,-3.3909691334669874,1.6888182818459898,60.0,5.0
qc_all,40.0,111890.33333333333,106350.83333333333,81593.0,76053.5,7588.666666666666,8472.833333333332,9641.258333333333,72.92229593858272,67.97146610818331,-4.950829830399409,1.6659132495671811,60.0,5.0
qc_all,50.0,111890.33333333333,102731.83333333333,81770.25,72611.75,7570.833333333333,8263.833333333332,9641.258333333333,73.08070998090392,64.89546311715937,-8.18524686374456,1.6423858918830614,60.0,5.0
qc_all,60.0,111890.33333333333,105783.5,81748.16666666666,75641.33333333333,7671.333333333333,8595.0,9641.258333333333,73.06097339359074,67.60309946346274,-5.457873930128008,1.6871587474318273,60.0,5.0
qc_all,70.0,111890.33333333333,107789.41666666667,81477.83333333333,77376.91666666666,7574.166666666666,8707.5,9641.258333333333,72.81936777380233,69.15424627090216,-3.6651215029001527,1.688749134578733,60.0,5.0
qc_all,80.0,111890.33333333333,104544.25,81585.0,74238.91666666666,7654.5,8504.166666666666,9641.258333333333,72.9151460805372,66.3497144525443,-6.565431627992881,1.6759914637698572,60.0,5.0
qc_all,90.0,111890.33333333333,104900.91666666667,82177.08333333333,75187.66666666666,7632.5,8735.5,9641.258333333333,73.44431005359415,67.19764293013098,-6.246667123463144,1.6977037056884865,60.0,5.0
qc_all,100.0,111890.33333333333,102849.16666666667,82098.58333333333,73057.41666666666,7607.666666666666,8522.666666666666,9641.258333333333,73.37415207152242,65.29376979244557,-8.080382279076826,1.6730527049114439,60.0,5.0
qc_all,110.0,111890.33333333333,106006.25,82082.33333333333,76198.25,7587.833333333333,8676.833333333332,9641.258333333333,73.35962892236743,68.10083385219457,-5.258795070172873,1.6869858792636852,60.0,5.0
qc_all,120.0,111890.33333333333,107953.33333333333,82251.66666666666,78314.66666666666,7677.833333333333,8688.0,9641.258333333333,73.51096758433108,69.99234369367625,-3.5186238906548377,1.6974789770699017,60.0,5.0
qc_all,130.0,111890.33333333333,105031.08333333333,82963.08333333333,76103.83333333333,7649.5,8708.666666666666,9641.258333333333,74.14678360656714,68.01645063171975,-6.130332974847396,1.6966837834964488,60.0,5.0
qc_all,140.0,111890.33333333333,107818.41666666667,82128.41666666666,78056.5,7578.666666666666,8922.333333333332,9641.258333333333,73.40081508381719,69.76161181633206,-3.6392032674851182,1.7114985855062141,60.0,5.0
qc_all,150.0,111890.33333333333,109009.91666666666,82072.66666666666,79192.25,7612.5,8980.166666666666,9641.258333333333,73.35098951056243,70.77666822573293,-2.5743212848294954,1.7210063347540214,60.0,5.0
qc_all,160.0,111890.33333333333,109349.5,82128.91666666666,79588.08333333333,7621.166666666666,8923.833333333332,9641.258333333333,73.40126194994504,71.13043724361056,-2.270824706334472,1.7160623051451618,60.0,5.0
qc_all,170.0,111890.33333333333,106942.16666666667,81538.33333333333,76590.16666666666,7559.666666666666,8844.333333333332,9641.258333333333,72.87343857527162,68.45110241873739,-4.422336156534217,1.7014376581203525,60.0,5.0
qc_all,180.0,111890.33333333333,111231.25,81796.0,81136.91666666666,7578.833333333333,8951.166666666666,9641.258333333333,73.10372358648796,72.51467955229973,-0.5890440341882336,1.7145064916318842,60.0,5.0
qc_all,190.0,111890.33333333333,107359.25,81929.41666666666,77398.33333333333,7682.5,8656.333333333332,9641.258333333333,73.22296236493472,69.17338703671155,-4.049575328223167,1.694678512746002,60.0,5.0
qc_all,200.0,111890.33333333333,104604.33333333333,82359.75,75073.75,7665.0,8677.333333333332,9641.258333333333,73.60756514563367,67.09583193067022,-6.511733214963462,1.6950415358991002,60.0,5.0
qc_all,210.0,111890.33333333333,103420.25,82534.0,74063.91666666666,7642.5,8588.833333333332,9641.258333333333,73.7632979911878,66.19331130779841,-7.569986683389386,1.6835285159008462,60.0,5.0
qc_all,220.0,111890.33333333333,104923.83333333333,82506.75,75540.25,7701.166666666666,8610.0,9641.258333333333,73.73894378722022,67.51275802794999,-6.226185759270238,1.6918089011548458,60.0,5.0
qc_all,230.0,111890.33333333333,104671.66666666667,82734.91666666666,75516.25,7712.5,8682.0,9641.258333333333,73.94286369689368,67.4913084538134,-6.45155524308027,1.7004523095619435,60.0,5.0
qc_all,240.0,111890.33333333333,106464.66666666666,82928.91666666666,77503.25,7730.833333333333,8606.333333333332,9641.258333333333,74.1162477544977,69.26715444587111,-4.849093308626607,1.6945056445778601,60.0,5.0
qc_all,250.0,111890.33333333333,101826.58333333333,82971.75,72908.0,7719.833333333333,8357.666666666666,9641.258333333333,74.15452928611647,65.16023129790777,-8.994297988208693,1.6675727839813441,60.0,5.0
qc_all,260.0,111890.33333333333,108274.91666666667,82288.5,78673.08333333333,7652.0,8734.333333333332,9641.258333333333,73.5438867224157,70.31267222965344,-3.2312144927622497,1.6996052555380476,60.0,5.0
qc_all,270.0,111890.33333333333,109765.75,82188.75,80064.16666666666,7552.833333333333,8763.5,9641.258333333333,73.45473692991054,71.55592827500737,-1.8988086549031598,1.6923447924760857,60.0,5.0
qc_all,280.0,111890.33333333333,109174.08333333333,82320.25,79604.0,7661.333333333333,8795.666666666666,9641.258333333333,73.57226272153389,71.14466248201364,-2.4276002395202445,1.7069348658672667,60.0,5.0
qc_all,290.0,111890.33333333333,109276.25,82082.41666666666,79468.33333333333,7618.666666666666,8499.5,9641.258333333333,73.35970340005541,71.02341280599158,-2.336290594063826,1.6717907672840078,60.0,5.0
qc_all,0.0,111890.33333333333,113042.41666666667,91438.41666666666,92590.5,8820.333333333332,10489.833333333332,9641.258333333333,81.7214623842989,82.75111642054274,1.029654036243831,2.0028678829094746,60.0,10.0
qc_all,10.0,111890.33333333333,109702.16666666666,91465.83333333333,89277.66666666666,8747.833333333332,10218.666666666666,9641.258333333333,81.74596554364243,79.79033041281492,-1.955635130827511,1.9672224666386045,60.0,10.0
qc_all,20.0,111890.33333333333,111532.66666666666,91359.16666666666,91001.5,8752.333333333332,10377.5,9641.258333333333,81.65063410303542,81.33097586624999,-0.31965823678542815,1.9841635471165155,60.0,10.0
qc_all,30.0,111890.33333333333,107970.58333333333,91443.66666666666,87523.91666666666,8726.666666666666,10480.833333333332,9641.258333333333,81.72615447864129,78.22294746939711,-3.503207009244171,1.9922192037519308,60.0,10.0
qc_all,40.0,111890.33333333333,97008.66666666666,91948.91666666666,77067.25,8815.333333333332,9963.0,9641.258333333333,82.17771270082909,68.8774871823899,-13.300225518439191,1.9477056504553778,60.0,10.0
qc_all,50.0,111890.33333333333,97026.5,91977.91666666666,77114.08333333333,8756.166666666666,9946.0,9641.258333333333,82.20363093624412,68.91934364303143,-13.284287293212696,1.9398055751712906,60.0,10.0
qc_all,60.0,111890.33333333333,100608.5,91856.41666666666,80574.58333333333,8840.0,10290.833333333332,9641.258333333333,82.09504246717768,72.01210411384957,-10.082938353328105,1.9842672680174007,60.0,10.0
qc_all,70.0,111890.33333333333,103542.58333333333,91757.91666666666,83410.16666666666,8834.666666666666,10378.333333333332,9641.258333333333,82.00700983999214,74.54635640254892,-7.460653437443211,1.9927896687067992,60.0,10.0
qc_all,80.0,111890.33333333333,100748.33333333333,91781.33333333333,80639.33333333333,8805.333333333332,10156.833333333332,9641.258333333333,82.02793807031289,72.06997327740555,-9.957964792907342,1.966773009401435,60.0,10.0
qc_all,90.0,111890.33333333333,102410.08333333333,92099.58333333333,82619.33333333333,8833.5,10491.666666666666,9641.258333333333,82.31236836068649,73.83956314367342,-8.472805217013088,2.0044236964227524,60.0,10.0
qc_all,100.0,111890.33333333333,98218.41666666666,92188.83333333333,78516.91666666666,8807.0,10275.166666666666,9641.258333333333,82.39213396450691,70.17310104238972,-12.219032922117197,1.9792195175076557,60.0,10.0
qc_all,110.0,111890.33333333333,103026.41666666666,91834.91666666666,82971.0,8761.666666666666,10519.333333333332,9641.258333333333,82.07582722368032,74.1538589869247,-7.921968236755638,1.9998426899669908,60.0,10.0
qc_all,120.0,111890.33333333333,106753.33333333333,91914.33333333333,86777.33333333333,8826.166666666666,10474.0,9641.258333333333,82.14680446031977,77.55570186283592,-4.591102597483846,2.001830673900623,60.0,10.0
qc_all,130.0,111890.33333333333,102290.0,92933.91666666666,83333.58333333333,8883.833333333332,10515.166666666666,9641.258333333333,83.05803897268456,74.4779114073006,-8.580127565383957,2.0120817562714413,60.0,10.0
qc_all,140.0,111890.33333333333,113608.5,91868.91666666666,93587.08333333333,8764.5,11027.333333333332,9641.258333333333,82.10621412037382,83.64179509102662,1.5355809706528163,2.052826783502499,60.0,10.0
qc_all,150.0,111890.33333333333,114744.25,91818.66666666666,94672.58333333333,8780.5,10878.666666666666,9641.258333333333,82.06130407452535,84.61194145457902,2.550637380053688,2.0390664773183995,60.0,10.0
qc_all,160.0,111890.33333333333,109526.75,92154.0,89790.41666666666,8784.666666666666,10669.833333333332,9641.258333333333,82.36100229093368,80.2485916269204,-2.1124106640132707,2.017838266270568,60.0,10.0
qc_all,170.0,111890.33333333333,102831.75,91878.83333333333,82820.25,8713.666666666666,10507.5,9641.258333333333,82.11507696524275,74.0191288493793,-8.095948115863445,1.9936367227306946,60.0,10.0
qc_all,180.0,111890.33333333333,108703.83333333333,91667.25,88480.75,8757.5,10840.833333333332,9641.258333333333,81.92597811547617,79.0781002827173,-2.8478778327588623,2.0327567891812186,60.0,10.0
qc_all,190.0,111890.33333333333,107888.91666666666,91043.58333333333,87042.16666666666,8762.666666666666,10485.0,9641.258333333333,81.36858709867697,77.79239195521805,-3.576195143458927,1.9963853266041516,60.0,10.0
qc_all,200.0,111890.33333333333,106426.08333333333,91261.16666666666,85796.91666666666,8783.833333333332,10579.833333333332,9641.258333333333,81.5630483419777,76.67947186381903,-4.883576478158673,2.0084169511068315,60.0,10.0
qc_all,210.0,111890.33333333333,109417.66666666667,91083.0,88610.33333333333,8702.5,10728.166666666666,9641.258333333333,81.40381504508879,79.19391308751723,-2.209901957571542,2.015366251466138,60.0,10.0
qc_all,220.0,111890.33333333333,114603.58333333333,91120.33333333333,93833.58333333333,8803.333333333332,10735.166666666666,9641.258333333333,81.43718104930124,83.86210009205442,2.424919042753172,2.0265508219449226,60.0,10.0
qc_all,230.0,111890.33333333333,110426.0,91552.08333333333,90087.75,8875.166666666666,10748.333333333332,9641.258333333333,81.82304995069576,80.51432801761248,-1.3087219330832827,2.035367098520162,60.0,10.0
qc_all,240.0,111890.33333333333,108020.58333333333,92035.91666666666,88166.16666666666,8902.333333333332,10422.5,9641.258333333333,82.25546740707419,78.79694701061456,-3.4585203964596287,2.004389122789124,60.0,10.0
qc_all,250.0,111890.33333333333,105578.5,91543.58333333333,85231.75,8872.333333333332,10212.166666666666,9641.258333333333,81.8154532265224,76.17436418397777,-5.64108904254463,1.9794615329430547,60.0,10.0
qc_all,260.0,111890.33333333333,111703.0,91610.91666666666,91423.58333333333,8870.833333333332,10657.0,9641.258333333333,81.87563119840559,81.7082053558395,-0.16742584256607973,2.025444465668814,60.0,10.0
qc_all,270.0,111890.33333333333,113893.91666666667,91497.66666666666,93501.25,8824.833333333332,10711.5,9641.258333333333,81.7744160204486,83.56508307241317,1.790667051964581,2.026326093326338,60.0,10.0
qc_all,280.0,111890.33333333333,111454.91666666667,91053.83333333333,90618.41666666666,8833.833333333332,10554.166666666666,9641.258333333333,81.37774785429781,80.98860193463243,-0.389145919665378,2.010940826361704,60.0,10.0
qc_all,290.0,111890.33333333333,109151.66666666667,91030.0,88291.33333333333,8801.833333333332,10450.5,9641.258333333333,81.35644723553717,78.90881249795186,-2.4476347375853056,1.9968693574749492,60.0,10.0
qc_all,300.0,111890.33333333333,109612.75,91267.41666666666,88989.83333333333,8862.333333333332,10428.833333333332,9641.258333333333,81.56863416857577,79.53308447855191,-2.0355496900238585,2.0008971857926565,60.0,10.0
qc_all,310.0,111890.33333333333,115055.41666666666,90451.25,93616.33333333333,8815.666666666666,10729.666666666666,9641.258333333333,80.83919969255611,83.66793675950558,2.828737066949479,2.027259581434304,60.0,10.0
qc_all,320.0,111890.33333333333,108644.33333333333,91253.58333333333,88007.58333333333,8857.5,10369.0,9641.258333333333,81.55627087237205,78.65521597039958,-2.901054901972467,1.994189900868749,60.0,10.0
qc_all,330.0,111890.33333333333,110214.33333333333,91516.5,89840.5,8864.5,10463.333333333332,9641.258333333333,81.79124797793078,80.29335271739292,-1.4978952605378482,2.0047002854917797,60.0,10.0
qc_all,340.0,111890.33333333333,115728.0,90916.08333333333,94753.75,8833.0,10498.833333333332,9641.258333333333,81.2546362360764,84.68448272266595,3.429846486589552,2.0051151690953204,60.0,10.0
qc_all,350.0,111890.33333333333,108992.5,91042.08333333333,88144.25,8859.333333333332,10090.0,9641.258333333333,81.36724650029343,78.77735937867735,-2.589887121616102,1.9654419245067423,60.0,10.0
qc_all,360.0,111890.33333333333,112001.0,91421.16666666666,91531.83333333333,8939.0,10393.0,9641.258333333333,81.70604550288824,81.80495187251802,0.09890636962979064,2.0051324559121344,60.0,10.0
qc_all,370.0,111890.33333333333,111128.83333333333,91412.58333333333,90651.08333333333,8772.0,10468.166666666666,9641.258333333333,81.69837430102689,81.01779718831831,-0.6805771127085748,1.9956074198475127,60.0,10.0
qc_all,380.0,111890.33333333333,108589.5,91446.5,88145.66666666666,8949.0,10330.666666666666,9641.258333333333,81.72868672003241,78.7786254993729,-2.9500612206595105,1.9997043954324771,60.0,10.0
qc_all,390.0,111890.33333333333,104741.5,91875.08333333333,84726.25,8905.5,10338.166666666666,9641.258333333333,82.11172546928391,75.72258252872605,-6.389142940557863,1.9959704430006109,60.0,10.0
qc_all,400.0,111890.33333333333,107449.33333333333,91756.33333333333,87315.33333333333,8886.333333333332,10250.0,9641.258333333333,82.00559476392061,78.03652981639759,-3.9690649475230213,1.9848377329722693,60.0,10.0
qc_all,410.0,111890.33333333333,109841.91666666666,91966.5,89918.08333333333,8863.333333333332,10385.833333333332,9641.258333333333,82.19342749299166,80.36269144489692,-1.8307360480947161,1.9965409079554792,60.0,10.0
qc_all,420.0,111890.33333333333,107879.08333333333,92286.91666666666,88275.66666666666,8965.333333333332,10366.333333333332,9641.258333333333,82.47979420325258,78.89481069261271,-3.5849835106398826,2.005097882278506,60.0,10.0
qc_all,430.0,111890.33333333333,105408.0,92322.83333333333,85840.5,8905.333333333332,10322.166666666666,9641.258333333333,82.51189408676947,76.71842369462956,-5.793470392139918,1.994293621769634,60.0,10.0
qc_all,440.0,111890.33333333333,102717.91666666667,92148.58333333333,82976.16666666666,8911.166666666666,10321.0,9641.258333333333,82.35616124121535,74.1584766035791,-8.197684637636248,1.9947776526404315,60.0,10.0
qc_all,450.0,111890.33333333333,103925.91666666666,92404.91666666666,84440.5,8951.0,10511.0,9641.258333333333,82.58525460942411,75.4671985366624,-7.1180560727617275,2.018616173027207,60.0,10.0
qc_all,460.0,111890.33333333333,109620.33333333333,92002.08333333333,89732.08333333333,8907.833333333332,10704.333333333332,9641.258333333333,82.22522946575664,80.19645724533844,-2.0287722204182073,2.0341915949767966,60.0,10.0
qc_all,470.0,111890.33333333333,112704.75,91220.83333333333,92035.25,8851.0,10730.833333333332,9641.258333333333,81.52700114099817,82.2548715855704,0.7278704445722194,2.0310453943166134,60.0,10.0
qc_all,480.0,111890.33333333333,114771.08333333333,91833.66666666666,94714.41666666666,8874.166666666666,10603.333333333332,9641.258333333333,82.07471005836071,84.6493292539421,2.5746191955813877,2.020223846990927,60.0,10.0
qc_all,490.0,111890.33333333333,104924.66666666667,92713.58333333333,85747.91666666666,9003.5,10267.666666666666,9641.258333333333,82.86111996568067,76.63567898329018,-6.225440982390487,1.998822767774953,60.0,10.0
qc_all,500.0,111890.33333333333,103652.58333333333,92903.66666666666,84665.91666666666,8923.5,10252.166666666666,9641.258333333333,83.03100357194991,75.66866068263269,-7.362342889317219,1.9889174217404193,60.0,10.0
qc_all,510.0,111890.33333333333,95832.91666666667,93334.83333333333,77277.41666666666,8977.166666666666,9805.166666666666,9641.258333333333,83.4163511295286,69.06531991146092,-14.351031218067682,1.9481205340589185,60.0,10.0
qc_all,520.0,111890.33333333333,94679.08333333333,93477.5,76266.25,8988.5,9896.5,9641.258333333333,83.54385693134051,68.16160764558154,-15.382249285758974,1.958769213216463,60.0,10.0
qc_all,530.0,111890.33333333333,98301.58333333333,93052.0,79463.25,8922.0,9934.0,9641.258333333333,83.16357385654406,71.01886966702516,-12.144704189518905,1.9557613070907929,60.0,10.0
qc_all,540.0,111890.33333333333,104130.58333333333,93200.16666666666,85440.41666666666,8900.166666666666,10158.666666666666,9641.258333333333,83.29599518576225,76.36085631466526,-6.9351388710969974,1.9767993631536684,60.0,10.0
qc_all,550.0,111890.33333333333,98115.16666666667,93235.5,79460.33333333333,8911.333333333332,9890.666666666666,9641.258333333333,83.32757372546332,71.01626294794606,-12.311310777517262,1.9501603784429937,60.0,10.0
qc_all,560.0,111890.33333333333,102586.66666666667,92697.75,83394.08333333333,8856.0,10151.5,9641.258333333333,82.84696920496557,74.5319822087699,-8.314986996195671,1.9714750235748963,60.0,10.0
qc_all,570.0,111890.33333333333,104088.33333333333,92657.5,84855.5,8772.666666666666,10218.833333333332,9641.258333333333,82.81099648167402,75.83809742277408,-6.972899058899935,1.9698154891607338,60.0,10.0
qc_all,580.0,111890.33333333333,106125.5,92799.33333333333,87034.5,8854.333333333332,10396.666666666666,9641.258333333333,82.93775750660616,77.78554000792442,-5.152217498681741,1.9967310629404358,60.0,10.0
qc_all,590.0,111890.33333333333,107651.33333333333,92332.08333333333,88093.08333333333,8844.833333333332,9876.666666666666,9641.258333333333,82.52016111013462,78.73163007826115,-3.7885310318734713,1.9418108459217374,60.0,10.0
qc_all,0.0,252480.3333333333,248727.25,77859.5,74106.41666666666,6881.166666666666,7296.333333333333,9641.258333333333,30.83784743630197,29.351362020276166,-1.4864854160257952,1.4705030722995183,65.0,1.0
qc_all,10.0,252480.3333333333,247119.91666666666,78271.33333333333,72910.91666666666,6855.0,7305.666666666666,9641.258333333333,31.00096245120082,28.877859793700104,-2.1231026575007124,1.4687571038012845,65.0,1.0
qc_all,20.0,252480.3333333333,248730.5833333333,77806.41666666666,74056.66666666666,6830.0,7350.166666666666,9641.258333333333,30.81682269642124,29.33165751523881,-1.485165181182429,1.4707796613685453,65.0,1.0
qc_all,30.0,252480.3333333333,248757.8333333333,78236.0,74513.5,6894.833333333333,7358.333333333333,9641.258333333333,30.98696796186106,29.51259570052321,-1.474372261337847,1.478351287133163,65.0,1.0
qc_all,40.0,252480.3333333333,247003.0833333333,78969.5,73492.25,6908.5,7301.666666666666,9641.258333333333,31.277485639145493,29.10810875038452,-2.169376888760973,1.4738912883951005,65.0,1.0
qc_all,50.0,252480.3333333333,245622.91666666666,78895.58333333333,72038.16666666666,6860.0,7266.5,9641.258333333333,31.248209431493674,28.53218930583372,-2.7160201256599485,1.4652133063543746,65.0,1.0
qc_all,0.0,252480.3333333333,250165.3333333333,119329.16666666666,117014.16666666666,11718.0,12735.0,9641.258333333333,47.262757099232815,46.34585400050961,-0.916903098723201,2.5362871893450976,65.0,2.5
qc_all,10.0,252480.3333333333,250939.16666666666,118887.25,117346.08333333333,11671.0,12718.5,9641.258333333333,47.087726964872516,46.47731638503857,-0.6104105798339371,2.5297009121388894,65.0,2.5
qc_all,20.0,252480.3333333333,249211.41666666666,119096.5,115827.58333333333,11667.5,12658.5,9641.258333333333,47.17060470716532,45.87588340213957,-1.2947213050257342,2.5231146349326807,65.0,2.5
qc_all,30.0,252480.3333333333,250220.5,119569.33333333333,117309.5,11785.166666666666,12741.5,9641.258333333333,47.3578800196979,46.462826807632545,-0.8950532120653546,2.5439279623769715,65.0,2.5
qc_all,40.0,252480.3333333333,246375.3333333333,119740.25,113635.25,11835.166666666666,12530.333333333332,9641.258333333333,47.42557506129191,45.00756494565253,-2.4180101156393703,2.527211610517645,65.0,2.5
qc_all,50.0,252480.3333333333,242813.41666666666,120087.5,110420.58333333333,11747.666666666666,12432.833333333332,9641.258333333333,47.56311052610039,43.7343304627027,-3.828780063397674,2.5080232438538883,65.0,2.5
qc_all,60.0,252480.3333333333,243916.0833333333,119990.75,111426.5,11762.5,12510.666666666666,9641.258333333333,47.52479070977146,44.13274433256188,-3.3920463772095784,2.5176347140025808,65.0,2.5
qc_all,70.0,252480.3333333333,245866.0,119774.33333333333,113160.0,11834.666666666666,12655.166666666666,9641.258333333333,47.4390744625654,44.8193324628585,-2.6197419997069002,2.5401075758610347,65.0,2.5
qc_all,80.0,252480.3333333333,244285.0,120172.08333333333,111976.75,11719.0,12743.333333333332,9641.258333333333,47.596611485250996,44.350682099331834,-3.24592938591916,2.5372552510866924,65.0,2.5
qc_all,90.0,252480.3333333333,244480.0833333333,120816.83333333333,112816.58333333333,11858.5,12595.666666666666,9641.258333333333,47.8519779098306,44.68331526811989,-3.1686626417107076,2.5364081970627965,65.0,2.5
qc_all,100.0,252480.3333333333,241321.66666666666,120456.08333333333,109297.41666666666,11786.833333333332,12334.5,9641.258333333333,47.70909549390645,43.28947733222786,-4.419618161678596,2.501886423884849,65.0,2.5
qc_all,110.0,252480.3333333333,245514.5833333333,120434.25,113468.5,11799.666666666666,12533.0,9641.258333333333,47.700447955682364,44.94152019761275,-2.7589277580696057,2.5238061076052483,65.0,2.5
qc_all,120.0,252480.3333333333,248302.8333333333,120275.08333333333,116097.58333333333,11781.833333333332,12644.166666666666,9641.258333333333,47.63740674191125,45.98282242445286,-1.6545843174583896,2.533486725021198,65.0,2.5
qc_all,130.0,252480.3333333333,245282.0,121292.66666666666,114094.33333333333,11651.333333333332,12757.833333333332,9641.258333333333,48.04044143372223,45.18939428945621,-2.8510471442660146,2.531740756522964,65.0,2.5
qc_all,140.0,252480.3333333333,247758.25,119891.66666666666,115169.58333333333,11706.5,12644.666666666666,9641.258333333333,47.48554672905217,45.615269044057555,-1.8702776849945992,2.525724944271624,65.0,2.5
qc_all,0.0,252480.3333333333,250273.5,128165.41666666666,125958.58333333333,12995.0,13827.0,9641.258333333333,50.7625346396617,49.88847316160599,-0.8740614780557089,2.7820020035420687,65.0,3.0
qc_all,10.0,252480.3333333333,243107.41666666666,128470.91666666666,119098.0,12926.0,13784.333333333332,9641.258333333333,50.88353416305693,47.171198812844835,-3.712335350212092,2.7704198362765577,65.0,3.0
qc_all,20.0,252480.3333333333,246037.5,127983.41666666666,121540.58333333333,12911.0,13880.833333333332,9641.258333333333,50.69044981721349,48.138633900198165,-2.551815917015311,2.7788730896986995,65.0,3.0
qc_all,30.0,252480.3333333333,246496.0833333333,128235.99999999999,122251.75,12948.5,13906.833333333332,9641.258333333333,50.790490612470144,48.420306004032,-2.3701846084381493,2.7854593669049077,65.0,3.0
qc_all,40.0,252480.3333333333,247188.5,128332.08333333333,123040.25,12924.5,14054.666666666666,9641.258333333333,50.8285463818304,48.732607556232104,-2.09593882559829,2.7983034717978548,65.0,3.0
qc_all,50.0,252480.3333333333,247903.66666666666,128451.83333333333,123875.16666666666,12912.166666666666,13782.666666666666,9641.258333333333,50.87597581857861,49.06329337862619,-1.812682439952415,2.768812162312838,65.0,3.0
qc_all,60.0,252480.3333333333,248600.0,127912.16666666666,124031.83333333333,12852.333333333332,14006.166666666666,9641.258333333333,50.66222979743637,49.12534441626477,-1.5368853811715952,2.7857878164243774,65.0,3.0
qc_all,70.0,252480.3333333333,249941.0,127777.33333333333,125238.0,12935.166666666666,13939.5,9641.258333333333,50.60882629802189,49.60307139433963,-1.0057549036822595,2.7874646376553542,65.0,3.0
qc_all,80.0,252480.3333333333,247836.5,127975.16666666666,123331.33333333333,12966.666666666666,13931.5,9641.258333333333,50.68718223597614,48.84789706392973,-1.839285172046396,2.789902078826156,65.0,3.0
qc_all,90.0,252480.3333333333,246959.5833333333,128607.99999999999,123087.25,12921.0,14031.5,9641.258333333333,50.937828820990674,48.75122286752368,-2.186605953467003,2.7955375811075838,65.0,3.0
qc_all,100.0,252480.3333333333,243765.66666666666,129505.33333333333,120790.66666666666,12951.666666666666,13934.0,9641.258333333333,51.29323604082694,47.841614066310115,-3.4516219745168235,2.788605567565091,65.0,3.0
qc_all,110.0,252480.3333333333,243353.5833333333,129143.41666666666,120016.66666666666,12909.0,13870.5,9641.258333333333,51.14989154270762,47.53505553567869,-3.6148360070289307,2.777593865254449,65.0,3.0
qc_all,120.0,252480.3333333333,245188.16666666666,129274.33333333333,121982.16666666666,12960.833333333332,13885.0,9641.258333333333,51.201743766181124,48.31353201107413,-2.888211755106995,2.7844740183464984,65.0,3.0
qc_all,130.0,252480.3333333333,245153.5,128767.16666666666,121440.33333333333,12837.5,13894.0,9641.258333333333,51.00087003476178,48.098927837283696,-2.90194219747808,2.7726152620119606,65.0,3.0
qc_all,140.0,252480.3333333333,246743.75,128598.58333333333,122862.0,12850.166666666666,13981.666666666666,9641.258333333333,50.934099157558144,48.662007997982684,-2.272091159575458,2.783021925734106,65.0,3.0
qc_all,150.0,252480.3333333333,246575.5,128702.5,122797.66666666666,13002.5,13831.333333333332,9641.258333333333,50.97525747880033,48.636527465505566,-2.3387300132947573,2.7832293675358764,65.0,3.0
qc_all,160.0,252480.3333333333,245851.66666666666,128508.66666666666,121880.0,13005.333333333332,13613.833333333332,9641.258333333333,50.89848582265814,48.27306681312472,-2.6254190095334122,2.760963947479193,65.0,3.0
qc_all,170.0,252480.3333333333,242328.25,128634.33333333333,118482.25,12844.833333333332,13800.833333333332,9641.258333333333,50.94825867625333,46.92731843140258,-4.020940244850746,2.76371255135265,65.0,3.0
qc_all,0.0,252480.3333333333,250880.75,151238.5833333333,149639.0,16292.333333333332,17616.833333333332,9641.258333333333,59.90113421375394,59.267586518289875,-0.6335476954640615,3.5170893149320928,65.0,5.0
qc_all,10.0,252480.3333333333,251530.41666666666,150259.8333333333,149309.91666666666,16314.0,17521.5,9641.258333333333,59.51348025786827,59.13724633337778,-0.37623392449048454,3.509448541900219,65.0,5.0
qc_all,20.0,252480.3333333333,250099.5,151153.41666666666,148772.5833333333,16411.166666666664,17610.0,9641.258333333333,59.86740221350574,58.9244244766259,-0.9429777368798286,3.528706055831232,65.0,5.0
qc_all,30.0,252480.3333333333,247651.16666666666,151470.5,146641.3333333333,16450.666666666664,17489.666666666664,9641.258333333333,59.99298955298169,58.080299323643686,-1.912690229337991,3.520321949676347,65.0,5.0
qc_all,40.0,252480.3333333333,244812.0833333333,151449.16666666666,143780.91666666666,16454.666666666664,17331.166666666664,9641.258333333333,59.98454004998409,56.94737279867343,-3.0371672513106636,3.504297070489588,65.0,5.0
qc_all,50.0,252480.3333333333,239970.5833333333,151386.5833333333,138876.8333333333,16369.0,17087.666666666664,9641.258333333333,59.95975264079974,55.005010291230604,-4.954742349569142,3.4701556072815527,65.0,5.0
qc_all,60.0,252480.3333333333,244703.5,151422.41666666666,143645.5833333333,16410.333333333332,17388.166666666664,9641.258333333333,59.97394516536602,56.893771264032445,-3.080173901333562,3.5056108685674676,65.0,5.0
qc_all,70.0,252480.3333333333,247538.91666666666,151093.41666666666,146152.0,16386.333333333332,17609.333333333332,9641.258333333333,59.84363798632501,57.8864888486364,-1.9571491376886083,3.52606117285866,65.0,5.0
qc_all,80.0,252480.3333333333,243374.25,151536.91666666666,142430.8333333333,16394.333333333332,17656.333333333332,9641.258333333333,60.01929523223591,56.412644681235896,-3.6066505510000044,3.5317658224073445,65.0,5.0
qc_all,90.0,252480.3333333333,243493.75,152360.5,143373.91666666666,16430.166666666664,17571.166666666664,9641.258333333333,60.34549225616253,56.78617212429747,-3.5593201318650487,3.5266489246303427,65.0,5.0
qc_all,100.0,252480.3333333333,240883.5,151997.75,140400.91666666666,16392.0,17236.333333333332,9641.258333333333,60.20181769933236,55.60865466749225,-4.5931630318400964,3.4879610286001737,65.0,5.0
qc_all,110.0,252480.3333333333,244239.3333333333,151880.75,143639.75,16352.499999999998,17452.333333333332,9641.258333333333,60.15547745632993,56.89146085305654,-3.2640166032733906,3.5062677676064062,65.0,5.0
qc_all,120.0,252480.3333333333,246943.75,152236.5,146699.91666666666,16293.166666666666,17667.833333333332,9641.258333333333,60.29637951998902,58.10350245101599,-2.1928770689730213,3.5224655149613078,65.0,5.0
qc_all,130.0,252480.3333333333,245205.75,152491.3333333333,145216.75,16120.333333333332,17948.5,9641.258333333333,60.39731147376495,57.51606395745676,-2.8812475163081936,3.5336500854400916,65.0,5.0
qc_all,140.0,252480.3333333333,248859.41666666666,151374.3333333333,147753.41666666666,16179.833333333332,17874.833333333332,9641.258333333333,59.954900777750346,58.52076267326432,-1.4341381044860222,3.532180706010885,65.0,5.0
qc_all,150.0,252480.3333333333,250197.5833333333,151720.3333333333,149437.5833333333,16285.5,18031.0,9641.258333333333,60.09194115449256,59.187811327879004,-0.9041298266135581,3.559338295225986,65.0,5.0
qc_all,160.0,252480.3333333333,250634.75,151731.5,149885.91666666666,16208.333333333332,18056.0,9641.258333333333,60.09636394121787,59.365382914312804,-0.7309810269050583,3.5539275215631427,65.0,5.0
qc_all,170.0,252480.3333333333,247758.75,151030.3333333333,146308.75,16127.499999999998,17924.5,9641.258333333333,59.818652541914155,57.94857289214606,-1.8700796497680932,3.5319041169418584,65.0,5.0
qc_all,180.0,252480.3333333333,252385.16666666666,151751.5833333333,151656.41666666666,16240.833333333332,18164.333333333332,9641.258333333333,60.10431835614919,60.06662565137087,-0.03769270477832213,3.568534881771138,65.0,5.0
qc_all,190.0,252480.3333333333,247171.25,152051.0833333333,146742.0,16329.5,17794.0,9641.258333333333,60.22294145682634,58.120170415913584,-2.1027710409127502,3.5393201613551484,65.0,5.0
qc_all,200.0,252480.3333333333,244441.0,152292.0,144252.66666666666,16236.499999999998,17792.666666666664,9641.258333333333,60.3183614301312,57.13421903488193,-3.1841423952492596,3.5295358230383136,65.0,5.0
qc_all,210.0,252480.3333333333,242926.41666666666,152252.91666666666,142699.0,16178.5,17713.0,9641.258333333333,60.302881676592634,56.518857574385336,-3.784024102207297,3.5152569123497885,65.0,5.0
qc_all,220.0,252480.3333333333,243527.75,153009.66666666666,144057.0833333333,16426.166666666664,17748.833333333332,9641.258333333333,60.6026079919096,57.05675425544696,-3.5458537364626346,3.5446617877507345,65.0,5.0
qc_all,230.0,252480.3333333333,244168.0,153022.66666666666,144710.3333333333,16158.166666666666,17903.0,9641.258333333333,60.60775690779876,57.315487278877164,-3.292269628921585,3.5328548918666387,65.0,5.0
qc_all,240.0,252480.3333333333,245161.5833333333,153274.5,145955.75,16373.0,17607.666666666664,9641.258333333333,60.707500650215664,57.80876002223276,-2.8987406279829058,3.524505359345383,65.0,5.0
qc_all,250.0,252480.3333333333,239537.41666666666,153098.41666666666,140155.5,16259.0,17360.333333333332,9641.258333333333,60.637759244614436,55.51145237714885,-5.126306867465581,3.487027540492207,65.0,5.0
qc_all,260.0,252480.3333333333,246975.66666666666,152439.16666666666,146934.5,16293.5,17635.0,9641.258333333333,60.376649798466154,58.19641397811843,-2.1802358203477197,3.5190945856825397,65.0,5.0
qc_all,270.0,252480.3333333333,249759.0,152107.75,149386.41666666666,16363.333333333332,17676.5,9641.258333333333,60.2453854491637,59.167545723033214,-1.0778397261304764,3.530642179314422,65.0,5.0
qc_all,280.0,252480.3333333333,248791.0833333333,152361.0,148671.75,16236.166666666666,17727.5,9641.258333333333,60.34569029138904,58.88448737261385,-1.4612029187751918,3.5227421040303346,65.0,5.0
qc_all,290.0,252480.3333333333,248212.66666666666,152000.16666666666,147732.5,16319.166666666666,17541.833333333332,9641.258333333333,60.2027748695938,58.51247819962215,-1.6902966699716508,3.512093424872791,65.0,5.0
qc_all,0.0,252480.3333333333,253120.75,178178.91666666666,178819.3333333333,20232.666666666664,22628.5,9641.258333333333,70.57140424138646,70.82505436066968,0.2536501192832258,4.445598819656148,65.0,10.0
qc_all,10.0,252480.3333333333,249554.16666666666,177776.8333333333,174850.66666666666,20181.666666666664,22388.0,9641.258333333333,70.41215091340447,69.25318275614866,-1.1589681572558088,4.4153641770481205,65.0,10.0
qc_all,20.0,252480.3333333333,250626.41666666666,177991.5,176137.5833333333,20325.166666666664,22326.0,9641.258333333333,70.49717403731776,69.76289242330425,-0.7342816140134969,4.423817430470262,65.0,10.0
qc_all,30.0,252480.3333333333,247058.8333333333,177973.16666666666,172551.66666666666,20327.5,22137.166666666664,9641.258333333333,70.48991274567919,68.34261678467365,-2.1472959610055438,4.4044734824551774,65.0,10.0
qc_all,40.0,252480.3333333333,234423.0833333333,178975.5,160918.25,20474.666666666664,21938.0,9641.258333333333,70.88690736308175,63.73496417542753,-7.15194318765422,4.399079995609148,65.0,10.0
qc_all,50.0,252480.3333333333,233969.16666666666,178975.41666666666,160464.25,20420.166666666664,21852.0,9641.258333333333,70.88687435721066,63.55514818976,-7.331726167450662,4.384507209034782,65.0,10.0
qc_all,60.0,252480.3333333333,239081.16666666666,178820.3333333333,165421.16666666666,20382.166666666664,22240.333333333332,9641.258333333333,70.82545043112269,65.5184364194703,-5.307014011652389,4.42084409797822,65.0,10.0
qc_all,70.0,252480.3333333333,242834.0833333333,178287.75,168641.5,20323.166666666664,22353.0,9641.258333333333,70.61450990902262,66.79391530165387,-3.820594607368759,4.426410452992391,65.0,10.0
qc_all,80.0,252480.3333333333,239470.25,178521.0,165510.91666666666,20144.333333333332,22409.833333333332,9641.258333333333,70.70689334218771,65.55398374262815,-5.152909599559562,4.4137565030844,65.0,10.0
qc_all,90.0,252480.3333333333,240619.41666666666,179321.5833333333,167460.66666666666,20261.666666666664,22499.333333333332,9641.258333333333,71.02398074569504,66.32622210838865,-4.6977586373064,4.435209442750817,65.0,10.0
qc_all,100.0,252480.3333333333,235478.5833333333,179056.5833333333,162054.8333333333,20208.166666666664,21912.166666666664,9641.258333333333,70.91902207564682,64.18513125114696,-6.733890824499863,4.36875891891705,65.0,10.0
qc_all,110.0,252480.3333333333,241106.5,178739.41666666666,167365.5833333333,20135.666666666664,22234.0,9641.258333333333,70.79340173029978,66.2885624094814,-4.5048393208183795,4.394619996871086,65.0,10.0
qc_all,120.0,252480.3333333333,246388.41666666666,178708.0833333333,172616.16666666666,20149.166666666664,22563.5,9641.258333333333,70.78099152277207,68.36816332889293,-2.4128281938791236,4.4301962658747,65.0,10.0
qc_all,130.0,252480.3333333333,242817.5,179579.0,169916.16666666666,19955.5,23056.666666666664,9641.258333333333,71.1259358814746,67.29877310576005,-3.8271627757145366,4.461260675689808,65.0,10.0
qc_all,140.0,252480.3333333333,255793.41666666666,178363.16666666666,181676.25,20099.166666666664,23007.833333333332,9641.258333333333,70.64438022235394,71.9565946390544,1.3122144167004466,4.471096874457086,65.0,10.0
qc_all,150.0,252480.3333333333,256805.0833333333,178521.41666666666,182846.16666666666,20172.666666666664,23125.333333333332,9641.258333333333,70.70705837154313,72.41996406320756,1.7129056916644334,4.490907566526154,65.0,10.0
qc_all,160.0,252480.3333333333,251426.41666666666,179030.16666666666,177976.25,20204.0,23135.166666666664,9641.258333333333,70.90855921451308,70.49113396290933,-0.4174252516037515,4.495177410279259,65.0,10.0
qc_all,170.0,252480.3333333333,243176.0833333333,178813.3333333333,169509.0833333333,20040.833333333332,22806.333333333332,9641.258333333333,70.82267793795161,67.13753942551301,-3.6851385124385927,4.444146727043755,65.0,10.0
qc_all,180.0,252480.3333333333,250200.3333333333,178919.91666666666,176639.91666666666,20170.666666666664,23244.666666666664,9641.258333333333,70.86489244706848,69.9618518142007,-0.9030406328677746,4.503077485563347,65.0,10.0
qc_all,190.0,252480.3333333333,247396.8333333333,178462.41666666666,173378.91666666666,20348.333333333332,22717.0,9641.258333333333,70.68369021481541,68.67026606692798,-2.0134241478874264,4.466775170253537,65.0,10.0
qc_all,200.0,252480.3333333333,245659.25,178606.0,171784.91666666666,20481.5,22416.5,9641.258333333333,70.74055933069376,68.03892976482656,-2.701629565867169,4.449419206172085,65.0,10.0
qc_all,210.0,252480.3333333333,250178.25,178085.5,175783.41666666666,20279.666666666664,22719.0,9641.258333333333,70.53440465990091,69.62261747119577,-0.9117871887051192,4.459860443527859,65.0,10.0
qc_all,220.0,252480.3333333333,254553.0,179057.5833333333,181130.25,20557.0,22758.833333333332,9641.258333333333,70.91941814609983,71.74034017170975,0.8209220256099232,4.492757255925272,65.0,10.0
qc_all,230.0,252480.3333333333,250734.8333333333,179610.0833333333,177864.5833333333,20470.833333333332,22981.166666666664,9641.258333333333,71.13824707138906,70.4469060956563,-0.6913409757327634,4.50688058526247,65.0,10.0
qc_all,240.0,252480.3333333333,247686.8333333333,179935.8333333333,175142.3333333333,20341.0,22761.5,9641.258333333333,71.26726702145778,69.36870330494388,-1.8985637165138936,4.470630130403102,65.0,10.0
qc_all,250.0,252480.3333333333,243690.41666666666,179461.75,170671.8333333333,20405.166666666664,22500.333333333332,9641.258333333333,71.07949662085892,67.59807034475293,-3.48142627610599,4.450197112928724,65.0,10.0
qc_all,260.0,252480.3333333333,249984.0,179873.75,177377.41666666666,20508.5,22775.166666666664,9641.258333333333,71.24267764749995,70.25395377329718,-0.9887238742027356,4.489420900280133,65.0,10.0
qc_all,270.0,252480.3333333333,253527.0833333333,179576.0,180622.75,20579.166666666664,22561.166666666664,9641.258333333333,71.12474767011557,71.53933441680607,0.41458674669050133,4.474554237819924,65.0,10.0
qc_all,280.0,252480.3333333333,250982.8333333333,178924.0,177426.5,20324.5,22590.666666666664,9641.258333333333,70.86650973475162,70.27339423136588,-0.5931155033857423,4.451199748303947,65.0,10.0
qc_all,290.0,252480.3333333333,247656.0,179052.25,174227.91666666666,20462.0,22362.5,9641.258333333333,70.91730577035044,69.00652988153533,-1.910775888815095,4.441795719957025,65.0,10.0
qc_all,300.0,252480.3333333333,248481.66666666666,179207.66666666666,175209.0,20411.5,22389.833333333332,9641.258333333333,70.97886171992273,69.39510800181137,-1.5837537181113739,4.439392852419852,65.0,10.0
qc_all,310.0,252480.3333333333,253932.0833333333,178560.5833333333,180012.3333333333,20514.5,22515.0,9641.258333333333,70.72257113095277,71.29756641111321,0.574995280160435,4.463058504638485,65.0,10.0
qc_all,320.0,252480.3333333333,247258.16666666666,179604.3333333333,174382.16666666666,20561.166666666664,22528.166666666664,9641.258333333333,71.13596966628424,69.06762374891245,-2.0683459173717784,4.469264471874781,65.0,10.0
qc_all,330.0,252480.3333333333,249290.0,179707.91666666666,176517.5833333333,20492.666666666664,22488.5,9641.258333333333,71.17699596404208,69.91339919544889,-1.2635967685931897,4.458045327762369,65.0,10.0
qc_all,340.0,252480.3333333333,254313.5,178960.25,180793.41666666666,20440.0,22482.0,9641.258333333333,70.88086728867331,71.6069304407868,0.7260631521135057,4.45190850779333,65.0,10.0
qc_all,350.0,252480.3333333333,245576.66666666666,178725.66666666666,171822.0,20414.166666666664,22146.166666666664,9641.258333333333,70.78795576157087,68.0536173774591,-2.734338384111762,4.414396115306525,65.0,10.0
qc_all,360.0,252480.3333333333,250924.25,179089.0833333333,177533.0,20437.666666666664,22423.666666666664,9641.258333333333,70.93189436536971,70.31557573461168,-0.6163186307580316,4.445616106472961,65.0,10.0
qc_all,370.0,252480.3333333333,250412.0833333333,179383.16666666666,177314.91666666666,20529.333333333332,22741.833333333332,9641.258333333333,71.04837208442638,70.22919936998393,-0.8191727144424451,4.488124389019068,65.0,10.0
qc_all,380.0,252480.3333333333,246307.25,179880.75,173707.66666666666,20691.5,22618.666666666664,9641.258333333333,71.24545014067102,68.80047422835574,-2.4449759123152752,4.49216950415359,65.0,10.0
qc_all,390.0,252480.3333333333,242135.8333333333,180208.5,169864.0,20652.666666666664,22315.5,9641.258333333333,71.37526223164578,67.27811143046125,-4.097150801184515,4.456696956050861,65.0,10.0
qc_all,400.0,252480.3333333333,245505.41666666666,179855.75,172880.8333333333,20599.0,22381.5,9641.258333333333,71.23554837934573,68.47298997545684,-2.76255840388888,4.457976180495112,65.0,10.0
qc_all,410.0,252480.3333333333,247604.41666666666,180055.0833333333,175179.16666666666,20684.333333333332,22574.5,9641.258333333333,71.31449842297948,69.38329189996315,-1.9312065230163105,4.4868451645748175,65.0,10.0
qc_all,420.0,252480.3333333333,245208.25,180784.41666666666,173512.3333333333,20559.5,22617.166666666664,9641.258333333333,71.60336580670969,68.72310846653403,-2.880257340175663,4.478322763885419,65.0,10.0
qc_all,430.0,252480.3333333333,243817.8333333333,180360.16666666666,171697.66666666666,20431.166666666664,22627.666666666664,9641.258333333333,71.43533291701928,68.00437261780125,-3.4309602992180253,4.466100984397783,65.0,10.0
qc_all,440.0,252480.3333333333,241672.91666666666,180017.0,169209.5833333333,20494.5,22698.5,9641.258333333333,71.29941473989393,67.01891632483586,-4.280498415058067,4.480016871933211,65.0,10.0
qc_all,450.0,252480.3333333333,243164.0,180745.41666666666,171429.0833333333,20592.333333333332,22843.5,9641.258333333333,71.58791905904222,67.8979946952964,-3.6899243637458157,4.505203764031493,65.0,10.0
qc_all,460.0,252480.3333333333,249879.16666666666,179990.5833333333,177389.41666666666,20448.0,23081.5,9641.258333333333,71.2889518787602,70.25870661873334,-1.03024526002685,4.514918955081071,65.0,10.0
qc_all,470.0,252480.3333333333,253731.8333333333,178755.91666666666,180007.41666666666,20372.666666666664,23050.166666666664,9641.258333333333,70.79993689277448,71.29561906471923,0.49568217194474556,4.503855392319985,65.0,10.0
qc_all,480.0,252480.3333333333,255038.66666666666,179737.0833333333,182295.41666666666,20391.166666666664,22998.666666666664,9641.258333333333,71.18854801892161,72.2018282612111,1.0132802422895024,4.500432602590775,65.0,10.0
qc_all,490.0,252480.3333333333,243994.91666666666,180737.16666666666,172251.75,20354.666666666664,22660.333333333332,9641.258333333333,71.58465147780487,68.2238286546411,-3.360822823163781,4.4615545515756505,65.0,10.0
qc_all,500.0,252480.3333333333,243767.0,180379.0,171665.66666666666,20098.166666666664,23134.333333333332,9641.258333333333,71.44279224388434,67.99169836330486,-3.45109388057947,4.4841138475181745,65.0,10.0
qc_all,510.0,252480.3333333333,233031.0833333333,181060.3333333333,161611.0833333333,20238.666666666664,22576.333333333332,9641.258333333333,71.71264824586997,64.00937498762279,-7.703273258247178,4.440810371398616,65.0,10.0
qc_all,520.0,252480.3333333333,231272.0,181675.75,160467.41666666666,20360.5,22617.833333333332,9641.258333333333,71.9563966038279,63.5564024128612,-8.399994190966682,4.457751451876526,65.0,10.0
qc_all,530.0,252480.3333333333,236079.0,180711.0,164309.66666666666,20097.5,22795.333333333332,9641.258333333333,71.57428763428439,65.07820411094725,-6.496083523337124,4.448883314850844,65.0,10.0
qc_all,540.0,252480.3333333333,241094.75,181178.16666666666,169792.5833333333,20447.0,22335.666666666664,9641.258333333333,71.75931854758323,67.24982539894197,-4.509493148641273,4.437456728936662,65.0,10.0
qc_all,550.0,252480.3333333333,234582.0833333333,180951.0833333333,163052.8333333333,20238.833333333332,22126.333333333332,9641.258333333333,71.6693775488784,64.58040956325311,-7.088967985625284,4.394153252817103,65.0,10.0
qc_all,560.0,252480.3333333333,240491.3333333333,180275.41666666666,168286.41666666666,20183.333333333332,22272.5,9641.258333333333,71.40176594612649,66.65327728496345,-4.748488661163048,4.403557281164025,65.0,10.0
qc_all,570.0,252480.3333333333,243247.0833333333,179970.91666666666,170737.66666666666,20172.5,22499.333333333332,9641.258333333333,71.28116249318428,67.62414498290956,-3.657017510274728,4.425960995755221,65.0,10.0
qc_all,580.0,252480.3333333333,244572.5833333333,180381.3333333333,172473.5833333333,20146.833333333332,22558.0,9641.258333333333,71.44371640827471,68.31169028346763,-3.132026124807081,4.429383785484433,65.0,10.0
qc_all,590.0,252480.3333333333,245658.16666666666,179372.16666666666,172550.0,20072.5,22366.833333333332,9641.258333333333,71.04401530944324,68.34195666725198,-2.7020586421912696,4.401845886299419,65.0,10.0
startup10,0.0,31814.999999999996,31853.583333333332,16298.333333333332,16336.916666666666,1556.8333333333333,1605.6666666666665,9656.147222222222,51.228456178951234,51.34973021111635,0.12127403216512891,0.32751157653457946,55.0,1.0
startup10,10.0,31814.999999999996,31147.666666666668,16536.25,15868.916666666666,1569.5,1563.3333333333333,9656.147222222222,51.97626905547698,49.87872596783488,-2.0975430876420824,0.32443926767433406,55.0,1.0
startup10,20.0,31814.999999999996,31313.5,16527.916666666664,16026.416666666666,1545.3333333333333,1571.0,9656.147222222222,51.95007595997695,50.373775472785375,-1.5763004871915651,0.3227305116228493,55.0,1.0
startup10,30.0,31814.999999999996,30700.833333333332,16734.5,15620.333333333332,1552.0,1545.8333333333333,9656.147222222222,52.599402797422606,49.0973859290691,-3.5020168683534947,0.32081463362573004,55.0,1.0
startup10,40.0,31814.999999999996,30396.0,16782.333333333332,15363.333333333332,1559.6666666666665,1566.3333333333333,9656.147222222222,52.749751165592755,48.28959086384829,-4.46016030174445,0.3237316010267495,55.0,1.0
startup10,50.0,31814.999999999996,30346.416666666668,16713.833333333332,15245.25,1564.1666666666665,1529.5,9656.147222222222,52.53444392058254,47.91843470061293,-4.616009219969602,0.32038312957232484,55.0,1.0
startup10,0.0,31814.999999999996,31967.333333333332,22160.083333333332,22312.416666666664,2321.1666666666665,2454.1666666666665,9656.147222222222,69.65294148462465,70.13175127036513,0.4788097857404865,0.4945381655266809,55.0,2.5
startup10,10.0,31814.999999999996,32569.833333333332,22074.833333333332,22829.666666666664,2345.5,2498.6666666666665,9656.147222222222,69.38498611765938,71.75755670805177,2.3725705903923804,0.5016666124889355,55.0,2.5
startup10,20.0,31814.999999999996,31852.0,21971.666666666664,22008.666666666664,2305.0,2380.333333333333,9656.147222222222,69.06071559536906,69.17701293938919,0.11629734402012774,0.48521767797312765,55.0,2.5
startup10,30.0,31814.999999999996,32594.166666666668,21997.916666666664,22777.083333333332,2258.0,2490.1666666666665,9656.147222222222,69.14322384619415,71.59227827544659,2.4490544292524645,0.4917247590984787,55.0,2.5
startup10,40.0,31814.999999999996,29755.666666666668,22351.333333333332,20292.0,2258.6666666666665,2281.1666666666665,9656.147222222222,70.25407302635026,63.78123526638379,-6.472837759966458,0.47014955642821654,55.0,2.5
startup10,50.0,31814.999999999996,29259.333333333332,22332.416666666664,19776.75,2270.0,2306.1666666666665,9656.147222222222,70.1946146995652,62.16171617161717,-8.032898527948026,0.47391227177391027,55.0,2.5
startup10,60.0,31814.999999999996,29870.166666666668,22101.166666666664,20156.333333333332,2283.5,2210.5,9656.147222222222,69.46775629943947,63.35481167164336,-6.112944627796098,0.4654030118407589,55.0,2.5
startup10,70.0,31814.999999999996,31320.416666666668,22039.5,21544.916666666664,2285.0,2316.833333333333,9656.147222222222,69.27392739273928,67.71936717481272,-1.5545602179265394,0.47657033674288657,55.0,2.5
startup10,80.0,31814.999999999996,30740.083333333332,22141.416666666664,21066.5,2306.0,2282.6666666666665,9656.147222222222,69.5942689507046,66.21562156215623,-3.378647388548371,0.47520678393412596,55.0,2.5
startup10,90.0,31814.999999999996,30135.583333333332,22547.0,20867.583333333332,2304.1666666666665,2257.5,9656.147222222222,70.86908690869087,65.59039237257059,-5.2786945361202715,0.47241063766806,55.0,2.5
startup10,100.0,31814.999999999996,28503.916666666668,22507.083333333332,19196.0,2303.0,2221.833333333333,9656.147222222222,70.74362198124574,60.33631934622034,-10.407302635025394,0.46859614183595766,55.0,2.5
startup10,110.0,31814.999999999996,29936.833333333332,22577.083333333332,20698.916666666664,2274.1666666666665,2305.5,9656.147222222222,70.96364398344596,65.06024411965006,-5.903399863795896,0.47427473517877067,55.0,2.5
startup10,120.0,31814.999999999996,30682.25,22521.416666666664,21388.666666666664,2291.833333333333,2418.833333333333,9656.147222222222,70.78867410550579,67.22824663418723,-3.5604274713185493,0.48784122261783147,55.0,2.5
startup10,130.0,31814.999999999996,30670.833333333332,22535.25,21391.083333333332,2285.333333333333,2424.1666666666665,9656.147222222222,70.83215464403584,67.23584263188224,-3.596312012153589,0.4877204014828781,55.0,2.5
startup10,140.0,31814.999999999996,31456.916666666668,22404.25,22046.166666666664,2296.1666666666665,2425.333333333333,9656.147222222222,70.42039918277543,69.2948818691393,-1.1255173136361103,0.48896313315668516,55.0,2.5
startup10,0.0,31814.999999999996,32193.833333333332,23121.75,23500.583333333332,2427.1666666666665,2558.1666666666665,9656.147222222222,72.67562470532768,73.86636282675886,1.1907381214311985,0.5162859698183051,55.0,3.0
startup10,10.0,31814.999999999996,29566.25,23326.75,21078.0,2428.1666666666665,2409.833333333333,9656.147222222222,73.31997485462833,66.25176803394626,-7.068206820682058,0.5010279864898958,55.0,3.0
startup10,20.0,31814.999999999996,30694.0,23227.833333333332,22106.833333333332,2407.0,2486.1666666666665,9656.147222222222,73.00906281104301,69.48556760437948,-3.5234952066635126,0.5067411001569812,55.0,3.0
startup10,30.0,31814.999999999996,29832.083333333332,23346.5,21363.583333333332,2426.6666666666665,2399.5,9656.147222222222,73.38205249096339,67.14940541673215,-6.232647074231226,0.4998025149782248,55.0,3.0
startup10,40.0,31814.999999999996,30490.666666666668,23253.916666666664,21929.583333333332,2408.833333333333,2550.5,9656.147222222222,73.0910471999581,68.92844046309392,-4.162606736864148,0.5135933845250564,55.0,3.0
startup10,50.0,31814.999999999996,31856.333333333332,23397.25,23438.583333333332,2423.6666666666665,2582.5,9656.147222222222,73.54156844255856,73.67148619623867,0.12991775368013755,0.5184434900853313,55.0,3.0
startup10,60.0,31814.999999999996,31663.583333333332,23002.333333333332,22850.916666666664,2448.333333333333,2563.1666666666665,9656.147222222222,72.3002776468123,71.82434910157683,-0.47592854523546835,0.5189958152736901,55.0,3.0
startup10,70.0,31814.999999999996,32369.916666666664,23017.833333333332,23572.75,2421.0,2599.0,9656.147222222222,72.34899680444235,74.0931950337891,1.7441982293467482,0.5198760835426368,55.0,3.0
startup10,80.0,31814.999999999996,31920.916666666668,22940.833333333332,23046.75,2402.1666666666665,2542.5,9656.147222222222,72.10697260202211,72.43988684582744,0.3329142438053482,0.51207449025707,55.0,3.0
startup10,90.0,31814.999999999996,30807.166666666668,23106.75,22098.916666666664,2388.6666666666665,2520.833333333333,9656.147222222222,72.62847713342764,69.46068416365446,-3.167792969773153,0.5084325960463297,55.0,3.0
startup10,100.0,31814.999999999996,29864.75,23312.916666666664,21362.666666666664,2431.5,2473.6666666666665,9656.147222222222,73.27649431609828,67.14652417622715,-6.129970139871119,0.5079838318307882,55.0,3.0
startup10,110.0,31814.999999999996,30365.666666666668,23129.083333333332,21679.75,2429.6666666666665,2481.333333333333,9656.147222222222,72.6986746293677,68.14317146000315,-4.555503169364541,0.5085879375055556,55.0,3.0
startup10,120.0,31814.999999999996,31232.083333333332,23283.833333333332,22700.916666666664,2436.0,2563.5,9656.147222222222,73.18508041280319,71.35287338257636,-1.8322070302268247,0.517753083599883,55.0,3.0
startup10,130.0,31814.999999999996,30335.75,23446.583333333332,21967.333333333332,2458.833333333333,2471.833333333333,9656.147222222222,73.6966315679187,69.04709518570904,-4.649536382209639,0.5106246366376284,55.0,3.0
startup10,140.0,31814.999999999996,30515.25,23385.5,22085.75,2441.833333333333,2523.6666666666665,9656.147222222222,73.5046361779035,69.41929907276443,-4.085337105139074,0.5142320105240962,55.0,3.0
startup10,150.0,31814.999999999996,30602.666666666668,23370.25,22157.916666666664,2424.6666666666665,2508.0,9656.147222222222,73.45670281313846,69.64613127979464,-3.8105715333437957,0.5108317585832628,55.0,3.0
startup10,160.0,31814.999999999996,30304.25,23263.083333333332,21752.333333333332,2439.6666666666665,2484.1666666666665,9656.147222222222,73.11985960500812,68.37131332180837,-4.7485462831997385,0.5099169699900438,55.0,3.0
startup10,170.0,31814.999999999996,28189.166666666668,23296.666666666664,19670.833333333332,2448.5,2334.833333333333,9656.147222222222,73.22541777987323,61.82880192781183,-11.396615852061382,0.495366653309219,55.0,3.0
startup10,0.0,31814.999999999996,33633.333333333336,25282.916666666664,27101.25,2760.6666666666665,3024.833333333333,9656.147222222222,79.46854209230447,85.18387553041019,5.715333438105736,0.5991520082342481,55.0,5.0
startup10,10.0,31814.999999999996,33107.916666666664,25236.5,26529.416666666664,2751.5,3042.833333333333,9656.147222222222,79.32264655036933,83.38650531719838,4.063858766829068,0.6000667968274671,55.0,5.0
startup10,20.0,31814.999999999996,32356.75,25268.166666666664,25809.916666666664,2746.6666666666665,2982.1666666666665,9656.147222222222,79.42218031326942,81.12499345172613,1.7028131384567144,0.5932835531079367,55.0,5.0
startup10,30.0,31814.999999999996,31873.0,25285.75,25343.75,2676.1666666666665,3008.6666666666665,9656.147222222222,79.47744774477448,79.65975168945467,0.18230394468019376,0.5887268703039773,55.0,5.0
startup10,40.0,31814.999999999996,29749.0,25442.916666666664,23376.916666666664,2681.0,2846.5,9656.147222222222,79.97144952590497,73.47765728953848,-6.493792236366484,0.5724332772473953,55.0,5.0
startup10,50.0,31814.999999999996,28532.416666666664,25500.5,22217.916666666664,2718.0,2816.1666666666665,9656.147222222222,80.15244381581016,69.83472156739484,-10.317722248415315,0.5731236837328437,55.0,5.0
startup10,60.0,31814.999999999996,29152.25,25364.25,22701.5,2707.333333333333,2819.0,9656.147222222222,79.72418670438473,71.35470689926136,-8.36947980512336,0.5723124561124419,55.0,5.0
startup10,70.0,31814.999999999996,31436.583333333332,25339.25,24960.833333333332,2732.0,2863.5,9656.147222222222,79.64560741788465,78.45617895122845,-1.1894284666561818,0.579475423398969,55.0,5.0
startup10,80.0,31814.999999999996,31173.25,25380.666666666664,24738.916666666664,2756.1666666666665,2814.5,9656.147222222222,79.77578710251979,77.75865681806276,-2.017130284457006,0.5769036592406737,55.0,5.0
startup10,90.0,31814.999999999996,29311.25,25785.583333333332,23281.833333333332,2767.5,2784.833333333333,9656.147222222222,81.04850961286604,73.17879406988318,-7.86971554298286,0.5750050414056906,55.0,5.0
startup10,100.0,31814.999999999996,27775.5,25610.583333333332,21571.083333333332,2774.6666666666665,2767.333333333333,9656.147222222222,80.4984546073655,67.8016134946828,-12.696841112682687,0.5739349113532456,55.0,5.0
startup10,110.0,31814.999999999996,28482.416666666668,25680.25,22347.666666666664,2747.833333333333,2786.6666666666665,9656.147222222222,80.71742888574573,70.24254806433025,-10.47488082141546,0.5731582040571161,55.0,5.0
startup10,120.0,31814.999999999996,30718.166666666668,25630.75,24533.916666666664,2770.6666666666665,2990.5,9656.147222222222,80.56184189847558,77.11430666876211,-3.4475352297134325,0.5966320245623613,55.0,5.0
startup10,130.0,31814.999999999996,30771.75,25630.5,24587.25,2753.6666666666665,2922.1666666666665,9656.147222222222,80.56105610561058,77.2819424799623,-3.279113625648268,0.5877948215486221,55.0,5.0
startup10,140.0,31814.999999999996,30590.416666666668,25518.416666666664,24293.833333333332,2749.1666666666665,2954.833333333333,9656.147222222222,80.20875897113521,76.35968358740637,-3.849075383728834,0.5907117889496415,55.0,5.0
startup10,150.0,31814.999999999996,30206.0,25493.916666666664,23884.916666666664,2758.6666666666665,2930.1666666666665,9656.147222222222,80.13175127036514,75.07438839122008,-5.057362879145047,0.5891411141952464,55.0,5.0
startup10,160.0,31814.999999999996,31528.416666666668,25410.333333333332,25123.75,2811.333333333333,2945.6666666666665,9656.147222222222,79.86903452249987,78.96825396825398,-0.9007805542458857,0.5962005205089562,55.0,5.0
startup10,170.0,31814.999999999996,31082.416666666668,25334.5,24601.916666666664,2762.5,2820.6666666666665,9656.147222222222,79.63067735344964,77.32804232804233,-2.302635025407288,0.5781981714008894,55.0,5.0
startup10,180.0,31814.999999999996,32841.833333333336,25307.75,26334.583333333332,2765.1666666666665,3040.6666666666665,9656.147222222222,79.54659751689455,82.77411074440778,3.227513227513247,0.6012577480148656,55.0,5.0
startup10,190.0,31814.999999999996,29568.0,25591.916666666664,23344.916666666664,2748.5,2795.1666666666665,9656.147222222222,80.43978207344544,73.37707580281838,-7.062706270627053,0.5741075129746077,55.0,5.0
startup10,200.0,31814.999999999996,29356.083333333332,25513.416666666664,23054.5,2734.0,2850.1666666666665,9656.147222222222,80.1930431138352,72.46424642464247,-7.7287966891927224,0.5783017323737066,55.0,5.0
startup10,210.0,31814.999999999996,30208.083333333332,25431.083333333332,23824.166666666664,2777.6666666666665,2695.5,9656.147222222222,79.93425533029493,74.88344072502488,-5.050814605270044,0.5668064643909909,55.0,5.0
startup10,220.0,31814.999999999996,30839.666666666668,25489.75,24514.416666666664,2763.6666666666665,2851.0,9656.147222222222,80.11865472261513,77.05301482529205,-3.0656398973230505,0.581460342044633,55.0,5.0
startup10,230.0,31814.999999999996,30156.25,25525.916666666664,23867.166666666664,2783.5,2857.6666666666665,9656.147222222222,80.23233275708523,75.01859709780503,-5.2137356592802035,0.5842047078242903,55.0,5.0
startup10,240.0,31814.999999999996,31207.333333333332,25685.416666666664,25077.75,2766.1666666666665,2822.333333333333,9656.147222222222,80.73366860495574,78.82366808109383,-1.9100005238619027,0.5787504965892482,55.0,5.0
startup10,250.0,31814.999999999996,28286.666666666668,25860.833333333332,22332.5,2765.1666666666665,2739.5,9656.147222222222,81.28503326523129,70.1948766305202,-11.090156634711077,0.5700686350347346,55.0,5.0
startup10,260.0,31814.999999999996,31357.666666666668,25617.833333333332,25160.5,2721.5,2921.1666666666665,9656.147222222222,80.52124260045052,79.0837655194091,-1.4374770810414224,0.5843600492835163,55.0,5.0
startup10,270.0,31814.999999999996,30958.083333333332,25621.75,24764.833333333332,2715.6666666666665,2937.833333333333,9656.147222222222,80.53355335533554,77.84011734506784,-2.693436010267686,0.58548195982237,55.0,5.0
startup10,280.0,31814.999999999996,30463.083333333332,25640.75,24288.833333333332,2718.333333333333,3002.0,9656.147222222222,80.5932736130756,76.34396773010634,-4.249305882969242,0.59240328483899,55.0,5.0
startup10,290.0,31814.999999999996,31921.5,25607.5,25714.0,2740.6666666666665,2963.0,9656.147222222222,80.4887631620305,80.82351092252084,0.3347477604903462,0.590677268625369,55.0,5.0
startup10,0.0,31814.999999999996,34968.333333333336,27485.75,30639.083333333332,3055.0,3470.9999999999995,9656.147222222222,86.3924249567814,96.30389229399131,9.911467337209933,0.6758389086054278,55.0,10.0
startup10,10.0,31814.999999999996,32417.5,27619.416666666664,28221.916666666664,3027.0,3409.6666666666665,9656.147222222222,86.81256220860182,88.70632301325371,1.8937608046519054,0.6665874617004194,55.0,10.0
startup10,20.0,31814.999999999996,32758.916666666668,27500.083333333332,28444.0,3010.0,3398.833333333333,9656.147222222222,86.43747708104144,89.40436900832941,2.9668919272879823,0.6637050146236724,55.0,10.0
startup10,30.0,31814.999999999996,31843.333333333332,27481.75,27510.083333333332,3012.0,3343.5,9656.147222222222,86.37985227094138,86.46890879564147,0.08905652470009669,0.6581817627400853,55.0,10.0
startup10,40.0,31814.999999999996,28000.166666666668,27715.916666666664,23901.083333333332,2999.0,3183.1666666666665,9656.147222222222,87.11587825449212,75.12520299649013,-11.990675258001977,0.6402311941184271,55.0,10.0
startup10,50.0,31814.999999999996,26240.333333333332,27822.916666666664,22248.25,3043.6666666666665,3167.333333333333,9656.147222222222,87.45219760071245,69.93006443501494,-17.522133165697515,0.6432172021679915,55.0,10.0
startup10,60.0,31814.999999999996,29376.916666666668,27599.25,25161.166666666664,3006.6666666666665,3330.1666666666665,9656.147222222222,86.74917491749176,79.08586096704909,-7.663313950442649,0.6562486245808298,55.0,10.0
startup10,70.0,31814.999999999996,30932.916666666664,27524.5,26642.416666666664,3022.6666666666665,3298.6666666666665,9656.147222222222,86.51422285085653,83.74168369217874,-2.7725391586777692,0.6546434295021623,55.0,10.0
startup10,80.0,31814.999999999996,29845.5,27558.583333333332,25589.083333333332,3038.6666666666665,3197.6666666666665,9656.147222222222,86.62135261145163,80.43087642097544,-6.19047619047618,0.6458407468126953,55.0,10.0
startup10,90.0,31814.999999999996,29059.083333333332,27793.5,25037.583333333332,3061.1666666666665,3172.5,9656.147222222222,87.35973597359737,78.6974173607837,-8.662318612813655,0.6455645842185159,55.0,10.0
startup10,100.0,31814.999999999996,27292.666666666668,27708.333333333332,23186.0,3083.333333333333,3045.833333333333,9656.147222222222,87.09204253758709,72.87757347163289,-14.214469065954201,0.6347424625591124,55.0,10.0
startup10,110.0,31814.999999999996,26734.916666666664,27676.25,22596.166666666664,3050.333333333333,3062.333333333333,9656.147222222222,86.991199119912,71.02362617214102,-15.967572947770964,0.6330337065076277,55.0,10.0
startup10,120.0,31814.999999999996,30926.333333333332,27681.166666666664,26792.5,3074.5,3373.0,9656.147222222222,87.00665304625701,84.21342134213423,-2.793231704122786,0.6677093722392731,55.0,10.0
startup10,130.0,31814.999999999996,31857.916666666664,27689.666666666664,27732.583333333332,3028.833333333333,3418.4999999999995,9656.147222222222,87.03337000366705,87.16826444549217,0.1348944418251387,0.6676921120771367,55.0,10.0
startup10,140.0,31814.999999999996,36363.416666666664,27550.5,32098.916666666664,3022.833333333333,3706.6666666666665,9656.147222222222,86.59594530881661,100.8923987636859,14.296453454869303,0.6969135665737399,55.0,10.0
startup10,150.0,31814.999999999996,33839.333333333336,27653.333333333332,29677.666666666664,3053.5,3547.5,9656.147222222222,86.91916810728692,93.28199486615328,6.362826758866383,0.6836059815667223,55.0,10.0
startup10,160.0,31814.999999999996,32066.916666666668,27685.666666666664,27937.583333333332,3072.1666666666665,3350.6666666666665,9656.147222222222,87.02079731782703,87.81261459479282,0.7918172769658072,0.665154868243114,55.0,10.0
startup10,170.0,31814.999999999996,28709.166666666664,27789.166666666664,24683.333333333332,3068.0,3145.6666666666665,9656.147222222222,87.34611556393735,77.58394887107758,-9.76216669285976,0.6434933647621708,55.0,10.0
startup10,180.0,31814.999999999996,29556.666666666664,27825.5,25567.166666666664,3037.5,3411.6666666666665,9656.147222222222,87.46031746031747,80.36198857981037,-7.098328880507095,0.6678819738606351,55.0,10.0
startup10,190.0,31814.999999999996,29545.833333333332,27706.583333333332,25437.416666666664,3010.333333333333,3324.1666666666665,9656.147222222222,87.08654198753209,79.95416208287496,-7.1323799046571255,0.6560069823109228,55.0,10.0
startup10,200.0,31814.999999999996,29708.333333333332,27582.75,25476.083333333332,3002.6666666666665,3357.0,9656.147222222222,86.6973125884017,80.07569804599507,-6.621614542406615,0.6586132667934904,55.0,10.0
startup10,210.0,31814.999999999996,31525.083333333332,27465.0,27175.083333333332,3023.5,3314.1666666666665,9656.147222222222,86.32720414898634,85.41594635654042,-0.9112577924459038,0.6563349253915107,55.0,10.0
startup10,220.0,31814.999999999996,35028.0,27301.583333333332,30514.583333333332,2993.1666666666665,3661.6666666666665,9656.147222222222,85.81355754623081,95.91256744722091,10.099009900990112,0.6891810139367179,55.0,10.0
startup10,230.0,31814.999999999996,34666.583333333336,27334.833333333332,30186.416666666664,3014.833333333333,3588.6666666666665,9656.147222222222,85.91806799727591,94.88108334642989,8.963015349153984,0.6838648839987653,55.0,10.0
startup10,240.0,31814.999999999996,31031.25,27735.0,26951.25,3027.5,3331.1666666666665,9656.147222222222,87.17586044318719,84.71239981140972,-2.463460631777452,0.6585097058206733,55.0,10.0
startup10,250.0,31814.999999999996,28530.416666666664,27600.083333333332,24315.5,3024.0,3061.0,9656.147222222222,86.75179422704176,76.42778563570644,-10.324008591335321,0.6301685195930169,55.0,10.0
startup10,260.0,31814.999999999996,32593.583333333332,27624.333333333332,28402.916666666664,3001.333333333333,3407.1666666666665,9656.147222222222,86.82801613494682,89.27523704751428,2.447220912567455,0.6636704942994,55.0,10.0
startup10,270.0,31814.999999999996,33411.666666666664,27583.5,29180.166666666664,3020.0,3491.333333333333,9656.147222222222,86.69966996699671,91.71826706480172,5.018597097805023,0.6743200143374414,55.0,10.0
startup10,280.0,31814.999999999996,31691.583333333332,27359.0,27235.583333333332,3011.0,3435.833333333333,9656.147222222222,85.994027974226,85.6061082298706,-0.38791974435538035,0.6676403315907282,55.0,10.0
startup10,290.0,31814.999999999996,31203.166666666668,27410.416666666664,26798.583333333332,2997.333333333333,3491.6666666666665,9656.147222222222,86.15563937346116,84.23254230184924,-1.923097071611908,0.6720071526111893,55.0,10.0
startup10,300.0,31814.999999999996,32214.666666666668,27573.166666666664,27972.833333333332,3000.0,3385.833333333333,9656.147222222222,86.66719052857667,87.92341138875793,1.2562208601812717,0.6613231122488754,55.0,10.0
startup10,310.0,31814.999999999996,34492.916666666664,27381.666666666664,30059.583333333332,3007.5,3539.1666666666665,9656.147222222222,86.06527319398607,94.48242443291949,8.417151238933423,0.6779791687103177,55.0,10.0
startup10,320.0,31814.999999999996,31597.916666666668,27608.5,27391.416666666664,3033.333333333333,3381.333333333333,9656.147222222222,86.77824925349678,86.0959191157211,-0.6823301377756672,0.6643091202984397,55.0,10.0
startup10,330.0,31814.999999999996,31073.5,27598.416666666664,26856.916666666664,2946.0,3514.0,9656.147222222222,86.74655560794176,84.41589397034942,-2.3306616375923195,0.6690038843994888,55.0,10.0
startup10,340.0,31814.999999999996,30453.833333333332,27591.916666666664,26230.75,2957.1666666666665,3334.333333333333,9656.147222222222,86.72612499345173,82.44774477447746,-4.278380218974271,0.6515538604797807,55.0,10.0
startup10,350.0,31814.999999999996,30647.083333333332,27588.083333333332,26420.166666666664,2963.0,3302.6666666666665,9656.147222222222,86.71407616952172,83.04311383519305,-3.6709623343286637,0.6488785353486681,55.0,10.0
startup10,360.0,31814.999999999996,28776.166666666664,27658.666666666664,24619.833333333332,3005.333333333333,3176.0,9656.147222222222,86.93593168840694,77.38435748336738,-9.551574205039548,0.640144893307746,55.0,10.0
startup10,370.0,31814.999999999996,30761.166666666668,27846.75,26792.916666666664,3017.6666666666665,3212.6666666666665,9656.147222222222,87.52710985384253,84.21473099690922,-3.3123788569332975,0.6452193809757918,55.0,10.0
startup10,380.0,31814.999999999996,31082.0,27729.0,26996.0,3042.1666666666665,3202.6666666666665,9656.147222222222,87.15700141442717,84.85305673424486,-2.3039446801822927,0.646721015081642,55.0,10.0
startup10,390.0,31814.999999999996,27693.083333333332,27963.0,23841.083333333332,3048.0,3127.5,9656.147222222222,87.8925035360679,74.93661270888994,-12.95589082717795,0.6395407876329788,55.0,10.0
startup10,400.0,31814.999999999996,27218.333333333332,27874.333333333332,23277.666666666664,3038.0,3271.833333333333,9656.147222222222,87.61380899994761,73.16569752213317,-14.448111477814441,0.6534524783147638,55.0,10.0
startup10,410.0,31814.999999999996,29281.583333333332,27907.5,25374.083333333332,3008.6666666666665,3316.333333333333,9656.147222222222,87.71805752003773,79.75509455707476,-7.962962962962957,0.6550231530691589,55.0,10.0
startup10,420.0,31814.999999999996,29061.5,27928.833333333332,25175.333333333332,3022.833333333333,3359.333333333333,9656.147222222222,87.78511184451779,79.13038922939913,-8.654722615118645,0.6609433886818787,55.0,10.0
startup10,430.0,31814.999999999996,28448.333333333332,28013.666666666664,24647.0,3026.333333333333,3186.5,9656.147222222222,88.05175755670805,77.46974697469747,-10.582010582010575,0.6434070639514897,55.0,10.0
startup10,440.0,31814.999999999996,24875.75,27953.916666666664,21014.666666666664,3017.1666666666665,3066.0,9656.147222222222,87.86395306197286,66.05270050814606,-21.811252553826805,0.6299786578095186,55.0,10.0
startup10,450.0,31814.999999999996,26281.333333333332,27884.0,22350.333333333332,3019.833333333333,3146.5,9656.147222222222,87.64419299072766,70.25092985489024,-17.393263135837387,0.6385914787154873,55.0,10.0
startup10,460.0,31814.999999999996,30645.416666666668,27783.583333333332,26614.0,3062.6666666666665,3312.333333333333,9656.147222222222,87.32856618995233,83.65236523652366,-3.6762009534286615,0.6602012017100218,55.0,10.0
startup10,470.0,31814.999999999996,33365.416666666664,27666.583333333332,29217.0,3009.1666666666665,3340.0,9656.147222222222,86.96081512913196,91.83404054691185,4.873225417779878,0.6575258765789093,55.0,10.0
startup10,480.0,31814.999999999996,35698.0,27598.583333333332,31481.583333333332,3046.0,3487.333333333333,9656.147222222222,86.74707946985174,98.95201424904396,12.204934779192218,0.6765983557394211,55.0,10.0
startup10,490.0,31814.999999999996,29335.166666666668,28031.0,25551.166666666664,3059.5,3123.6666666666665,9656.147222222222,88.10623919534811,80.31169783645032,-7.7945413588977805,0.6403347550912444,55.0,10.0
startup10,500.0,31814.999999999996,29051.666666666668,28033.0,25269.666666666664,3030.6666666666665,3202.0,9656.147222222222,88.11252553826812,79.42689507045944,-8.685630467808672,0.6454610232456987,55.0,10.0
startup10,510.0,31814.999999999996,27858.0,28100.333333333332,24143.333333333332,3081.1666666666665,2851.0,9656.147222222222,88.32416574990832,75.88663628267588,-12.437529467232428,0.6143409509141126,55.0,10.0
startup10,520.0,31814.999999999996,26031.583333333332,28305.333333333332,22521.916666666664,3083.1666666666665,2839.833333333333,9656.147222222222,88.96851589920897,70.7902456912358,-18.17827020797317,0.6133916419966211,55.0,10.0
startup10,530.0,31814.999999999996,25089.166666666668,28375.833333333332,21650.0,3107.833333333333,2906.1666666666665,9656.147222222222,89.1901094871392,68.04966210906805,-21.140447378071126,0.6228156905229916,55.0,10.0
startup10,540.0,31814.999999999996,30952.833333333332,28234.583333333332,27372.416666666664,3070.333333333333,3114.1666666666665,9656.147222222222,88.74613651841375,86.03619885798103,-2.709937660432703,0.6404728363883341,55.0,10.0
startup10,550.0,31814.999999999996,27692.416666666668,28482.666666666664,24360.083333333332,3065.6666666666665,3190.833333333333,9656.147222222222,89.52590497144953,76.56791869663157,-12.957986274817944,0.6479292264311767,55.0,10.0
startup10,560.0,31814.999999999996,29321.833333333332,28263.666666666664,25770.5,3045.1666666666665,3259.1666666666665,9656.147222222222,88.83755042170884,81.00110011001101,-7.8364503116978295,0.6528828929642688,55.0,10.0
startup10,570.0,31814.999999999996,27707.083333333332,28171.916666666664,24064.0,3019.6666666666665,3202.5,9656.147222222222,88.54916444025355,75.63727801351564,-12.911886426737905,0.6443736330311174,55.0,10.0
startup10,580.0,31814.999999999996,28810.583333333332,28283.166666666664,25278.75,3013.1666666666665,3395.1666666666665,9656.147222222222,88.8988422651789,79.45544554455446,-9.443396720624436,0.6636532341372637,55.0,10.0
startup10,590.0,31814.999999999996,32878.75,28167.583333333332,29231.333333333332,3038.1666666666665,3242.5,9656.147222222222,88.53554403059354,91.87909267117188,3.3435486405783554,0.650431949940927,55.0,10.0
startup10,0.0,74098.33333333333,74116.16666666667,28794.5,28812.333333333332,3201.0,3210.5,9656.147222222222,38.85984839964912,38.883915517667965,0.02406711801886192,0.6639811772178518,60.0,1.0
startup10,10.0,74098.33333333333,72940.0,29170.0,28011.666666666664,3176.0,3175.5,9656.147222222222,39.36660743606469,37.80336939652264,-1.5632380395420435,0.6577675188488162,60.0,1.0
startup10,20.0,74098.33333333333,73403.25,29055.333333333332,28360.25,3173.833333333333,3274.333333333333,9656.147222222222,39.21185811646686,38.27380282957332,-0.9380552868935359,0.6677784128878178,60.0,1.0
startup10,30.0,74098.33333333333,72896.91666666667,29284.666666666664,28083.25,3175.0,3304.6666666666665,9656.147222222222,39.521356755662524,37.89997525810298,-1.6213814975595362,0.6710405835315615,60.0,1.0
startup10,40.0,74098.33333333333,72469.08333333333,29404.75,27775.5,3196.6666666666665,3246.333333333333,9656.147222222222,39.68341618120066,37.484648777525365,-2.1987674036752964,0.6672433478615953,60.0,1.0
startup10,50.0,74098.33333333333,72218.58333333333,29348.583333333332,27468.833333333332,3186.5,3192.5,9656.147222222222,39.60761600575811,37.07078431813581,-2.536831687622304,0.6606154456012908,60.0,1.0
startup10,0.0,74098.33333333333,74396.0,42253.5,42551.166666666664,5184.166666666666,5487.166666666666,9656.147222222222,57.023549787444615,57.42526822465642,0.4017184372118197,1.1051336612572358,60.0,2.5
startup10,10.0,74098.33333333333,75099.41666666667,42089.916666666664,43091.0,5136.666666666666,5486.0,9656.147222222222,56.80278458804741,58.15380462898401,1.3510200409366064,1.1000936939134627,60.0,2.5
startup10,20.0,74098.33333333333,74490.41666666667,41807.58333333333,42199.666666666664,5106.333333333333,5499.0,9656.147222222222,56.42175937380508,56.950898580714814,0.5291392069097501,1.0982986370512968,60.0,2.5
startup10,30.0,74098.33333333333,75491.0,41862.5,43255.166666666664,5135.166666666666,5505.166666666666,9656.147222222222,56.49587260172294,58.37535707055939,1.8794844688364627,1.101923271099901,60.0,2.5
startup10,40.0,74098.33333333333,71420.25,42413.75,39735.666666666664,5217.0,5275.833333333333,9656.147222222222,57.23981646010932,53.62558762005443,-3.6142288400548757,1.0866480276093553,60.0,2.5
startup10,50.0,74098.33333333333,70669.5,42442.666666666664,39013.83333333333,5180.0,5237.333333333333,9656.147222222222,57.278841179513705,52.651431656132615,-4.627409523381086,1.0788291741616522,60.0,2.5
startup10,60.0,74098.33333333333,71424.41666666667,42132.83333333333,39458.916666666664,5214.833333333333,5256.666666666666,9656.147222222222,56.860703119728285,53.252097438089024,-3.60860568163925,1.0844387268559206,60.0,2.5
startup10,70.0,74098.33333333333,73114.75,42031.75,41048.166666666664,5126.666666666666,5333.166666666666,9656.147222222222,56.72428529656538,55.39688252097438,-1.3274027755909874,1.0832305155063857,60.0,2.5
startup10,80.0,74098.33333333333,72709.25,42272.83333333333,40883.75,5222.166666666666,5348.333333333333,9656.147222222222,57.04964124249308,55.17499268989406,-1.8746485525990173,1.0946912631648291,60.0,2.5
startup10,90.0,74098.33333333333,71780.33333333333,42842.666666666664,40524.666666666664,5197.5,5335.333333333333,9656.147222222222,57.818664387413115,54.690388897636026,-3.1282754897770984,1.0907904665220456,60.0,2.5
startup10,100.0,74098.33333333333,69800.91666666667,42770.0,38472.58333333333,5194.5,5195.166666666666,9656.147222222222,57.72059650464473,51.92098337794372,-5.799613126700993,1.0759639872470415,60.0,2.5
startup10,110.0,74098.33333333333,71572.75,42833.416666666664,40307.83333333333,5188.5,5373.833333333333,9656.147222222222,57.80618097573044,54.39775973368722,-3.4084212420432247,1.0938455152201547,60.0,2.5
startup10,120.0,74098.33333333333,72865.5,42764.666666666664,41531.83333333333,5208.666666666666,5362.333333333333,9656.147222222222,57.71339886187273,56.04961874985942,-1.663780112013309,1.0947430436512378,60.0,2.5
startup10,130.0,74098.33333333333,72679.0,42942.916666666664,41523.58333333333,5225.166666666666,5432.333333333333,9656.147222222222,57.95395757889291,56.03848489619649,-1.9154726826964106,1.1037010677999306,60.0,2.5
startup10,140.0,74098.33333333333,73244.5,42707.33333333333,41853.5,5214.833333333333,5379.5,9656.147222222222,57.63602420207382,56.483726579545205,-1.1522976225286155,1.097159466350307,60.0,2.5
startup10,0.0,74098.33333333333,74359.25,44886.33333333333,45147.25,5620.166666666666,5808.5,9656.147222222222,60.576711127105874,60.92883330709193,0.35212217998606116,1.1835638380041729,60.0,3.0
startup10,10.0,74098.33333333333,70646.16666666667,45104.08333333333,41651.916666666664,5576.0,5655.0,9656.147222222222,60.87057738590612,56.21167817539756,-4.658899210508546,1.1630932857106282,60.0,3.0
startup10,20.0,74098.33333333333,72727.0,44844.5,43473.166666666664,5568.333333333333,5937.666666666666,9656.147222222222,60.520254616613066,58.66956071886457,-1.850693897748481,1.1915725532353743,60.0,3.0
startup10,30.0,74098.33333333333,71850.33333333333,44953.83333333333,42705.83333333333,5575.666666666666,5943.333333333333,9656.147222222222,60.6678062934389,57.633999865044196,-3.033806428394701,1.1929188458819986,60.0,3.0
startup10,40.0,74098.33333333333,72923.91666666667,44759.83333333333,43585.416666666664,5537.166666666666,5938.833333333333,9656.147222222222,60.40599203760768,58.82104860658134,-1.584943431026326,1.1884657240508565,60.0,3.0
startup10,50.0,74098.33333333333,73869.5,45088.0,44859.166666666664,5594.833333333333,5753.5,9656.147222222222,60.84887199442183,60.54004813423603,-0.3088238601857826,1.1752444398545197,60.0,3.0
startup10,60.0,74098.33333333333,74112.08333333333,44418.0,44431.75,5549.166666666666,5752.5,9656.147222222222,59.94466812119031,59.96322454396186,0.018556422771542323,1.170411594456381,60.0,3.0
startup10,70.0,74098.33333333333,74947.41666666667,44502.33333333333,45351.416666666664,5547.333333333333,5899.5,9656.147222222222,60.05848084752244,61.204368069457246,1.1458872219348295,1.1854451956770198,60.0,3.0
startup10,80.0,74098.33333333333,74309.0,44409.33333333333,44620.0,5562.333333333333,5887.666666666666,9656.147222222222,59.93297195168582,60.21727884117952,0.28430688949369737,1.1857731387576078,60.0,3.0
startup10,90.0,74098.33333333333,73006.58333333333,44715.33333333333,43623.58333333333,5608.666666666666,5790.666666666666,9656.147222222222,60.345936705728874,58.87255673766841,-1.4733799680604602,1.1805260494682,60.0,3.0
startup10,100.0,74098.33333333333,71657.33333333333,45096.33333333333,42655.33333333333,5633.666666666666,5776.0,9656.147222222222,60.86011831125307,57.5658471850469,-3.294271126206168,1.181596179520645,60.0,3.0
startup10,110.0,74098.33333333333,72140.66666666667,44964.666666666664,43007.0,5666.166666666666,5862.5,9656.147222222222,60.682426505319505,58.04044175532513,-2.641984749994364,1.1939199352858987,60.0,3.0
startup10,120.0,74098.33333333333,73124.75,45197.666666666664,44224.08333333333,5704.5,5861.5,9656.147222222222,60.99687352392091,59.68296632852741,-1.3139071953935022,1.1977862116044098,60.0,3.0
startup10,130.0,74098.33333333333,71690.75,45472.416666666664,43064.83333333333,5674.166666666666,5757.333333333333,9656.147222222222,61.36766458984682,58.118491194133924,-3.249173395712898,1.1838572607604885,60.0,3.0
startup10,140.0,74098.33333333333,72049.91666666667,45285.0,43236.58333333333,5655.333333333333,5794.166666666666,9656.147222222222,61.114734924312295,58.35027778402573,-2.7644571402865434,1.1857213582711992,60.0,3.0
startup10,150.0,74098.33333333333,72562.75,45122.75,43587.166666666664,5581.333333333333,5929.333333333333,9656.147222222222,60.89576913560809,58.8234103331159,-2.0723588024921775,1.1920558377751882,60.0,3.0
startup10,160.0,74098.33333333333,72048.66666666667,45014.416666666664,42964.75,5629.166666666666,5810.666666666666,9656.147222222222,60.74956701680199,57.98342292899076,-2.766144087811229,1.1847202688672989,60.0,3.0
startup10,170.0,74098.33333333333,69639.33333333333,44968.916666666664,40509.916666666664,5567.833333333333,5734.833333333333,9656.147222222222,60.688162126903435,54.67048291684473,-6.017679210058706,1.1705151554291984,60.0,3.0
startup10,0.0,74098.33333333333,75846.08333333333,51028.666666666664,52776.416666666664,6700.166666666666,7134.0,9656.147222222222,68.86614633707461,71.2248363660901,2.3586900290154977,1.4326797581160877,60.0,5.0
startup10,10.0,74098.33333333333,75482.08333333333,50806.416666666664,52190.166666666664,6652.5,7092.833333333333,9656.147222222222,68.56620706718549,70.43365797701253,1.8674509098270318,1.423480091697488,60.0,5.0
startup10,20.0,74098.33333333333,75224.25,50739.75,51865.666666666664,6653.166666666666,7146.833333333333,9656.147222222222,68.4762365325356,69.99572639960412,1.5194898670685417,1.4291414248781649,60.0,5.0
startup10,30.0,74098.33333333333,74736.25,50744.25,51382.166666666664,6661.166666666666,7187.833333333333,9656.147222222222,68.48230954362447,69.3432150970557,0.8609055534312579,1.4342159125462106,60.0,5.0
startup10,40.0,74098.33333333333,71809.66666666667,50817.75,48529.08333333333,6660.833333333333,6925.0,9656.147222222222,68.58150205807598,65.49281360354485,-3.088688454531128,1.4069621165331352,60.0,5.0
startup10,50.0,74098.33333333333,69991.41666666667,51055.5,46948.58333333333,6679.666666666666,6833.833333333333,9656.147222222222,68.9023594772712,63.359837153332286,-5.542522323938897,1.3994712061660204,60.0,5.0
startup10,60.0,74098.33333333333,71278.58333333333,50933.75,48114.0,6732.666666666666,6986.166666666666,9656.147222222222,68.73805078836682,64.9326345621809,-3.8054162261859243,1.4207357259178306,60.0,5.0
startup10,70.0,74098.33333333333,73591.75,50921.0,50414.416666666664,6638.166666666666,7093.166666666666,9656.147222222222,68.72084392361502,68.03718032344406,-0.6836636001709375,1.4220302380780463,60.0,5.0
startup10,80.0,74098.33333333333,73149.75,51046.83333333333,50098.25,6729.666666666666,7004.5,9656.147222222222,68.8906633077667,67.61049506286692,-1.2801682448997889,1.422323660834362,60.0,5.0
startup10,90.0,74098.33333333333,71287.66666666667,51609.666666666664,48799.0,6686.166666666666,7165.0,9656.147222222222,69.6502395465485,65.85708180570863,-3.7931577408398622,1.4344402946539812,60.0,5.0
startup10,100.0,74098.33333333333,69269.41666666667,51459.58333333333,46630.666666666664,6685.833333333333,6907.833333333333,9656.147222222222,69.44769338041792,62.93079016622056,-6.516903214197337,1.4077733441535372,60.0,5.0
startup10,110.0,74098.33333333333,70193.91666666667,51569.666666666664,47665.25,6676.666666666666,7014.5,9656.147222222222,69.59625722575856,64.32702040081874,-5.26923682493982,1.4178705390032198,60.0,5.0
startup10,120.0,74098.33333333333,73012.41666666667,51613.166666666664,50527.25,6768.333333333333,7018.666666666666,9656.147222222222,69.65496299961762,68.18945545333904,-1.4655075462785807,1.4277951322315405,60.0,5.0
startup10,130.0,74098.33333333333,72490.91666666667,51848.75,50241.33333333333,6754.333333333333,7122.5,9656.147222222222,69.97289637643672,67.80359432285927,-2.1693020535774403,1.4370983596229574,60.0,5.0
startup10,140.0,74098.33333333333,72844.91666666667,51523.33333333333,50269.916666666664,6715.333333333333,7317.166666666666,9656.147222222222,69.53372770417688,67.84216918959041,-1.69155851458646,1.4532193510581775,60.0,5.0
startup10,150.0,74098.33333333333,72759.5,51494.25,50155.416666666664,6748.0,7361.833333333333,9656.147222222222,69.49447805843587,67.6876447963292,-1.8068332621066536,1.4612280662893786,60.0,5.0
startup10,160.0,74098.33333333333,73854.91666666667,51461.166666666664,51217.75,6697.833333333333,7334.166666666666,9656.147222222222,69.44983018061585,69.1213252659754,-0.3285049146404422,1.4531675705717688,60.0,5.0
startup10,170.0,74098.33333333333,73248.83333333333,51178.25,50328.75,6647.5,7347.333333333333,9656.147222222222,69.06801772419533,67.92156818641895,-1.1464495377763784,1.449318554415394,60.0,5.0
startup10,180.0,74098.33333333333,75586.08333333333,51250.0,52737.75,6671.666666666666,7318.5,9656.147222222222,69.16484851211229,71.17265345599317,2.007804943880879,1.4488352698755802,60.0,5.0
startup10,190.0,74098.33333333333,70619.91666666667,51883.166666666664,48404.75,6761.666666666666,7038.5,9656.147222222222,70.01934366494973,65.32501855642278,-4.694325108526945,1.429158685040301,60.0,5.0
startup10,200.0,74098.33333333333,70378.25,51803.166666666664,48083.08333333333,6720.0,7069.166666666666,9656.147222222222,69.91137902336985,64.89091072673699,-5.020468296632846,1.4280195143393113,60.0,5.0
startup10,210.0,74098.33333333333,71064.58333333333,51591.58333333333,48557.83333333333,6727.833333333333,6997.333333333333,9656.147222222222,69.62583503902472,65.53161339661261,-4.09422164241211,1.4213916120790067,60.0,5.0
startup10,220.0,74098.33333333333,72067.58333333333,51717.83333333333,49687.08333333333,6729.333333333333,7116.333333333333,9656.147222222222,69.79621673901798,67.05560179041365,-2.7406149486043323,1.4338707093034864,60.0,5.0
startup10,230.0,74098.33333333333,72007.16666666667,51820.58333333333,49729.416666666664,6761.5,7165.666666666666,9656.147222222222,69.93488382554713,67.11273307991632,-2.822150745630793,1.4423109285880928,60.0,5.0
startup10,240.0,74098.33333333333,72343.91666666667,52115.416666666664,50361.0,6781.666666666666,6991.5,9656.147222222222,70.33277851503632,67.96509143255584,-2.3676870824804745,1.4263625387742351,60.0,5.0
startup10,250.0,74098.33333333333,68984.33333333333,52191.916666666664,47077.916666666664,6763.0,6897.833333333333,9656.147222222222,70.43601970354709,63.53437999055309,-6.901639712993995,1.4147291894944296,60.0,5.0
startup10,260.0,74098.33333333333,72849.41666666667,51810.166666666664,50561.25,6738.666666666666,7199.833333333333,9656.147222222222,69.92082592950808,68.23534042601048,-1.6854855034975915,1.443484619613355,60.0,5.0
startup10,270.0,74098.33333333333,73046.91666666667,51667.0,50615.58333333333,6669.833333333333,7177.0,9656.147222222222,69.72761420634743,68.30866641175015,-1.4189477945972564,1.4339915304384396,60.0,5.0
startup10,280.0,74098.33333333333,72629.41666666667,51677.25,50208.33333333333,6748.833333333333,7197.166666666666,9656.147222222222,69.74144717604985,67.75905890820756,-1.9823882678422686,1.4442613269094846,60.0,5.0
startup10,290.0,74098.33333333333,73136.16666666667,51583.0,50620.83333333333,6721.333333333333,6875.5,9656.147222222222,69.61425133268855,68.31575159135383,-1.2984997413347,1.4081012872341252,60.0,5.0
startup10,0.0,74098.33333333333,77368.58333333333,57768.58333333333,61038.83333333333,7732.666666666666,8555.833333333332,9656.147222222222,77.96205492701141,82.37544704109405,4.413392114082638,1.6868529057339121,60.0,10.0
startup10,10.0,74098.33333333333,74954.66666666667,57821.416666666664,58677.75,7665.666666666666,8415.333333333332,9656.147222222222,78.03335657572144,79.18902809329946,1.1556715175780063,1.665364003874331,60.0,10.0
startup10,20.0,74098.33333333333,76105.58333333333,57612.0,59619.25,7667.666666666666,8598.666666666666,9656.147222222222,77.75073663375245,80.4596369688927,2.7089003351402416,1.684557304169796,60.0,10.0
startup10,30.0,74098.33333333333,75216.66666666667,57438.0,58556.33333333333,7662.333333333333,8646.666666666666,9656.147222222222,77.51591353831621,79.02516925706831,1.5092557187521218,1.688975905676666,60.0,10.0
startup10,40.0,74098.33333333333,70009.33333333333,57817.08333333333,53728.08333333333,7713.0,8354.5,9656.147222222222,78.02750849096921,72.50916574821746,-5.5183427427517495,1.6639659307412982,60.0,10.0
startup10,50.0,74098.33333333333,67903.83333333333,58082.33333333333,51887.83333333333,7695.333333333333,8324.333333333332,9656.147222222222,78.38547875570751,70.02564160237522,-8.359837153332284,1.6590122642082057,60.0,10.0
startup10,60.0,74098.33333333333,72027.91666666667,57911.416666666664,55841.0,7766.833333333333,8585.333333333332,9656.147222222222,78.15481679749881,75.36066938077781,-2.7941474167210107,1.693446287669944,60.0,10.0
startup10,70.0,74098.33333333333,73380.41666666667,57937.5,57219.58333333333,7734.833333333333,8581.333333333332,9656.147222222222,78.1900177691806,77.22114757416946,-0.9688701950111208,1.6897180926485227,60.0,10.0
startup10,80.0,74098.33333333333,71576.83333333333,58033.0,55511.5,7746.666666666666,8471.333333333332,9656.147222222222,78.31890056006658,74.91599001327066,-3.4029105467959244,1.6795518571502954,60.0,10.0
startup10,90.0,74098.33333333333,71141.25,58522.33333333333,55565.25,7745.833333333333,8682.5,9656.147222222222,78.97928428439685,74.98852875683214,-3.9907555275647164,1.701334181766192,60.0,10.0
startup10,100.0,74098.33333333333,68630.08333333333,58457.916666666664,52989.666666666664,7758.833333333333,8465.0,9656.147222222222,78.89235025529139,71.51262961380148,-7.379720641489913,1.6801559628250626,60.0,10.0
startup10,110.0,74098.33333333333,68633.91666666667,58330.0,52865.58333333333,7724.666666666666,8607.0,9656.147222222222,78.7197192919319,71.34517195618434,-7.37454733574753,1.6913232877271904,60.0,10.0
startup10,120.0,74098.33333333333,73752.16666666667,58436.166666666664,58090.0,7774.5,8623.666666666666,9656.147222222222,78.86299736836186,78.39582536719224,-0.4671720011696039,1.698210092419538,60.0,10.0
startup10,130.0,74098.33333333333,74259.58333333333,58772.83333333333,58934.08333333333,7830.333333333333,8802.833333333332,9656.147222222222,79.31734856834387,79.53496479902832,0.21761623068445085,1.7225469210315936,60.0,10.0
startup10,140.0,74098.33333333333,80728.41666666667,58235.25,64865.33333333333,7730.333333333333,9258.666666666666,9656.147222222222,78.59184866956072,87.5395308036618,8.947682134101095,1.7593973671924017,60.0,10.0
startup10,150.0,74098.33333333333,77282.5,58440.916666666664,61625.08333333333,7778.333333333333,9006.0,9656.147222222222,78.86940776895567,83.16662543017162,4.297217661215958,1.7382018880891361,60.0,10.0
startup10,160.0,74098.33333333333,74332.91666666667,58415.08333333333,58649.666666666664,7734.333333333333,8814.0,9656.147222222222,78.83454418677883,79.15112800557817,0.3165838187993563,1.713761498504263,60.0,10.0
startup10,170.0,74098.33333333333,70840.83333333333,58293.83333333333,55036.33333333333,7699.333333333333,8707.5,9656.147222222222,78.67091027688433,74.27472502755347,-4.396185249330845,1.699107620850621,60.0,10.0
startup10,180.0,74098.33333333333,72782.66666666667,58377.75,57062.08333333333,7762.5,8907.833333333332,9656.147222222222,78.7841606873749,77.00859218605906,-1.775568501315806,1.7263959371879685,60.0,10.0
startup10,190.0,74098.33333333333,71754.5,58428.416666666664,56084.58333333333,7767.0,8642.333333333332,9656.147222222222,78.8525382937088,75.68939922175488,-3.1631390719539287,1.6993665232826642,60.0,10.0
startup10,200.0,74098.33333333333,71828.91666666667,58280.58333333333,56011.166666666664,7786.666666666666,8721.666666666666,9656.147222222222,78.65302863312266,75.59031917047167,-3.062709462650969,1.7096190595915728,60.0,10.0
startup10,210.0,74098.33333333333,74033.25,57986.33333333333,57921.25,7728.0,8808.833333333332,9656.147222222222,78.25592118581164,78.16808745135968,-0.08783373445196044,1.7125705473168646,60.0,10.0
startup10,220.0,74098.33333333333,78811.0,57796.416666666664,62509.08333333333,7766.666666666666,8970.5,9656.147222222222,77.99961762522773,84.35963471962933,6.360017094401591,1.7333172622045885,60.0,10.0
startup10,230.0,74098.33333333333,78845.41666666667,57998.5,62745.58333333333,7834.333333333333,9118.833333333332,9656.147222222222,78.27234080838525,84.67880519129984,6.406464382914609,1.7556864323331163,60.0,10.0
startup10,240.0,74098.33333333333,72888.5,58613.0,57403.166666666664,7895.666666666666,8505.5,9656.147222222222,79.10164421152074,77.46890393396163,-1.632740277559093,1.6985207753379898,60.0,10.0
startup10,250.0,74098.33333333333,69057.08333333333,58450.58333333333,53409.33333333333,7873.666666666666,8413.5,9656.147222222222,78.8824534964799,72.07899412942261,-6.80345936705729,1.6867148244368224,60.0,10.0
startup10,260.0,74098.33333333333,74214.16666666667,58542.25,58658.08333333333,7879.0,8843.666666666666,9656.147222222222,79.00616298162352,79.16248678557773,0.1563238039542181,1.7318156280987382,60.0,10.0
startup10,270.0,74098.33333333333,76153.91666666667,58296.416666666664,60352.0,7836.5,8837.833333333332,9656.147222222222,78.674396635102,81.44852560786343,2.7741289727614338,1.7268101810792376,60.0,10.0
startup10,280.0,74098.33333333333,74410.25,57886.5,58198.416666666664,7852.0,8705.333333333332,9656.147222222222,78.12119031017342,78.54213994916664,0.4209496389932363,1.7146935472596183,60.0,10.0
startup10,290.0,74098.33333333333,73446.41666666667,57972.75,57320.83333333333,7841.666666666666,8586.666666666666,9656.147222222222,78.23758968937673,77.357790323669,-0.8797993657077177,1.701334181766192,60.0,10.0
startup10,300.0,74098.33333333333,73900.66666666667,58334.5,58136.83333333333,7898.5,8621.833333333332,9656.147222222222,78.72579230302077,78.4590296677838,-0.2667626352369468,1.7108617912653798,60.0,10.0
startup10,310.0,74098.33333333333,76780.75,58113.33333333333,60795.75,7898.5,8817.5,9656.147222222222,78.4273150543197,82.04739197912684,3.6200769248071323,1.7311252216132902,60.0,10.0
startup10,320.0,74098.33333333333,73648.41666666667,58417.0,57967.08333333333,7909.833333333333,8658.333333333332,9656.147222222222,78.83713083965002,78.22994219393149,-0.6071886457185142,1.7158154577984719,60.0,10.0
startup10,330.0,74098.33333333333,72957.75,58461.0,57320.416666666664,7899.833333333333,8655.5,9656.147222222222,78.89651139251896,77.35722800782743,-1.539283384691507,1.7144864253139838,60.0,10.0
startup10,340.0,74098.33333333333,72361.0,58198.666666666664,56461.33333333333,7873.833333333333,8526.833333333332,9656.147222222222,78.54247733867159,76.19784520569513,-2.344632132976444,1.6984689948515812,60.0,10.0
startup10,350.0,74098.33333333333,71708.83333333333,58337.916666666664,55948.416666666664,7896.5,8347.833333333332,9656.147222222222,78.73040329292157,75.50563440473245,-3.2247688881891183,1.6822789627678165,60.0,10.0
startup10,360.0,74098.33333333333,70100.08333333333,58511.33333333333,54513.08333333333,7966.333333333333,8403.5,9656.147222222222,78.96443914617963,73.56856879372006,-5.3958703524595695,1.6952758648563824,60.0,10.0
startup10,370.0,74098.33333333333,71862.58333333333,58664.25,56428.5,7820.5,8541.833333333332,9656.147222222222,79.17080906003284,76.15353471738007,-3.0172743426527813,1.694499157560253,60.0,10.0
startup10,380.0,74098.33333333333,72532.5,58623.916666666664,57058.08333333333,7957.833333333333,8480.166666666666,9656.147222222222,79.11637688656964,77.00319395398007,-2.1131829325895706,1.7023352711700923,60.0,10.0
startup10,390.0,74098.33333333333,68672.83333333333,58908.83333333333,53483.33333333333,7892.0,8538.666666666666,9656.147222222222,79.50088845902967,72.17886142288401,-7.322027036145663,1.7015758240360987,60.0,10.0
startup10,400.0,74098.33333333333,68301.5,58812.166666666664,53015.33333333333,7850.166666666666,8293.666666666666,9656.147222222222,79.3704311837873,71.54726826964169,-7.823162914145611,1.671871084999682,60.0,10.0
startup10,410.0,74098.33333333333,70339.41666666667,58945.0,55186.08333333333,7863.833333333333,8396.666666666666,9656.147222222222,79.54969747407725,74.47682134101082,-5.072876133066408,1.683953198495029,60.0,10.0
startup10,420.0,74098.33333333333,70400.75,58945.08333333333,55247.5,7965.333333333333,8335.833333333332,9656.147222222222,79.54980993724556,74.55970669605705,-4.990103241188504,1.6881646780562638,60.0,10.0
startup10,430.0,74098.33333333333,68849.5,59107.0,53858.166666666664,7899.833333333333,8352.166666666666,9656.147222222222,79.76832587327651,72.68472075395307,-7.083605119323415,1.6830729302260823,60.0,10.0
startup10,440.0,74098.33333333333,64757.75,59055.08333333333,49714.5,7923.0,8344.833333333332,9656.147222222222,79.6982613194179,67.09260217278842,-12.605659146629472,1.684712645629022,60.0,10.0
startup10,450.0,74098.33333333333,67472.66666666667,58919.08333333333,52293.416666666664,7943.5,8611.166666666666,9656.147222222222,79.51472142873209,70.57299984255157,-8.941721586180513,1.714417384665439,60.0,10.0
startup10,460.0,74098.33333333333,72628.75,58820.08333333333,57350.5,7858.333333333333,8777.0,9656.147222222222,79.38111518477699,77.39782721158821,-1.9832879731887743,1.7227713031393646,60.0,10.0
startup10,470.0,74098.33333333333,75378.58333333333,58544.416666666664,59824.666666666664,7780.666666666666,8956.833333333332,9656.147222222222,79.00908702399964,80.7368586787827,1.7277716547830586,1.7333517825288611,60.0,10.0
startup10,480.0,74098.33333333333,77743.66666666667,58584.0,62229.33333333333,7827.833333333333,8717.666666666666,9656.147222222222,79.06250702894802,83.98209586360467,4.919588834656663,1.7134680757479477,60.0,10.0
startup10,490.0,74098.33333333333,69154.58333333333,59350.5,54406.75,7936.833333333333,8390.333333333332,9656.147222222222,80.09694325108528,73.42506579095347,-6.671877460131808,1.6908572633495127,60.0,10.0
startup10,500.0,74098.33333333333,68890.16666666667,59288.5,54080.33333333333,7829.166666666666,8379.5,9656.147222222222,80.01327065386087,72.98454756067387,-7.028723093186969,1.6785852880706678,60.0,10.0
startup10,510.0,74098.33333333333,66553.66666666667,59337.83333333333,51793.166666666664,7882.5,8033.166666666666,9656.147222222222,80.07984884950179,69.89788344317236,-10.181965406329414,1.648241923035211,60.0,10.0
startup10,520.0,74098.33333333333,64420.25,59586.666666666664,49908.58333333333,7862.0,8164.333333333333,9656.147222222222,80.41566387008254,67.35452889178794,-13.061134978294602,1.6597026706936542,60.0,10.0
startup10,530.0,74098.33333333333,64257.416666666664,59618.83333333333,49777.916666666664,7862.0,8084.833333333333,9656.147222222222,80.45907465305113,67.17818664387413,-13.280888009176993,1.6514695733546823,60.0,10.0
startup10,540.0,74098.33333333333,71001.0,59521.83333333333,56424.5,7829.666666666666,8329.666666666666,9656.147222222222,80.32816752513551,76.14813648530107,-4.180031039834448,1.6734762800783496,60.0,10.0
startup10,550.0,74098.33333333333,68232.58333333333,59581.33333333333,53715.58333333333,7822.0,8267.666666666666,9656.147222222222,80.40846622731056,72.4922962729706,-7.916169954339954,1.666261532305414,60.0,10.0
startup10,560.0,74098.33333333333,70316.5,59151.5,55369.666666666664,7804.666666666666,8425.333333333332,9656.147222222222,79.82838120515531,74.72457770080298,-5.103803504352318,1.6807945888241025,60.0,10.0
startup10,570.0,74098.33333333333,68549.0,59137.166666666664,53587.83333333333,7759.0,8403.333333333332,9656.147222222222,79.80903754020558,72.31989023594772,-7.489147304257849,1.6737869629968014,60.0,10.0
startup10,580.0,74098.33333333333,70202.41666666667,59167.916666666664,55272.0,7803.666666666666,8560.333333333332,9656.147222222222,79.85053644931284,74.59277086754089,-5.257765581771957,1.694671759181615,60.0,10.0
startup10,590.0,74098.33333333333,72792.0,58931.666666666664,57625.33333333333,7793.333333333333,8026.499999999999,9656.147222222222,79.53170336714726,77.76873074068243,-1.7629726264648264,1.6383173298068903,60.0,10.0
startup10,0.0,197519.66666666666,197259.25,54061.5,53801.08333333333,6205.166666666666,6336.166666666666,9656.147222222222,27.37018592241448,27.238342511041093,-0.13184341137337732,1.298792680425509,65.0,1.0
startup10,10.0,197519.66666666666,196016.33333333334,54448.166666666664,52944.83333333333,6185.833333333333,6358.5,9656.147222222222,27.565947019621674,26.804841374445413,-0.7611056451762511,1.2991033633439608,65.0,1.0
startup10,20.0,197519.66666666666,196921.75,54132.75,53534.83333333333,6163.5,6409.666666666666,9656.147222222222,27.406258279766234,27.10354580725295,-0.3027124725132807,1.302089371393525,65.0,1.0
startup10,30.0,197519.66666666666,196348.83333333334,54447.916666666664,53277.08333333333,6245.833333333333,6366.333333333333,9656.147222222222,27.565820449946756,26.97305247241203,-0.5927679775347167,1.306128249333398,65.0,1.0
startup10,40.0,197519.66666666666,195472.83333333334,54793.83333333333,52747.0,6258.833333333333,6310.0,9656.147222222222,27.74095069014225,26.704682571693283,-1.0362681184489548,1.3016406071779836,65.0,1.0
startup10,50.0,197519.66666666666,194951.91666666666,54791.166666666664,52223.416666666664,6237.5,6309.333333333333,9656.147222222222,27.73960061360978,26.439603482522415,-1.2999971310873686,1.2993622657760038,65.0,1.0
startup10,0.0,197519.66666666666,198462.91666666666,85251.75,86195.0,10562.166666666666,11133.5,9656.147222222222,43.16114513491484,43.638692518382136,0.4775473834673003,2.246824345918964,65.0,2.5
startup10,10.0,197519.66666666666,199284.41666666666,85058.33333333333,86823.08333333333,10576.333333333332,11166.333333333332,9656.147222222222,43.06322239641959,43.95667773166891,0.893455335249317,2.2516917116413753,65.0,2.5
startup10,20.0,197519.66666666666,198763.08333333334,84793.91666666666,86037.33333333333,10574.666666666666,11177.5,9656.147222222222,42.92935387024752,43.55886924340023,0.6295153731527254,2.252675540883139,65.0,2.5
startup10,30.0,197519.66666666666,199566.3333333333,84982.25,87028.91666666666,10684.833333333332,11189.0,9656.147222222222,43.02470302535275,44.060886764018434,1.0361837386656807,2.2652754592425723,65.0,2.5
startup10,40.0,197519.66666666666,194176.0,85769.58333333333,82425.91666666666,10714.5,10945.5,9656.147222222222,43.42331312156257,41.73048590941999,-1.6928272121425836,2.2431306712218153,65.0,2.5
startup10,50.0,197519.66666666666,193063.08333333334,85648.41666666666,81191.83333333333,10660.5,10912.333333333332,9656.147222222222,43.36196901911877,41.105695804130896,-2.256273214987865,2.2341036064245774,65.0,2.5
startup10,60.0,197519.66666666666,193996.66666666666,85231.5,81708.5,10652.0,10919.833333333332,9656.147222222222,43.150892991246444,41.367273132295686,-1.7836198589507544,2.23400004545176,65.0,2.5
startup10,70.0,197519.66666666666,195930.83333333334,85440.83333333333,83852.0,10722.166666666666,11061.666666666666,9656.147222222222,43.256873999044814,42.45248152504645,-0.80439247399836,2.255954971689019,65.0,2.5
startup10,80.0,197519.66666666666,195682.91666666666,85896.0,84059.25,10635.0,11208.333333333332,9656.147222222222,43.487315187179675,42.55740778555385,-0.9299074016258297,2.2621168495716457,65.0,2.5
startup10,90.0,197519.66666666666,194173.91666666666,86602.75,83257.0,10695.833333333332,11035.0,9656.147222222222,43.84512765817413,42.15124569874055,-1.6938819594335754,2.2504662401297044,65.0,2.5
startup10,100.0,197519.66666666666,191481.5833333333,86463.66666666666,80425.58333333333,10672.666666666666,10824.5,9656.147222222222,43.774712729027826,40.717759750505856,-3.056952978521975,2.2262674928147383,65.0,2.5
startup10,110.0,197519.66666666666,193373.33333333334,86643.33333333333,82497.0,10707.0,10928.166666666666,9656.147222222222,43.86567413540255,41.76647388698847,-2.099200248414072,2.24055890706352,65.0,2.5
startup10,120.0,197519.66666666666,195463.58333333334,86348.83333333333,84292.75,10689.833333333332,11006.166666666666,9656.147222222222,43.71657505834862,42.675623861927676,-1.0409511964209373,2.2468588662432367,65.0,2.5
startup10,130.0,197519.66666666666,195743.66666666666,86418.25,84642.25,10552.833333333332,11171.0,9656.147222222222,43.75171923808431,42.85256826746367,-0.8991509706206471,2.2497413133199835,65.0,2.5
startup10,140.0,197519.66666666666,196465.58333333334,85971.25,84917.16666666666,10587.166666666666,11056.5,9656.147222222222,43.52541265933013,42.991752719982316,-0.533659939347802,2.2414391753324665,65.0,2.5
startup10,0.0,197519.66666666666,197035.75,92566.08333333333,92082.16666666666,11746.833333333332,12074.0,9656.147222222222,46.864236303895474,46.619239603145004,-0.2449967007504689,2.466908673317774,65.0,3.0
startup10,10.0,197519.66666666666,192758.5,92808.91666666666,88047.75,11699.333333333332,12102.833333333332,9656.147222222222,46.98717764813293,44.57670037920275,-2.410477268930178,2.4649755351585187,65.0,3.0
startup10,20.0,197519.66666666666,195900.25,92304.0,90684.58333333333,11658.333333333332,12204.833333333332,9656.147222222222,46.731549094689306,45.91167293045924,-0.8198761642300549,2.4712927545003716,65.0,3.0
startup10,30.0,197519.66666666666,195314.16666666666,92332.25,90126.75,11729.333333333332,12161.666666666666,9656.147222222222,46.74585146795509,45.62925379582455,-1.116597672130539,2.474175201577119,65.0,3.0
startup10,40.0,197519.66666666666,197056.83333333334,92177.5,91714.66666666666,11708.833333333332,12340.833333333332,9656.147222222222,46.66750483918057,46.433182181014885,-0.23432265816567496,2.49060687593079,65.0,3.0
startup10,50.0,197519.66666666666,196793.16666666666,92811.58333333333,92085.08333333333,11749.833333333332,12071.166666666666,9656.147222222222,46.98852772466539,46.620716249352384,-0.36781147531300684,2.4669259334799105,65.0,3.0
startup10,60.0,197519.66666666666,197475.91666666666,91914.91666666666,91871.16666666666,11642.0,12265.333333333332,9656.147222222222,46.53456449062456,46.512414797513834,-0.022149693110728216,2.475866697466467,65.0,3.0
startup10,70.0,197519.66666666666,197654.41666666666,92316.66666666666,92451.41666666666,11733.5,12222.666666666666,9656.147222222222,46.737961958218506,46.80618301299955,0.0682210547810429,2.4809239249723762,65.0,3.0
startup10,80.0,197519.66666666666,197450.83333333334,92055.25,91986.41666666666,11748.166666666666,12273.666666666666,9656.147222222222,46.60561226814545,46.570763417651236,-0.03484885049420257,2.487724428854043,65.0,3.0
startup10,90.0,197519.66666666666,195911.08333333334,92354.25,90745.66666666666,11699.166666666666,12328.0,9656.147222222222,46.75698959934792,45.94259812103098,-0.8143914783169173,2.488276754042402,65.0,3.0
startup10,100.0,197519.66666666666,193710.0,93092.33333333333,89282.66666666666,11725.833333333332,12236.5,9656.147222222222,47.1306654695988,45.201912383408235,-1.9287530861905686,2.4815625509714163,65.0,3.0
startup10,110.0,197519.66666666666,194733.0,92761.58333333333,89974.91666666666,11684.666666666666,12250.833333333332,9656.147222222222,46.963213789681696,45.552383813257414,-1.4108299764242838,2.478783664867487,65.0,3.0
startup10,120.0,197519.66666666666,196028.0833333333,92907.16666666666,91415.58333333333,11670.0,12246.166666666666,9656.147222222222,47.036919530375876,46.28176265992078,-0.7551568704550988,2.476781486059686,65.0,3.0
startup10,130.0,197519.66666666666,195414.0,92659.75,90554.08333333333,11588.166666666666,12266.0,9656.147222222222,46.91165774209826,45.845603560151815,-1.0660541819464342,2.470360705745016,65.0,3.0
startup10,140.0,197519.66666666666,195650.91666666666,92661.58333333333,90792.83333333333,11612.5,12339.5,9656.147222222222,46.91258591971432,45.966477599698926,-0.9461083200153909,2.4804924209189716,65.0,3.0
startup10,150.0,197519.66666666666,195825.25,92580.41666666666,90886.0,11771.5,12127.166666666666,9656.147222222222,46.87149296525747,46.01364589855188,-0.857847066705589,2.474969169035384,65.0,3.0
startup10,160.0,197519.66666666666,194414.5,92755.75,89650.58333333333,11792.5,11890.333333333332,9656.147222222222,46.960260497266944,45.38818075499655,-1.5720797422703852,2.4526172590689925,65.0,3.0
startup10,170.0,197519.66666666666,191580.83333333334,92726.58333333333,86787.75,11692.666666666666,12066.0,9656.147222222222,46.945494035193114,43.938789217613774,-3.0067048175793367,2.460470632840968,65.0,3.0
startup10,0.0,197519.66666666666,199349.41666666666,110636.91666666666,112466.66666666666,14691.0,15569.166666666666,9656.147222222222,56.01311430591721,56.93947775664533,0.9263634507281132,3.133772297612373,65.0,5.0
startup10,10.0,197519.66666666666,198750.41666666666,110412.33333333333,111643.08333333333,14732.833333333332,15555.833333333332,9656.147222222222,55.899412547948806,56.52251505757232,0.6231025096235143,3.1367237853376646,65.0,5.0
startup10,20.0,197519.66666666666,199041.75,110479.75,112001.83333333333,14820.666666666666,15692.833333333332,9656.147222222222,55.93354417028515,56.704142541080294,0.7705983707951494,3.160007744059412,65.0,5.0
startup10,30.0,197519.66666666666,198253.25,110348.08333333333,111081.66666666666,14891.166666666666,15492.5,9656.147222222222,55.866884141494765,56.238281757597136,0.3713976161023677,3.1465620777553043,65.0,5.0
startup10,40.0,197519.66666666666,194198.08333333334,110614.08333333333,107292.5,14875.833333333332,15352.5,9656.147222222222,56.001554275607994,54.319907384749875,-1.6816468908581157,3.130475606644357,65.0,5.0
startup10,50.0,197519.66666666666,191425.66666666666,110771.5,104677.5,14813.5,15219.666666666666,9656.147222222222,56.08125098091498,52.99598858510292,-3.085262395812063,3.1102639567828554,65.0,5.0
startup10,60.0,197519.66666666666,193632.91666666666,110662.33333333333,106775.58333333333,14805.166666666666,15374.5,9656.147222222222,56.025982222867256,54.05820348691016,-1.9677787359570946,3.1254356393005835,65.0,5.0
startup10,70.0,197519.66666666666,196592.25,110743.66666666666,109816.25,14811.166666666666,15574.333333333332,9656.147222222222,56.067159557107395,55.597628253051596,-0.4695313040557938,3.146751939538803,65.0,5.0
startup10,80.0,197519.66666666666,196023.75,111012.41666666666,109516.5,14795.833333333332,15753.333333333332,9656.147222222222,56.20322195764472,55.44587121282438,-0.7573507448203421,3.1637014187565606,65.0,5.0
startup10,90.0,197519.66666666666,193658.16666666666,111740.25,107878.75,14798.833333333332,15585.166666666666,9656.147222222222,56.571708471223964,54.616713272433635,-1.9549951987903316,3.146596598079577,65.0,5.0
startup10,100.0,197519.66666666666,190542.58333333334,111650.25,104673.16666666666,14824.166666666666,15234.666666666666,9656.147222222222,56.526143388253324,52.99379471073767,-3.532348677515647,3.1129220217518316,65.0,5.0
startup10,110.0,197519.66666666666,191264.25,111738.75,105483.33333333333,14836.666666666666,15299.666666666666,9656.147222222222,56.57094905317445,53.40396483725671,-3.166984215917735,3.1209479971451692,65.0,5.0
startup10,120.0,197519.66666666666,194924.25,111835.41666666666,109240.0,14747.166666666666,15553.666666666666,9656.147222222222,56.61988932747625,55.305885152364574,-1.3140041751116718,3.1379837771736083,65.0,5.0
startup10,130.0,197519.66666666666,195652.66666666666,111651.83333333333,109784.83333333333,14606.833333333332,15858.333333333332,9656.147222222222,56.526944996194466,55.581722663903506,-0.9452223322909618,3.155002297039911,65.0,5.0
startup10,140.0,197519.66666666666,197006.25,111015.83333333333,110502.41666666666,14633.333333333332,15794.499999999998,9656.147222222222,56.20495174320194,55.94501982081109,-0.2599319223908456,3.1511360207213994,65.0,5.0
startup10,150.0,197519.66666666666,197017.66666666666,111270.58333333333,110768.58333333333,14722.0,15874.166666666666,9656.147222222222,56.333926241943836,56.079774334707594,-0.2541519072362415,3.1685687844789716,65.0,5.0
startup10,160.0,197519.66666666666,198362.5,111331.83333333333,112174.66666666666,14697.5,15926.833333333332,9656.147222222222,56.36493581229885,56.791644376340585,0.426708564041729,3.1714857518799913,65.0,5.0
startup10,170.0,197519.66666666666,197563.0,110975.58333333333,111018.91666666666,14656.166666666666,15903.0,9656.147222222222,56.18457402554007,56.20651276919261,0.021938743652535717,3.164737028484733,65.0,5.0
startup10,180.0,197519.66666666666,200023.0,111304.33333333333,113807.66666666666,14725.166666666666,16082.0,9656.147222222222,56.351013148057824,57.61839749290788,1.2673843448500537,3.1904201497434133,65.0,5.0
startup10,190.0,197519.66666666666,193233.75,112281.75,107995.83333333333,14791.0,15660.0,9656.147222222222,56.84585838709732,54.6759900701871,-2.16986831691021,3.153535183258333,65.0,5.0
startup10,200.0,197519.66666666666,193147.75,111913.75,107541.83333333333,14722.0,15676.5,9656.147222222222,56.659547825617366,54.4461395405352,-2.213408285082156,3.1480982321854274,65.0,5.0
startup10,210.0,197519.66666666666,193523.58333333334,111485.75,107489.66666666666,14673.5,15580.333333333332,9656.147222222222,56.442860542156986,54.41972866836889,-2.0231318737880857,3.133116411451197,65.0,5.0
startup10,220.0,197519.66666666666,194208.33333333334,112180.41666666666,108869.08333333333,14860.666666666666,15634.166666666666,9656.147222222222,56.79455547886371,55.11809794467724,-1.6764575341864594,3.1580746059001563,65.0,5.0
startup10,230.0,197519.66666666666,194811.66666666666,112323.0,109615.0,14706.666666666666,15797.666666666666,9656.147222222222,56.86674238345886,55.495739664742246,-1.3710027187166174,3.15905843514192,65.0,5.0
startup10,240.0,197519.66666666666,194248.5,112501.66666666666,109230.5,14804.333333333332,15517.333333333332,9656.147222222222,56.95719751113391,55.30107550471767,-1.6561220064162339,3.140141297440634,65.0,5.0
startup10,250.0,197519.66666666666,190350.58333333334,112458.16666666666,105289.08333333333,14704.833333333332,15387.333333333332,9656.147222222222,56.935174387698105,53.30562019984507,-3.629554187853014,3.1163740541790736,65.0,5.0
startup10,260.0,197519.66666666666,194992.58333333334,112104.08333333333,109577.0,14740.333333333332,15567.833333333332,9656.147222222222,56.75590953812194,55.47650107415464,-1.2794084639672914,3.138743224307601,65.0,5.0
startup10,270.0,197519.66666666666,196037.41666666666,111785.91666666666,110303.66666666666,14855.666666666666,15575.833333333332,9656.147222222222,56.594828531842396,55.84439692925093,-0.7504316025914719,3.1515157442883965,65.0,5.0
startup10,280.0,197519.66666666666,195289.91666666666,111912.41666666666,109682.66666666666,14696.333333333332,15587.833333333332,9656.147222222222,56.658872787351136,55.5299978567535,-1.1288749305976282,3.136257760959987,65.0,5.0
startup10,290.0,197519.66666666666,195120.0833333333,111755.58333333333,109356.0,14772.5,15429.666666666666,9656.147222222222,56.579471411285624,55.36461348152674,-1.2148579297588982,3.127765761188972,65.0,5.0
startup10,0.0,197519.66666666666,200942.0833333333,132615.5,136037.91666666666,18161.833333333332,20116.5,9656.147222222222,67.14040289658921,68.8730995563311,1.7326966597418942,3.964141437823286,65.0,10.0
startup10,10.0,197519.66666666666,198261.66666666666,132405.5833333333,133147.5833333333,18179.166666666664,19931.166666666664,9656.147222222222,67.03412655954934,67.4097853547073,0.37565879515795053,3.946743194389987,65.0,10.0
startup10,20.0,197519.66666666666,199174.3333333333,132538.3333333333,134193.0,18310.833333333332,19956.166666666664,9656.147222222222,67.10133505693103,67.9390575453246,0.8377224883935559,3.962967746798024,65.0,10.0
startup10,30.0,197519.66666666666,198162.66666666666,132140.8333333333,132783.8333333333,18306.666666666664,19740.333333333332,9656.147222222222,66.9000892738107,67.22562647770096,0.32553720389024554,3.9401843327782275,65.0,10.0
startup10,40.0,197519.66666666666,192137.25,132997.41666666666,127615.0,18426.666666666664,19707.666666666664,9656.147222222222,67.33375916997295,64.60875625887043,-2.7250029111025182,3.949228657737601,65.0,10.0
startup10,50.0,197519.66666666666,189468.0,133408.0833333333,125356.41666666666,18400.5,19647.666666666664,9656.147222222222,67.54167095597231,63.46528362576554,-4.076387330206776,3.940305153913181,65.0,10.0
startup10,60.0,197519.66666666666,194527.41666666666,133169.66666666666,130177.41666666666,18380.166666666664,19876.333333333332,9656.147222222222,67.42096567599175,65.90605323689287,-1.5149124390988915,3.961880356583443,65.0,10.0
startup10,70.0,197519.66666666666,196114.3333333333,133011.5,131606.16666666666,18330.666666666664,19960.0,9656.147222222222,67.34088926166002,66.62939892905179,-0.7114903326082347,3.965418689821366,65.0,10.0
startup10,80.0,197519.66666666666,194278.5833333333,133352.91666666666,130111.83333333333,18201.0,20102.333333333332,9656.147222222222,67.51374124770697,65.87284979217259,-1.6408914555343905,3.9667304621437176,65.0,10.0
startup10,90.0,197519.66666666666,192640.16666666666,134373.41666666666,129493.91666666666,18305.166666666664,20005.5,9656.147222222222,68.03039866072407,65.56001174566583,-2.4703869150582474,3.967489909277711,65.0,10.0
startup10,100.0,197519.66666666666,189371.75,133969.16666666666,125821.25,18266.833333333332,19531.666666666664,9656.147222222222,67.82573549638096,63.700618841330574,-4.125116655050379,3.914449431033139,65.0,10.0
startup10,110.0,197519.66666666666,189483.91666666666,133904.66666666666,125868.91666666666,18249.666666666664,19607.333333333332,9656.147222222222,67.79308052025199,63.724751459348354,-4.06832906090364,3.920507747942948,65.0,10.0
startup10,120.0,197519.66666666666,196477.83333333334,133729.75,132687.91666666666,18220.333333333332,19984.0,9656.147222222222,67.70452393770073,67.17706591242391,-0.5274580252767981,3.956477925834809,65.0,10.0
startup10,130.0,197519.66666666666,198347.16666666666,133863.91666666666,134691.41666666666,18019.833333333332,20584.5,9656.147222222222,67.77244966324028,68.19139528722035,0.4189456239800594,3.997902314961712,65.0,10.0
startup10,140.0,197519.66666666666,206254.83333333334,133132.66666666666,141867.8333333333,18095.0,20446.333333333332,9656.147222222222,67.40223336410382,71.82466218553763,4.422428821433825,3.991377973674225,65.0,10.0
startup10,150.0,197519.66666666666,202240.5,133652.91666666666,138373.75,18247.666666666664,20483.5,9656.147222222222,67.66562485760912,70.0556822189858,2.390057361376678,4.011037298347368,65.0,10.0
startup10,160.0,197519.66666666666,198945.08333333334,133835.0833333333,135260.5,18278.5,20439.666666666664,9656.147222222222,67.75785196073302,68.47951005722638,0.7216580964933548,4.009691005700744,65.0,10.0
startup10,170.0,197519.66666666666,194302.8333333333,133888.0,130671.16666666666,18213.666666666664,20273.833333333332,9656.147222222222,67.7846425419241,66.1560283448568,-1.6286141970673012,3.9858029413042297,65.0,10.0
startup10,180.0,197519.66666666666,196811.83333333334,134195.16666666666,133487.3333333333,18341.166666666664,20602.0,9656.147222222222,67.94015448250722,67.58179354292146,-0.35836093958575294,4.032992224584627,65.0,10.0
startup10,190.0,197519.66666666666,193953.41666666666,134437.8333333333,130871.58333333333,18471.5,20106.333333333332,9656.147222222222,68.0630114469614,66.25749503424976,-1.8055164127116456,3.995157949182055,65.0,10.0
startup10,200.0,197519.66666666666,193907.25,134226.16666666666,130613.75,18626.666666666664,19874.333333333332,9656.147222222222,67.95584912219711,66.12695950951719,-1.828889612679914,3.9872010144372627,65.0,10.0
startup10,210.0,197519.66666666666,197285.5,133627.25,133393.0833333333,18441.666666666664,20140.833333333332,9656.147222222222,67.65263037098416,67.5340767754772,-0.11855359550694039,3.9956412337218694,65.0,10.0
startup10,220.0,197519.66666666666,201764.25,134116.91666666666,138361.5,18714.0,20111.5,9656.147222222222,67.90053817425775,70.0494803049148,2.1489421306570367,4.020806550116463,65.0,10.0
startup10,230.0,197519.66666666666,203006.91666666666,134457.0833333333,139944.3333333333,18664.333333333332,20511.333333333332,9656.147222222222,68.07275731193012,70.85083510671511,2.778077794784992,4.057070150764639,65.0,10.0
startup10,240.0,197519.66666666666,195260.08333333334,134863.8333333333,132604.25,18511.5,20160.0,9656.147222222222,68.27868617302244,67.13470726121787,-1.1439789118045531,4.004858160302605,65.0,10.0
startup10,250.0,197519.66666666666,190316.75,134770.91666666666,127568.0,18589.0,19982.5,9656.147222222222,68.23164444384442,64.58496115998577,-3.646683283858649,3.9945020630208794,65.0,10.0
startup10,260.0,197519.66666666666,195905.0,135069.41666666666,133454.75,18651.833333333332,20260.166666666664,9656.147222222222,68.38276863569703,67.56529729529043,-0.8174713404066044,4.0297645742651556,65.0,10.0
startup10,270.0,197519.66666666666,198613.75,134790.41666666666,135884.5,18759.0,19987.833333333332,9656.147222222222,68.24151687848806,68.79542796582281,0.5539110873347682,4.012659753588172,65.0,10.0
startup10,280.0,197519.66666666666,196911.66666666666,134278.41666666666,133670.41666666666,18516.666666666664,20046.833333333332,9656.147222222222,67.98230218425508,67.67448473485341,-0.30781744940166295,3.993673575238341,65.0,10.0
startup10,290.0,197519.66666666666,195108.75,134416.41666666666,132005.5,18596.0,19891.333333333332,9656.147222222222,68.05216864481005,66.83157288978819,-1.220595755021858,3.985785681142093,65.0,10.0
startup10,300.0,197519.66666666666,196257.25,134689.16666666666,133426.75,18544.166666666664,20008.5,9656.147222222222,68.19025616014608,67.55112149169956,-0.6391346684465127,3.9925516646994876,65.0,10.0
startup10,310.0,197519.66666666666,199289.83333333334,134714.16666666666,136484.3333333333,18642.0,20235.0,9656.147222222222,68.20291312763793,69.09911080584381,0.8961976782058931,4.026139940216552,65.0,10.0
startup10,320.0,197519.66666666666,196876.25,135041.41666666666,134398.0,18650.166666666664,20343.5,9656.147222222222,68.36859283210617,68.04284467875773,-0.32574815334843804,4.038222053711898,65.0,10.0
startup10,330.0,197519.66666666666,195703.41666666666,134992.75,133176.5,18679.833333333332,20079.5,9656.147222222222,68.34395393538871,67.4244252471062,-0.9195286882825171,4.013954265748387,65.0,10.0
startup10,340.0,197519.66666666666,193892.0,134772.66666666666,131145.0,18652.833333333332,19987.833333333332,9656.147222222222,68.23253043156883,66.3959200687189,-1.8366103628499393,4.001665030307406,65.0,10.0
startup10,350.0,197519.66666666666,191780.3333333333,134698.25,128958.91666666666,18607.5,19813.166666666664,9656.147222222222,68.19485485833478,65.28915264134035,-2.905702216994431,3.9788816162876093,65.0,10.0
startup10,360.0,197519.66666666666,191588.83333333334,134742.16666666666,128811.33333333333,18573.333333333332,19917.0,9656.147222222222,68.21708893122879,65.21443434324684,-3.0026545879819464,3.9860963640605447,65.0,10.0
startup10,370.0,197519.66666666666,193796.83333333334,135321.0833333333,131598.25,18711.833333333332,20229.166666666664,9656.147222222222,68.51018210844828,66.62539088934604,-1.8847912191022231,4.032767842476856,65.0,10.0
startup10,380.0,197519.66666666666,193877.91666666666,135393.66666666666,131751.91666666666,18768.833333333332,20289.0,9656.147222222222,68.54692950406626,66.70318904952924,-1.8437404545370166,4.044867216134339,65.0,10.0
startup10,390.0,197519.66666666666,190185.41666666666,135395.0833333333,128060.83333333333,18665.166666666664,20044.166666666664,9656.147222222222,68.54764673222412,64.83447217914166,-3.713174553082478,4.008776217107524,65.0,10.0
startup10,400.0,197519.66666666666,189004.41666666666,135636.8333333333,127121.58333333333,18705.0,19894.833333333332,9656.147222222222,68.67003960787027,64.35894991047304,-4.311089697397222,3.9974362905840346,65.0,10.0
startup10,410.0,197519.66666666666,190494.41666666666,135701.41666666666,128676.16666666666,18788.166666666664,19958.333333333332,9656.147222222222,68.70273677389088,65.1460023390076,-3.5567344348832775,4.0126252332639,65.0,10.0
startup10,420.0,197519.66666666666,190352.75,136001.0,128834.08333333333,18687.333333333332,20125.5,9656.147222222222,68.85440943433481,65.2259521836644,-3.6284572506703925,4.019494777794111,65.0,10.0
startup10,430.0,197519.66666666666,189841.8333333333,135698.75,128020.91666666666,18569.0,20102.666666666664,9656.147222222222,68.70138669735842,64.81426322104635,-3.8871234763120683,4.004875420464741,65.0,10.0
startup10,440.0,197519.66666666666,186439.25,135558.66666666666,124478.25,18640.833333333332,20269.666666666664,9656.147222222222,68.63046548951243,63.020686547668674,-5.609778941843761,4.02960923280593,65.0,10.0
startup10,450.0,197519.66666666666,190037.83333333334,135449.75,127967.91666666666,18651.666666666664,20354.833333333332,9656.147222222222,68.57532330113963,64.78743044996364,-3.7878928511759913,4.039551086196387,65.0,10.0
startup10,460.0,197519.66666666666,196390.91666666666,135113.66666666666,133984.91666666666,18583.666666666664,20595.166666666664,9656.147222222222,68.4051714681576,67.83370938590082,-0.571462082256788,4.057398093845227,65.0,10.0
startup10,470.0,197519.66666666666,200044.16666666666,134624.91666666666,137149.41666666666,18514.0,20676.333333333332,9656.147222222222,68.15772775369204,69.43582833101851,1.2781005773264773,4.058589045032626,65.0,10.0
startup10,480.0,197519.66666666666,201706.91666666666,134695.16666666666,138882.41666666666,18487.833333333332,20580.166666666664,9656.147222222222,68.19329383234412,70.31320931755319,2.119915485209068,4.0459200860246485,65.0,10.0
startup10,490.0,197519.66666666666,191374.8333333333,135754.16666666666,129609.33333333333,18455.333333333332,20204.5,9656.147222222222,68.72944297529867,65.61844474558652,-3.110998229712152,4.00364994895307,65.0,10.0
startup10,500.0,197519.66666666666,191888.08333333334,135185.3333333333,129553.74999999999,18225.333333333332,20610.333333333332,9656.147222222222,68.44145477496755,65.59030408786298,-2.8511506871045658,4.021859420006772,65.0,10.0
startup10,510.0,197519.66666666666,187281.83333333334,135437.0,125199.16666666666,18363.333333333332,20125.333333333332,9656.147222222222,68.5688682477188,63.38567130024183,-5.183196947476951,3.985923762439183,65.0,10.0
startup10,520.0,197519.66666666666,185126.5,135958.0833333333,123564.91666666666,18387.0,20219.833333333332,9656.147222222222,68.83268164014048,62.55828533529994,-6.274396304840526,3.9981612173937555,65.0,10.0
startup10,530.0,197519.66666666666,185002.75,135931.5,123414.58333333333,18282.666666666664,20262.666666666664,9656.147222222222,68.81922306470749,62.482174770782315,-6.3370482939251565,3.991792217565494,65.0,10.0
startup10,540.0,197519.66666666666,191638.5,135790.5833333333,129909.41666666666,18482.666666666664,19956.833333333332,9656.147222222222,68.74787995794512,65.77037054538029,-2.97750941256482,3.9808320146090015,65.0,10.0
startup10,550.0,197519.66666666666,188885.5833333333,135662.5833333333,127028.5,18255.0,19863.333333333332,9656.147222222222,68.68307628438687,64.31182380151175,-4.3712524828751285,3.9475716821725246,65.0,10.0
startup10,560.0,197519.66666666666,191977.91666666666,135093.5833333333,129551.83333333333,18223.333333333332,19859.166666666664,9656.147222222222,68.39500370427248,65.58933372035527,-2.8056699839172135,3.94386074731324,65.0,10.0
startup10,570.0,197519.66666666666,190865.33333333334,135006.3333333333,128352.0,18263.333333333332,20071.333333333332,9656.147222222222,68.35083088772595,64.98188366053002,-3.368947227195932,3.969975372625325,65.0,10.0
startup10,580.0,197519.66666666666,191916.5,135136.41666666666,129533.24999999999,18162.666666666664,20023.833333333332,9656.147222222222,68.41668930857519,65.57992537451966,-2.836763934055507,3.954631088486235,65.0,10.0
startup10,590.0,197519.66666666666,194061.0,134539.0,131080.3333333333,18149.5,19865.5,9656.147222222222,68.11422997541173,66.36318071280665,-1.751049262605069,3.9368703816480752,65.0,10.0
